R,p_alive,n_estimated,urgency,is_closed,effort
0,1,1.746637387,3,0,0.01199560802
0.01199560802,1,3.502566692,5,0,0.6181367208
0.627957894,0.5507298207,4.652260559,3,1,0.0499729909
0.5641014304,1,3.706804777,5,0,0.2949730827
0.7568202716,0.3358859665,3.907796815,1,1,0
0.6196320309,0.8586985166,2.610928725,1,1,0
0.5073117993,0.6571179125,4.092989887,5,1,0.2081086594
0.6234604308,1,1.777942321,3,0,0.006284953018
0.5167311811,0.03977427689,2.170060564,3,1,0
0.423063709,1,4.815198398,3,0,0.2724753329
0.618850602,1,2.464100155,3,0,0.04559119409
0.5522632135,1,1.001635811,5,0,0.0001831031786
0.4523379799,1,1.765148584,3,0,0.008090220832
0.3784332357,0.05901955617,4.812784302,5,1,0
0.3098349281,0.2446375489,4.067048721,1,1,0
0.253671384,0.6874806415,3.983026944,3,1,0.1199634346
0.3276519978,1,3.617599605,1,0,0
0.2682587669,0.05036155505,2.641969447,3,1,0
0.2196317023,0.2518518889,1.863750778,3,1,0
0.179819229,1,2.151733052,3,0,0.05967631824
0,1,4.05208955,1,0,0
0,1,1.780052232,3,0,0.01700783481
0.01700783481,1,3.558346532,3,0,0.278925973
0.2928508104,0.1803882782,1.809364412,1,1,0
0.2397659646,0.5941180215,1.943087145,5,1,0.0293494222
0.2256531909,1,4.889098395,3,0,0.3742919589
0.5590411658,0.7362787212,3.442743406,5,1,0.1691979675
0.6269021622,0.5375811331,2.201558659,5,1,0.01711739287
0.5303814723,1,3.385447098,5,0,0.2800625385
0.7143021608,1,3.04019862,1,0,0
0.584821146,1,4.663204215,3,0,0.1866148538
0.6654259111,0.5555279649,2.616241143,5,1,0.03792356465
0.5827282219,1,2.203260642,1,0,0
0.477097516,0.8114352836,4.681651881,1,1,0
0.3906144086,1,4.629947568,3,0,0.2708671027
0.5906751316,0.1323137593,2.535234776,5,1,0
0.4836038953,1,3.084077676,1,0,0
0.3959413814,0.886421263,4.61503299,1,1,0
0.3241693854,0.7859187976,1.910482381,1,1,0
0.265407445,1,1.619451911,1,0,0
0,1,4.373317354,5,0,0.8433293386
0.8433293386,1,3.598663386,3,0,0.04540308058
0.735862745,0.6211502579,3.268068432,3,1,0.01439395697
0.6168674164,0.2963514016,1.058261379,5,1,0
0.5050483244,0.5731599173,4.180342609,1,1,0
0.4134985949,0.8217390747,2.437652557,1,1,0
0.338544016,0.7103731011,4.246343422,3,1,0.1339271241
0.4111035213,0.1120772719,1.874074776,5,1,0
0.3365830956,0.3893114861,3.68635749,5,1,0.07217002571
0.347740957,0.2612283943,3.045754938,5,1,0
0.2847062156,0.04463514182,1.781142336,5,1,0
0.2330977343,0.3486245356,2.723053755,5,1,0
0.1908442836,0.4235544487,4.597806508,5,1,0.1916528606
0.3479029446,1,4.395506161,3,0,0.2669202299
0.5517590697,1,2.994526913,1,0,0
0.4517421186,0.1741743794,4.036317815,5,1,0
0.369855165,0.4348494973,2.912976392,1,1,0
0.3028117978,1,4.878852576,1,0,0
0.2479213312,1,2.529360271,3,0,0.09732201862
0.3003028368,1,4.510493991,5,0,0.6140706717
0,1,3.271580354,1,0,0
0,0.3974146357,3.410381164,3,1,0
0,0.5065257868,3.487519272,3,1,0.01497776645
0.01497776645,1,3.21592123,3,0,0.2289075285
0.2411702865,1,4.927473427,1,0,0
0.1974535303,1,1.735980852,1,0,0
0.1616612776,1,3.76500913,1,0,0
0.1323570595,0.8421502844,4.690500217,3,1,0.2971815145
0.4055463096,0.5655496344,2.200271061,1,1,0
0.3320332354,0.7173829843,2.735546154,1,1,0
0.2718458209,0.198641737,4.281817344,1,1,0
0.2225685337,0.493474702,1.835643492,5,1,0
0.1822237032,0.4810373849,2.852036555,5,1,0.07604015332
0.2252323031,1,1.357163139,1,0,0
0.1844046131,1,4.521690364,3,0,0.3492816236
0.5002593513,1,4.851362002,1,0,0
0.4095777155,1,4.094864451,3,0,0.2150493124
0.5503831839,1,3.429564805,5,0,0.2730932981
0.7237089367,0.2881386537,4.447729427,3,1,0
0.5925227627,1,1.690206683,1,0,0
0,0.2161489636,2.890626419,5,1,0
0,0.7584073751,4.850905425,5,1,0.6697406127
0.6697406127,1,1.106616074,1,0,0
0.5483372362,0.2044689718,3.117041436,1,1,0
0.4489405583,1,2.453461868,1,0,0
0.3675614414,1,3.662460062,3,0,0.1893325047
0.4902663605,0.6218783418,2.818082769,5,1,0.09589423213
0.4972903786,1,1.475051214,1,0,0
0.4071469262,0.1100623187,4.634223201,3,1,0
0.3333437095,1,4.528576536,3,0,0.2861865326
0.5591052789,0.5812200654,1.74311068,5,1,0.001447336501
0.4592040226,0.08799580821,1.12010232,5,1,0
0.3759644552,1,2.113666555,1,0,0
0.3078136616,1,1.6071763,5,0,0.105069785
0.3570862959,1,1.638742552,3,0,0
0.292357532,1,1.528666166,5,0,0.09352665765
0.33288876,0.1791905185,4.128058252,5,1,0
0.2725462652,1,1.479132921,5,0,0.0871367583
0.3102787672,0.396843933,2.739468318,1,1,0
0.2540347688,0.0305400014,1.207905351,3,1,0
0,0.3046944282,4.175986149,3,1,0
0,1,1.744149668,3,0,0.01162245024
0.01162245024,1,3.874562488,3,0,0.3273351993
0.3368508567,0.7658605684,1.01384266,5,1,0
0.2757901556,0.6481513854,2.775826049,3,1,0.01439245752
0.2401903393,0.9491778506,3.545817683,1,1,0
0.1966512174,0.3989489251,1.055502721,5,1,0
0.1610043993,1,4.960043236,3,0,0.414469268
0.5462885211,1,1.349605563,3,0,0
0.4472632122,0.3972746759,3.374149243,5,1,0.04704675093
0.4132348975,1,3.890272452,1,0,0
0.3383281188,0.03840631749,4.485229392,1,1,0
0.2769996355,0.2843628528,2.981283043,5,1,0
0.2267881202,0.6809140654,2.254925749,3,1,0
0.1856784084,1,4.10445295,5,0,0.6320057668
0.78402639,1,4.071442275,3,0,0.07790521041
0.7198117271,0.5802583187,1.28554903,3,1,0
0.5893319974,0.7395783111,2.031508189,1,1,0
0.4825042301,1,4.248200098,1,0,0
0.3950410516,1,2.560954222,1,0,0
0,1,1.15618904,1,0,0
0,1,1.576234164,5,0,0.1440585411
0.1440585411,1,2.476395761,5,0,0.3159270854
0.4338722432,0.5293331816,1.438278768,3,1,0
0.3552245484,1,1.875133239,5,0,0.1410661074
0.4318993694,0.75198014,1.131781794,3,1,0
0.353609296,0.9174892625,4.374712683,1,1,0
0.2895108052,0.08235488766,2.176723519,5,1,0
0.2370313996,0.5929798979,2.649925953,5,1,0.1089810656
0.3030459618,0.3634729399,1.825805645,5,1,0
0.2481130486,0.6082336781,3.207111094,3,1,0.03203109581
0.2351688789,0.1634548485,1.784003017,1,1,0
0.1925399933,0.3355706547,2.926213419,3,1,0
0.1576384137,0.2741906114,1.098192466,5,1,0
0.1290634172,1,1.160068298,5,0,0.03485233415
0.1405205229,1,1.321794062,5,0,0.06914384807
0.1841923216,1,1.031678088,3,0,0
0.1508039182,0.2829774984,4.563057386,5,1,0.06183051111
0.1852983166,0.2859839571,3.20630238,5,1,0
0.1517094303,1,2.412299842,3,0,0.09487703867
0,0.8500844633,3.533497974,5,1,0.5009429323
0.5009429323,0.8542052977,3.096733975,1,1,0
0.4101373842,0.4540492244,4.792987291,3,1,0.04508781499
0.3808799044,0.3749842996,3.346426576,1,1,0
0.311838091,1,2.407331267,3,0,0.07645457477
0.3317660098,0.7261480425,1.997027025,3,1,0
0.2716270351,1,4.911842413,3,0,0.354554742
0.576944149,1,3.099126398,5,0,0.2220119261
0.6943738438,1,1.335853518,5,0,0.02566140496
0.594166625,1,1.09961226,3,0,0
0.4864624883,1,4.774402766,5,0,0.4845743512
0.8828561506,0.594766742,1.34549016,3,1,0
0.722821481,0.755869607,2.949385904,3,1,0.02339460836
0.6151907838,1,3.243293367,1,0,0
0.5036756137,0.5706226287,3.046030032,1,1,0
0.4123747145,1,2.875262975,1,0,0
0.3376238606,1,3.656102439,1,0,0
0.2764230376,1,1.348236652,5,0,0.06299400476
0.2893100465,0.0001521159314,3.590504545,1,1,0
0.2368670323,0.685695138,3.331431638,1,1,0
0,0.5590993029,3.059415441,1,1,0
0,0.7283905726,3.946809434,5,1,0.4687046959
0.4687046959,1,3.255154704,5,0,0.2995382761
0.6832812247,1,1.982769554,5,0,0.07781539235
0.637238744,1,2.796153417,5,0,0.1628937173
0.6846206741,1,3.327090339,3,0,0.07854949477
0.6390694949,0.1378728083,4.673634307,3,1,0
0.5232258488,1,3.164630659,1,0,0
0.4283810932,0.01504641003,3.646134986,5,1,0
0.3507287751,0.03070630353,3.810390352,5,1,0
0.2871524341,0.3049646002,4.42674945,5,1,0.06237449633
0.297475025,0.1125245585,3.033589481,5,1,0
0.2435519512,1,2.792196577,1,0,0
0.1994034724,0.4035948075,2.513885133,3,1,0
0.1632577552,1,1.894502845,3,0,0.02859602325
0.1622601681,0.2163007461,4.055812891,3,1,0
0.1328473896,1,3.216177781,1,0,0
0.1087662433,0.1554766236,2.519797743,5,1,0
0.08905026831,0.2055354259,1.23501063,5,1,0
0.07290819324,1,1.066978073,5,0,0.01552370561
0,1,1.760097645,1,0,0
0,1,1.389028494,5,0,0.09725712352
0.09725712352,1,3.26512652,3,0,0.216449737
0.2960771349,0.3012377452,1.628789623,5,1,0
0.2424074557,1,4.436536096,1,0,0
0.1984664387,1,3.235819399,3,0,0.1886592867
0.3511498635,1,3.983937559,3,0,0.2255342302
0.5130314224,0.2510323555,4.454579215,5,1,0.01439521885
0.4344298217,0.09454365048,4.458169852,1,1,0
0.3556810551,1,1.454340583,5,0,0.07318506129
0.3643920794,0.3442614176,1.881116826,5,1,0
0.2983390016,0.1908735235,2.536449874,5,1,0
0.2442593154,1,2.452746889,3,0,0.08911092075
0.289093534,0.007593102059,2.762802138,5,1,0
0.2366897668,1,1.243171411,3,0,0
0.193785191,1,1.051071051,3,0,0
0.1586578954,0.2893755498,4.177211349,1,1,0
0.1298980982,1,3.000715498,1,0,0
0.1063515677,1,1.83957106,5,0,0.1875703404
0.2746436395,1,4.022880858,1,0,0
0,0.08309755728,2.886818134,5,1,0
0,0.6288674231,3.033928806,1,1,0
0,0.9462803804,4.577312318,3,1,0.3997131263
0.3997131263,0.1432752671,2.301032717,5,1,0
0.3272574289,0.3279755545,1.788938346,3,1,0
0.2679357212,0.6562258709,2.35692609,5,1,0.1000504703
0.3194176851,0.03009630944,4.662177299,3,1,0
0.2615170819,1,3.312716509,5,0,0.4269754091
0.6410874865,1,4.971527068,5,0,0.3563576906
0.8812357312,0.3137692581,3.79086597,5,1,0.005625186536
0.7271199804,0.6777499703,1.99826105,3,1,0
0.5953154891,0.6111645214,1.781266616,1,1,0
0.4874030987,0.3152028298,3.168618314,1,1,0
0.3990519061,0.06701689498,2.063281679,1,1,0
0.3267160676,1,4.442345789,5,0,0.5794190274
0.8469115195,0.886544931,1.941444918,1,1,0
0.6933925061,0.3771576486,4.182450416,5,1,0.04426210036
0.6119638691,0.4518542181,4.740137904,1,1,0
0.5010336394,1,3.645302656,3,0,0.1480909198
0.5583025686,1,4.482325425,5,0,0.3845335488
0,0.7503845486,4.545497827,5,1,0.6027178337
0.6027178337,0.452044291,2.777430813,3,1,0
0.4934636259,0.09293277324,1.040344899,5,1,0
0.404013846,0.1455036267,3.27553856,5,1,0
0.3307785604,0.8438735551,4.907895414,3,1,0.2484460989
0.5192646787,1,1.293226133,3,0,0
0.4251379615,0.336604802,2.770002952,3,1,0
0.3480735234,1,4.609130402,1,0,0
0.2849784979,1,2.664401224,1,0,0
0.2333206602,0.1265228313,4.106371732,1,1,0
0.1910267998,1,4.784415759,1,0,0
0.1563995157,1,3.565039778,3,0,0.2402202714
0.3682693646,0.1011465758,2.212539133,1,1,0
0.3015134542,0.4909307652,2.47933535,3,1,0
0.2468583375,1,4.787103224,3,0,0.3525196165
0.5546301291,0.9098689737,4.833296838,1,1,0
0.4540927433,0.8053587744,3.834337585,1,1,0
0.3717796937,0.0270928857,3.723185068,5,1,0
0.3043874686,0.2905165913,2.106107998,1,1,0
0.2492113814,0.2639513392,4.305736683,1,1,0
0,0.2419569644,4.688084017,1,1,0
0,0.8840988239,4.059354038,1,1,0
0,0.433256457,1.882022845,3,1,0
0,0.6831792706,2.284469981,5,1,0.1401756339
0.1401756339,0.2956150847,1.834528897,5,1,0
0.1147661023,0.6084938937,1.841083678,5,1,0.02662079275
0.1205833301,1,3.624081187,1,0,0
0.0987252807,1,2.869898738,5,0,0.421323115
0.5021525385,1,3.492243901,3,0,0.1363288488
0.5474565748,1,3.455759167,1,0,0
0.4482195337,1,2.180852959,5,0,0.1628928991
0.5298640155,1,4.411900466,5,0,0.4010142961
0.8348302605,1,2.416527354,1,0,0
0.6835012079,1,4.756252146,5,0,0.2972123168
0.8568157754,0.6230928456,2.300910058,3,1,0
0.7015014251,0.6266829144,3.192444699,1,1,0
0.57434079,0.09580198336,1.547887756,1,1,0
0.4702304675,1,3.109636511,3,0,0.114666219
0.4996583638,0.09762880057,3.006980558,1,1,0
0.4090856685,0.1041783536,2.38635542,5,1,0
0,0.8558712802,4.48076729,5,1,0.7087400091
0.7087400091,1,4.637225749,3,0,0.1297807517
0.7100479931,0.6361266107,4.480114299,3,1,0.05146299851
0.6328011266,0.2407383641,2.235532918,1,1,0
0.5180937429,1,2.39777367,3,0,0.05284875589
0.4770280362,1,3.807617316,5,0,0.3670762853
0.7576338086,0.4075064576,2.435709117,1,1,0
0.6202980987,1,3.78533479,1,0,0
0.5078571295,0.1033795999,1.545010597,1,1,0
0.4157982501,1,4.458842288,5,0,0.5051654293
0.8455922437,0.2417860257,4.803341639,1,1,0
0.6923123745,0.9442161864,2.867287407,1,1,0
0.5668174317,0.4637218679,4.088872315,5,1,0.09704367151
0.5611145343,0.1440138761,1.569173981,5,1,0
0.4594017252,0.3536389761,4.934928466,3,1,0.006366873174
0.3824931936,0.4715213135,2.227097981,5,1,0.007738003286
0.3208969437,0.3612700607,4.698280527,5,1,0.118392805
0.3811210014,0.2920833898,1.789435398,5,1,0
0.3120354845,0.4239886014,1.819972861,3,1,0
0.2554730472,1,4.015351861,5,0,0.5612526832
0,1,4.651132949,1,0,0
0,0.01428190309,4.223964888,3,1,0
0,0.4930904736,1.561441793,1,1,0
0,1,4.129080369,1,0,0
0,1,4.197917258,1,0,0
0,1,2.636552953,3,0,0.145482943
0.145482943,0.1661017732,2.140213532,5,1,0
0.1191113595,0.4278870071,4.317741938,1,1,0
0.09752013305,0.8324469806,2.971363515,3,1,0.109222976
0.189065708,0.8152400689,1.095283484,1,1,0
0.1547939095,1,4.519181021,1,0,0
0.1267345341,0.4498429856,3.841247792,1,1,0
0.1037614605,0.2211142873,4.548626706,5,1,0.001292006783
0.08624470551,1,3.047266416,5,0,0.4676751316
0.5382863243,1,3.152018798,5,0,0.2484041274
0.6891156951,0.3276056101,4.622274157,3,1,0
0.564200212,0.3495759703,2.931444529,5,1,0.002697880228
0.4646259447,0.7962865866,2.652928901,1,1,0
0.3804035496,1,1.46619915,3,0,0
0.3114480846,1,3.083899991,3,0,0.146375808
0,1,4.746732123,3,0,0.4620098184
0.4620098184,1,2.0350027,5,0,0.1392053226
0.5174669691,1,4.587563748,5,0,0.4327795022
0.8564456235,0.6482878368,2.708427234,3,1,0.001920192654
0.7031185629,1,1.879556649,3,0,0.009480462601
0.5851452531,0.3417487868,4.093594156,3,1,0
0.4790764138,1,1.812348682,3,0,0.01138337969
0.4036179727,1,3.58575557,3,0,0.1716765196
0.5021309663,0.170176462,4.904805529,3,1,0
0.4111100642,1,2.472335609,1,0,0
0.3365884525,1,4.288333669,1,0,0
0.2755753172,1,1.184905602,3,0,0
0.2256219869,0.5908381868,1.946256844,1,1,0
0.1847236593,1,3.414178282,1,0,0
0.1512389407,0.3398724393,2.010742009,5,1,0
0.1238239718,0.4884287224,2.66586548,1,1,0
0.1013784937,0.5657254714,3.625088232,3,1,0.0517792113
0.1347809018,1,2.200621519,5,0,0.259700167
0.3700494362,0.1889587843,2.34260007,3,1,0
0.3029708536,0.633411815,2.963518594,3,1,0.02200462031
0,0.70758448,4.460346112,5,1,0.5390179211
0.5390179211,0.6776254329,4.794134456,5,1,0.2591442376
0.700454786,0.5936734979,3.319970306,3,1,0.0136732678
0.5871571422,1,3.862417653,5,0,0.295432171
0.7761557803,0.3163524308,1.82548155,1,1,0
0.6354626065,1,4.911312047,1,0,0
0.5202727784,0.7701856227,2.93549812,3,1,0.04275893499
0.4687222586,1,1.288291522,3,0,0
0.3837573278,1,3.738040981,1,0,0
0.314193926,0.5705131378,4.67990982,1,1,0
0.2572402296,1,1.364812121,1,0,0
0.2106104869,0.3801117812,1.281614628,5,1,0
0.1724332826,0.6027538666,4.886736645,3,1,0.158747912
0.2999243433,0.5144758779,4.169722543,1,1,0
0.2455572835,1,2.401609268,3,0,0.08317081385
0.2842161135,1,3.431022661,3,0,0.1894346386
0.4221311113,0.4398394337,4.69365363,3,1,0.0344803347
0.3800920573,0.6884858638,3.398595844,1,1,0
0.3111930563,0.6546228055,3.276894721,1,1,0
0.2547833254,1,1.795655052,5,0,0.1482338529
0,0.2319868689,2.110530004,5,1,0
0,0.7587489359,2.598957341,1,1,0
0,0.5628643897,4.289668636,5,1,0.3536254297
0.3536254297,1,4.923950136,3,0,0.3158137804
0.6053377948,0.6360156301,1.831992724,5,1,0.01629718172
0.5119058503,0.3125681227,2.987199175,5,1,0
0.4191130624,1,4.833784669,3,0,0.2759606216
0.6191013748,0.3347395046,3.032323211,5,1,0.001432023571
0.5083093584,1,3.834498396,1,0,0
0.4161685038,0.8417429158,2.185816269,1,1,0
0.3407299525,1,3.077838594,3,0,0.1395515076
0.4185175982,0.02166951916,3.835329959,3,1,0
0.3426532283,1,2.237726112,1,0,0
0.2805407357,1,4.413809744,1,0,0
0.2296873278,0.02161411004,4.877325885,1,1,0
0.1880520789,0.3354227975,4.014469072,3,1,0
0.1539640201,0.46422267,2.286539523,1,1,0
0.1260550782,0.05303787476,2.079225146,5,1,0
0.1032051691,1,2.755375213,1,0,0
0.08449724579,0.1245822232,3.811954941,5,1,0
0,0.9781721736,2.732309796,1,1,0
0,1,1.184054307,1,0,0
0,1,2.503977084,5,0,0.3759942709
0.3759942709,1,2.378121843,5,0,0.2149889814
0.5228270539,0.4490134364,4.5144015,3,1,0.02579312533
0.4538477129,0.06625731386,2.793476716,5,1,0
0.3715790798,1,2.810915436,3,0,0.1078604797
0.4120836995,1,2.605711797,1,0,0
0.3373855977,0.0570547399,3.78909717,1,1,0
0.2762279644,1,4.504107392,5,0,0.6340437349
0.8602000643,0.8559797241,4.747711519,1,1,0
0.7042722464,0.3657667305,1.227509037,1,1,0
0.5766093467,0.9311687437,3.917792456,1,1,0
0.4720878046,1,3.296127359,1,0,0
0.3865128038,0.05168398581,3.069304334,5,1,0
0.3164499189,1,3.457752252,5,0,0.4199991878
0.6790864683,1,1.154228984,5,0,0.01237354201
0.5683625176,1,1.95204511,5,0,0.1027345886
0.5680704607,0.1053037046,3.338370308,3,1,0
0.465096756,1,2.321068143,3,0,0.05250622086
0,0.6712555744,1.319630824,5,1,0
0,0.07563971331,4.197453642,5,1,0
0,0.7556085335,4.217474775,3,1,0.2280139894
0.2280139894,0.6014934314,4.651036948,1,1,0
0.1866820653,1,1.820481306,3,0,0.01876503067
0.1716073786,1,3.628743162,3,0,0.2438054537
0.384305692,0.5411908985,3.329405092,1,1,0
0.3146428886,1,2.650036089,5,0,0.2827159919
0.540323801,1,2.251963111,5,0,0.143874411
0.5862541236,1,2.027712654,3,0,0.02240719327
0.5023914734,1,2.916556477,3,0,0.09329337404
0.5046167234,1,1.344206186,3,0,0
0.4131452299,0.6021652052,4.269698034,1,1,0
0.3382547052,1,2.470693898,3,0,0.07980918558
0.3567487151,1,1.846336806,3,0,0.01733595721
0.3094171014,0.6469158948,3.462618288,3,1,0.0593924919
0.3127217884,0.007235000153,2.684911644,3,1,0
0.2560349453,1,1.805751326,1,0,0
0.2096236836,0.2994303252,1.808709086,5,1,0
0.1716253563,1,1.660463874,3,0,0
0,0.5320924092,1.523739189,5,1,0
0,1,4.771117638,3,0,0.4656676457
0.4656676457,1,2.921181992,5,0,0.2566374241
0.6378938464,1,1.505470101,1,0,0
0.5222633092,1,4.992795811,1,0,0
0.4275930325,1,3.184357468,1,0,0
0.3500835655,0.7143444934,4.123540739,3,1,0.1246827589
0.4113069401,1,4.166149889,5,0,0.4659726166
0.8027222574,0.3088855165,4.031847237,5,1,0.01210196447
0.6693153628,1,1.518476194,3,0,0
0.547989071,1,2.025240574,1,0,0
0.4486555048,0.4794153773,3.792465503,5,1,0.1127728687
0.480100928,0.7274930122,1.276739219,3,1,0
0.3930733943,0.5778130808,3.569117319,1,1,0
0.3218212761,1,4.601640586,1,0,0
0.2634849758,1,1.714868427,3,0,0.005325198118
0.2210484508,0.05089488839,2.657755493,3,1,0
0.1809791646,1,1.599262014,1,0,0
0.1481732077,0.6461469142,2.904335944,3,1,0.02682756606
0.148141528,1,1.234269628,5,0,0.04989114184
0,0.8806204567,2.773017898,1,1,0
0,1,1.808806298,1,0,0
0,0.3663324687,3.557235962,1,1,0
0,1,3.824152545,5,0,0.7060381361
0.7060381361,1,4.21358925,1,0,0
0.5780551349,1,3.473462076,1,0,0
0.4732715159,0.1522318085,1.099317371,5,1,0
0.3874819446,0.2333403715,4.575787987,5,1,0.0103693287
0.327612713,0.468604688,2.644272146,5,1,0.04019503029
0.3084216335,0.5199171391,1.518268139,5,1,0
0.2525142763,0.322404717,1.360637481,3,1,0
0.2067412036,0.7640603532,3.030465873,3,1,0.07719901298
0.2464643943,0.5619502565,2.953457798,3,1,0
0.2017879791,1,3.642390279,1,0,0
0.1652100241,0.2960786965,2.726709809,1,1,0
0.1352625275,0.214979848,2.040062117,3,1,0
0.110743591,0.0747693927,1.628267052,3,1,0
0.09066918364,1,4.687136941,1,0,0
0.074233649,0.3945515331,4.275175792,1,1,0
0.06077737135,1,3.043190038,1,0,0
0,1,4.791007722,1,0,0
0,1,4.357042142,1,0,0
0,1,1.421280645,1,0,0
0,0.8875217734,3.966553378,3,1,0.2780603733
0.2780603733,0.7000848484,1.098825637,5,1,0
0.2276565788,1,4.176241231,1,0,0
0.1863894422,1,3.799211088,3,0,0.2602590984
0.4128618668,0.220861951,4.584163058,5,1,0.001829991629
0.3398526988,0.1148972212,3.475788661,3,1,0
0.278247856,0.8086565884,4.642267987,1,1,0
0.2278100767,1,1.243743424,1,0,0
0.1865151156,0.4072248618,2.182291931,1,1,0
0.1527056611,0.1223463562,3.256163567,5,1,0
0.1250248209,1,4.701499483,5,0,0.8096800433
0.912041709,1,2.995449439,3,0,0.01753161926
0.7642482145,0.07299860606,1.22437787,3,1,0
0.6257135162,0.1687515012,1.536444368,5,1,0
0.5122908983,0.7624378078,2.67421875,1,1,0
0.419428313,1,1.99352387,5,0,0.1442029573
0.4876018158,0.1872536597,1.491369909,5,1,0
0,0.7674095387,4.208964788,3,1,0.2344999589
0.2344999589,1,3.957621866,3,0,0.2630589448
0.4550512728,0.5230731886,1.826008012,1,1,0
0.3725644713,1,3.182209078,3,0,0.1426357731
0.4476657632,1,2.493755132,5,0,0.2062630252
0.5727807527,1,3.352183643,5,0,0.2512245313
0.7201777483,1,1.673357542,3,0,0.0002808383697
0.5899125086,1,1.579372572,3,0,0
0.4829795124,0.5074587989,2.674514316,5,1,0.04617068215
0.4416008621,1,2.244989633,5,0,0.1738002844
0.5353524908,0.3866846883,3.021938914,3,1,0
0.4383095479,1,1.142980988,3,0,0
0.3588575062,0.2515371662,3.686428002,5,1,0
0.2938076763,1,1.775390701,5,0,0.1368937403
0.3774431204,1,4.108976571,5,0,0.4838786883
0.7929029785,1,1.65162858,3,0,0
0.6491740527,1,3.422995917,5,0,0.2125124595
0.7440112205,1,1.221900908,3,0,0
0.6091448669,0.4965944489,3.829905957,3,1,0.01379191189
0.5125175475,1,4.755181253,3,0,0.2258394998
0,0.6260513418,3.965164016,1,1,0
0,1,3.838243797,3,0,0.3257365695
0.3257365695,0.2702961599,2.326908209,5,1,0
0.2666905469,0.6740432216,1.729690901,1,1,0
0.2183477523,1,3.221441969,1,0,0
0.1787680197,0.8704996932,4.245909616,1,1,0
0.1463628754,0.5584637186,3.307818982,1,1,0
0.1198317872,0.09760328769,2.685978503,3,1,0
0.09810996935,1,3.995904703,1,0,0
0.08032564909,1,1.344520017,1,0,0
0.06576507917,1,1.206416672,5,0,0.04821041585
0.1020543087,1,1.189248923,3,0,0
0.08355500098,0.7201499031,2.717736856,1,1,0
0.06840904887,0.2647013638,4.248539257,3,1,0
0.0560085921,0.4359019579,1.490529351,5,1,0
0.04585595679,1,1.260245965,5,0,0.06207803421
0.09962171624,1,2.564325163,5,0,0.3521211014
0.4336844642,0.04009998134,4.219159127,3,1,0
0.355070808,0.3852830367,2.723571187,3,1,0
0.29070739,1,2.397898096,3,0,0.07779855735
0,1,1.487966827,1,0,0
0,0.5271443559,3.172563031,5,1,0.1680996739
0.1680996739,1,2.821323777,3,0,0.144083944
0.2817123166,0.4682108004,4.48515194,5,1,0.1975284987
0.4281750359,1,3.950864926,1,0,0
0.3505600696,1,2.790208956,3,0,0.1094509839
0.3964652937,0.1623776479,4.783696284,5,1,0
0.3245983285,0.6003030178,3.140824422,1,1,0
0.2657586339,0.3323499957,4.051108085,5,1,0.06358268738
0.2811674539,0.8189472274,3.889831714,3,1,0.163775238
0.3939756793,0.1378988425,2.030702825,1,1,0
0.3225600046,0.4986912993,4.914240045,5,1,0.2456886456
0.5097784411,1,4.289654753,3,0,0.1928767963
0.6102480833,0.2979913683,3.445537543,1,1,0
0.4996288728,0.1020277096,4.887338033,3,1,0
0.4090615233,1,2.57366241,5,0,0.2324844168
0.5673956659,1,2.609360698,3,0,0.06117202858
0.5257163094,1,3.818593723,3,0,0.1530935859
0.5835136958,1,2.571296158,1,0,0
0.4777406076,1,4.161158819,5,0,0.412736221
0,0.9317764514,2.891034967,1,1,0
0,0.1569423337,4.999795881,5,1,0
0,0.0719547224,2.830739104,1,1,0
0,1,4.438958622,5,0,0.8597396555
0.8597396555,0.4121268815,1.683277973,5,1,0
0.7038952956,0.09758642713,4.673171221,3,1,0
0.5763007254,0.9466814417,2.554356838,1,1,0
0.4718351269,1,3.817648852,5,0,0.3720457871
0.7583517159,0.06685855897,2.234479836,1,1,0
0.6208858715,0.6654296564,2.461894101,1,1,0
0.5083383571,0.4915591544,1.795240217,3,1,0
0.4161922459,0.2753176622,1.95956812,3,1,0
0.340749391,0.5447651525,4.204168111,1,1,0
0.2789820055,1,2.588447964,5,0,0.2863248914
0.5147360388,1,1.355109212,5,0,0.04308042573
0.4645106504,0.0893430414,1.270984882,3,1,0
0.3803091546,0.5317858793,4.126082621,1,1,0
0.3113708006,1,2.136930915,3,0,0.04857565397
0.303504504,0.2600496073,4.207389703,3,1,0
0.2484884711,1,4.743198318,3,0,0.3468073507
0,0.6285399319,1.503247312,5,1,0
0,0.9735298723,1.156292505,3,1,0
0,0.6270288214,1.589955816,5,1,0
0,0.1452324415,4.03469386,5,1,0
0,1,1.776457478,5,0,0.1941143694
0.1941143694,1,3.113811896,3,0,0.1749350319
0.3338624357,1,1.6729362,3,0,0.000626455761
0.2739698992,1,2.252222548,5,0,0.2272878158
0.4515953977,0.1950689514,2.438928095,3,1,0
0.36973504,1,1.386266124,1,0,0
0.3027134477,1,2.057567499,3,0,0.04088548409
0.2887262931,0.06210948257,4.320863941,1,1,0
0.2363890954,0.0961589467,2.925986518,1,1,0
0.1935390221,1,1.110341978,1,0,0
0.1584563493,1,2.368381563,1,0,0
0.1297330862,1,4.453658423,5,0,0.7514011644
0.8576176317,1,4.840147771,1,0,0
0.7021579295,0.4370844258,3.909176942,1,1,0
0.5748782904,0.118916343,1.816592762,5,1,0
0.4706705356,0.2228372031,3.664196749,3,1,0
0,0.9241007357,2.316738804,5,1,0.2852250082
0.2852250082,1,2.989719668,5,0,0.3555504648
0.5890729506,1,4.254650122,5,0,0.3343559428
0.8166480833,1,3.008421886,1,0,0
0.6686149002,0.8263304128,2.109104233,3,1,0.003785261442
0.5512008422,0.03525047014,3.096371294,1,1,0
0.4512850807,1,4.745387932,5,0,0.5137875592
0.8832685331,0.4698768026,3.928215948,5,1,0.0246822135
0.7478413248,0.156384631,3.768315228,5,1,0
0.6122806911,0.2375346196,1.401602268,5,1,0
0.5012930313,0.4169073878,4.541191447,5,1,0.1113682809
0.5217923019,0.07808595586,3.573274123,1,1,0
0.4272074043,1,2.185069427,5,0,0.1696997482
0.5194675881,1,2.373018263,5,0,0.1649449443
0.5902490339,0.1428728693,2.07011608,3,1,0
0.4832550361,0.2808220123,4.98715636,5,1,0.05173951387
0.4473952735,1,3.603239207,5,0,0.3596405725
0.7259368417,0.272727488,1.165996554,5,1,0
0.5943468171,1,1.940943154,3,0,0.01668916954
0.5032991867,0.6130520468,1.134099897,3,1,0
0,0.778345482,1.441500565,3,1,0
0,0.6105129165,4.798284214,3,1,0.1894121735
0.1894121735,1,3.694638523,1,0,0
0.1550775714,0.4248857472,2.874604807,3,1,0
0.1269667768,0.09840862108,1.079950662,5,1,0
0.1039516048,1,2.18456079,5,0,0.2653559487
0.3504643244,0.5129959633,4.521903557,5,1,0.2143010247
0.501236945,1,3.266405817,3,0,0.1196836179
0.5300617193,1,4.666891816,5,0,0.4308032089
0.8647810395,1,4.71718479,1,0,0
0.7080228317,1,1.52719145,1,0,0
0.5796800662,1,2.058920657,5,0,0.1112713651
0.5858732623,0.1379136584,1.080430185,1,1,0
0.4796724572,1,3.278473624,5,0,0.2963881455
0.6891107376,1,4.84875418,1,0,0
0.5641961532,1,2.584393102,5,0,0.1726211522
0.6345458935,1,1.892326531,1,0,0
0.5195222373,0.545944709,2.796790953,3,1,0
0.4253488326,0.2862600014,2.647280556,1,1,0
0.34824617,1,4.861664882,1,0,0
0,1,3.005738617,1,0,0
0,1,1.209398301,5,0,0.05234957527
0.05234957527,0.5156298699,3.750019528,1,1,0
0.04286020718,0.763468646,1.181527413,1,1,0
0.0350909697,1,1.8028923,5,0,0.1936795078
0.2224095638,0.5438758245,1.54445179,5,1,0
0.1820935497,1,4.351705004,1,0,0
0.1490855891,1,1.362531806,3,0,0
0.1220609566,0.6821108783,1.209245652,3,1,0
0.09993505892,0.4638246753,3.260740979,1,1,0
0.08181990605,0.4801243183,3.195270751,1,1,0
0.06698847329,0.3637823671,1.247143564,3,1,0
0.05484552319,0.08074566014,3.198566039,3,1,0
0.0449037165,1,3.363317753,1,0,0
0.03676405363,1,2.606690999,5,0,0.3869056313
0.4170054926,0.05324133258,3.807749765,1,1,0
0.341415221,0.6471305222,2.409420035,3,1,0
0.279527141,0.5134286036,4.423229429,3,1,0.06531221658
0.2941696832,1,3.476370417,3,0,0.1916015657
0.432447332,0.1714149878,4.450696382,5,1,0
0,0.2115075712,3.325170773,5,1,0
0,1,2.795803309,3,0,0.1693704964
0.1693704964,0.9475948498,4.580629588,3,1,0.3331548211
0.4718236552,1,3.817950307,1,0,0
0.3862965365,1,1.566203945,1,0,0
0.3162728543,0.2711278744,4.127155718,5,1,0.02033865314
0.2792809653,0.2605203691,1.046225374,5,1,0
0.228655915,1,1.729721832,1,0,0
0.1872076295,1,3.076969996,5,0,0.4220363417
0.5753089852,0.7996462664,4.94866981,1,1,0
0.4710231587,1,2.496047558,5,0,0.197843628
0.5834847734,1,4.888080336,3,0,0.2012651767
0.6789821046,1,2.889963777,1,0,0
0.5559035298,0.2073632404,1.396684456,1,1,0
0.4551353156,1,1.522864773,1,0,0
0.3726332797,0.8640669744,3.029831513,1,1,0
0.3050863257,0.3324418152,2.963040853,3,1,0
0.2497835572,0.4651465544,4.050109708,1,1,0
0.2045054799,0.3414510328,4.281016227,1,1,0
0.1674349256,1,3.564818474,3,0,0.2370502351
0,0.8122893754,2.350891269,1,1,0
0,1,4.535173313,3,0,0.430275997
0.430275997,0.07508301044,3.500113704,1,1,0
0.3522801911,0.3089904503,2.379251619,3,1,0
0.2884226261,0.7014811977,4.713236496,5,1,0.4102682572
0.6464087311,1,4.081310479,5,0,0.2723811205
0.8016158277,1,3.18395379,5,0,0.1083154662
0.7646229966,0.4393383645,1.358488058,1,1,0
0.6260203618,0.7469559159,3.791891906,3,1,0.06539273833
0.5779348606,0.1943074237,1.541281571,5,1,0
0.4731730436,0.5802754637,3.701230506,5,1,0.1511642035
0.5385655258,0.3541775659,4.72057891,5,1,0.07751212613
0.5184522847,1,2.427959613,5,0,0.1719076723
0.5963805018,1,2.011136641,1,0,0
0.4882750573,0.1673368318,1.382957641,1,1,0
0.3997658054,0.6891079547,3.939308006,1,1,0
0.3273005589,1,2.432589486,1,0,0
0.2679710331,0.3618523533,3.335030796,5,1,0.03784383725
0.257239963,0.7232595814,1.060021848,1,1,0
0.2106102686,0.3054767292,3.660256336,5,1,0.02331129712
0,0.8077194068,3.3804443,5,1,0.4326126161
0.4326126161,0.4629152196,2.649873005,5,1,0.03215193433
0.3863451873,0.6436210418,1.267064034,5,1,0
0.3163126861,0.09072531053,1.360128871,1,1,0
0.2589749237,1,1.601144635,5,0,0.1113658122
0.3233965465,0.8940092231,2.017127852,3,1,0.0138701242
0.2786448223,0.4963158499,2.60026658,3,1,0
0.2281350852,0.3622113221,3.11958275,5,1,0.02507561261
0.2118568227,1,4.094819012,3,0,0.2870597557
0.4605134517,0.04713558194,2.078021975,5,1,0
0.3770365251,1,4.180981449,5,0,0.4954088143
0.8041002124,0.2309937126,3.893455007,5,1,0
0.6583415725,1,4.249946176,5,0,0.2775928751
0.8165973665,1,2.157364863,3,0,0.01349930123
0.682072678,0.3731685364,1.240059813,3,1,0
0.5584338773,0.3942845929,2.188911636,3,1,0
0.4572069889,0.3991197107,3.522456494,3,1,0
0.3743294224,1,1.67813012,1,0,0
0.3064750099,1,3.155227509,5,0,0.3736760342
0.6245965498,0.07549041193,1.59110926,5,1,0
0,1,4.787646852,5,0,0.946911713
0.946911713,0.2850710911,1.342603002,5,1,0
0.7752657398,1,1.619672926,5,0,0.03481543416
0.6695493372,0.6731834263,3.904675697,1,1,0
0.5481806331,0.3415087253,2.802726775,3,1,0
0.4488123425,0.8774540765,2.23941032,3,1,0.0246639705
0.3921204377,1,3.329952807,5,0,0.3540826732
0.6751237344,0.2488057459,4.689429785,5,1,0.01354385398
0.5662884175,1,1.538184039,5,0,0.0583541628
0.5219919053,1,2.256885235,3,0,0.04231938798
0.4696902137,0.5374590184,4.395108908,5,1,0.1805957939
0.5651456162,0.2551130533,3.973614491,1,1,0
0.462702096,0.7823186103,2.700407318,3,1,0.03593815625
0.4147665917,0.7938409815,2.679380108,1,1,0
0.339582164,1,2.404688443,3,0,0.07311041162
0.3511367725,0.2614631757,2.260022196,3,1,0
0.2874864742,1,2.793943264,1,0,0
0.2353740175,1,2.050022612,5,0,0.2007186428
0.3934265894,0.8486343583,1.390600405,1,1,0
0.3221104478,1,3.477152944,5,0,0.419809025
0,1,1.588483754,5,0,0.1471209385
0.1471209385,0.5508661899,3.531674084,3,1,0.03566908846
0.1561215253,1,1.966499988,5,0,0.203902134
0.331723628,1,1.304339806,5,0,0.05084577533
0.3224381111,0.4800517803,4.571664737,3,1,0.05365976409
0.3176497616,1,3.727711169,1,0,0
0.2600696285,0.04167032406,3.667556918,5,1,0
0.2129270028,0.4908048272,4.802575753,5,1,0.2670395752
0.4413694606,1,1.34986727,1,0,0
0.3613627508,0.03861748695,4.14607014,5,1,0
0.2958587971,0.1278271288,3.155414477,1,1,0
0.2422286958,1,1.469837855,3,0,0
0.1983200825,1,4.63686003,3,0,0.3571716556
0.5195424061,1,2.85332125,1,0,0
0.4253653454,0.4448681651,1.366843555,3,1,0
0.3482596896,0.2873352562,2.011052687,3,1,0
0.2851309179,1,2.04054615,5,0,0.1859635678
0.4194090189,1,1.199320236,1,0,0
0.3433830619,1,1.225145892,1,0,0
0.2811382729,1,1.691835125,1,0,0
0,1,4.621522132,3,0,0.4432283198
0.4432283198,0.04167839146,1.74851533,3,1,0
0.3628846561,1,3.015410018,3,0,0.1288957626
0.4260005904,0.7700402145,4.122395021,3,1,0.1298165629
0.4785963471,1,1.450269948,1,0,0
0.3918415476,0.3717889269,2.579376304,5,1,0
0.3208127254,0.1837781393,1.380545172,5,1,0
0.2626592443,1,4.192873309,5,0,0.5885589047
0.8036061056,1,1.120843247,1,0,0
0.657937032,0.3894528243,3.840167173,1,1,0
0.5386732817,0.3297072096,3.328696518,1,1,0
0.4410283816,1,3.762315159,1,0,0
0.361083499,0.366753056,4.267429103,1,1,0
0.295630165,0.6131969869,2.96734658,3,1,0.01615486114
0.2581963688,1,2.496899578,1,0,0
0.2113933075,1,3.837880084,3,0,0.2568350148
0.4299092166,0.7235698672,4.587815901,1,1,0
0.3519798967,1,2.143728029,3,0,0.04637180302
0.3345485689,0.2769175985,1.419096019,1,1,0
0.2739052018,0.2361090129,3.257402004,5,1,0
0,1,4.273655907,1,0,0
0,1,3.79360187,3,0,0.3190402805
0.3190402805,0.8296145631,2.679744376,3,1,0.05684191681
0.3180500059,1,4.569718442,3,0,0.2969604212
0.5573577421,0.1941359064,2.627278229,3,1,0
0.4563259239,0.3067684516,4.853502812,5,1,0.06645077363
0.4400588409,1,1.507481735,1,0,0
0.3602897062,1,4.615743699,1,0,0
0.2949802625,1,2.52946074,3,0,0.09124302766
0.3327524401,0.7250011217,2.50344251,3,1,0.01484612088
0.2872807768,0.09619391275,1.495092488,3,1,0
0.2352056067,0.355181859,1.887153872,5,1,0
0.1925700635,0.3827107749,2.657224821,3,1,0
0.1576630331,0.001954431761,2.249669688,5,1,0
0.1290835738,0.3513183562,4.287941043,1,1,0
0.1056846916,1,3.415891626,3,0,0.2346537988
0.321181106,0.01028965189,3.822178485,1,1,0
0.2629608488,0.09902751151,3.120585312,5,1,0
0.2152941337,1,4.484339698,5,0,0.6835454503
0.8598133786,0.01068610706,4.197502941,1,1,0
0,0.01274731673,1.57429264,5,1,0
0,0.4076333067,1.674540454,5,1,0
0,0.4210705766,2.17234048,1,1,0
0,1,1.143975556,3,0,0
0,0.2689323662,3.074924363,5,1,0
0,1,1.964967285,3,0,0.04474509282
0.04474509282,1,2.647773384,1,0,0
0.03663418354,0.07515485596,1.311947249,3,1,0
0.02999353268,1,1.843774569,3,0,0.02576937164
0.05032599924,1,4.569490267,1,0,0
0.04120344326,0.1039374467,3.901319879,5,1,0
0.03373452613,0.352876433,3.042194337,1,1,0
0.02761949398,0.2443344021,1.628704587,5,1,0
0.02261292911,1,2.743731496,5,0,0.4260751549
0.4445890554,0.4416000874,1.729144174,5,1,0
0.3639987321,0.4804016878,4.982764959,3,1,0.06936185588
0.367378812,1,2.199447179,5,0,0.1896989248
0.4904832562,1,4.470004381,5,0,0.4420063332
0.843580059,1,4.957597559,3,0,0.07721508241
0.7678800194,0.3030610923,3.690405017,3,1,0
0,0.2907309634,4.050426128,1,1,0
0,0.7288945918,1.168533354,3,1,0
0,0.3204798016,2.273829228,3,1,0
0,0.434976075,3.617325116,5,1,0.1433624702
0.1433624702,0.01536441658,2.939504264,5,1,0
0.1173752632,1,4.283729935,3,0,0.3464827167
0.4425814544,1,2.793346566,3,0,0.09420484061
0.456559888,1,3.383862733,5,0,0.3238716576
0.6976712786,1,3.896610773,1,0,0
0.5712049313,1,4.505475541,1,0,0
0.4676630436,0.2512351069,4.422682128,3,1,0
0.3828901158,1,2.818858131,3,0,0.1066543112
0.4201382241,0.5490346499,2.972943896,3,1,0
0.3439800846,1,3.326810284,3,0,0.1633630914
0.444990165,0.1710284652,4.602319642,5,1,0
0.3643271329,0.6776783536,3.028019441,3,1,0.03674410669
0.3350299346,0.04724471984,1.708126408,5,1,0
0.2742993107,1,4.319657616,5,0,0.602269455
0.8268467362,1,2.013907367,5,0,0.04389034243
0.7208551934,0.6401413044,1.11886293,1,1,0
0,0.05614410673,2.6599003,5,1,0
0,1,4.757592375,1,0,0
0,0.9500075545,2.3247596,3,1,0.08128087735
0.08128087735,1,1.473365881,1,0,0
0.06654715393,0.1216895139,1.162943687,3,1,0
0.05448420145,0.6371923674,2.206215815,3,1,0
0.04460789128,0.07937303212,2.760549061,3,1,0
0.03652185242,1,3.205009306,3,0,0.2223239275
0.2522254912,1,1.897429157,3,0,0.02588374618
0.2323885125,1,2.167141412,5,0,0.2239777889
0.4142414108,0.4731450539,1.764248005,3,1,0
0.3391521822,1,1.255296092,3,0,0
0.2776743215,0.4938700252,1.746688607,5,1,0
0.2273405064,0.5863202048,3.088651527,1,1,0
0.186130664,0.05131754785,2.671490932,5,1,0
0.1523908987,0.2789654178,1.393621193,5,1,0
0.1247671153,1,2.907723126,3,0,0.1629320138
0.265082688,1,4.883521891,5,0,0.7135168674
0.9305482161,0.5104434728,4.899945368,1,1,0
0.7618684418,0.7377710454,1.401651344,1,1,0
0,1,4.976617208,1,0,0
0,1,1.616226959,3,0,0
0,0.2739223105,3.007204314,3,1,0
0,0.04845560277,1.402370739,5,1,0
0,0.2855484166,2.367497097,3,1,0
0,1,2.457542681,3,0,0.1186314022
0.1186314022,1,4.844500972,3,0,0.4201265049
0.5172536821,0.1737303238,3.469400744,5,1,0
0.4234914967,0.5493669176,2.91637209,1,1,0
0.346725512,0.1298877002,3.244758861,5,1,0
0.2838748396,1,2.28243243,5,0,0.2295955325
0.4620125936,1,1.616357034,3,0,0
0.3782639187,0.7999780694,4.183772481,1,1,0
0.309696303,1,1.611017893,1,0,0
0.2535578874,0.5027030405,1.382054648,1,1,0
0.2075956401,1,4.757882713,1,0,0
0.1699649348,0.5933857613,2.861049294,1,1,0
0.139155519,0.1114360885,2.621778474,5,1,0
0.1139309029,1,2.316324239,5,0,0.2915885575
0.3848672914,1,1.425208776,5,0,0.06538995647
0,0.1742424048,2.233046918,3,1,0
0,1,4.269935341,5,0,0.8174838352
0.8174838352,1,3.626468594,1,0,0
0.669299156,1,2.594400744,3,0,0.04602036633
0.5939961684,0.6647493416,4.681394695,5,1,0.2143653583
0.7006882886,1,2.665793777,3,0,0.04485756682
0.618532617,1,2.349869099,1,0,0
0.5064116753,1,2.414756386,1,0,0
0.4146148123,0.5013490156,2.652539836,1,1,0
0.3394578975,0.8166591944,1.184359512,3,1,0
0.2779246201,0.4264619405,4.298941448,3,1,0.01805205548
0.245597489,0.1813188576,1.88678291,3,1,0
0.2010782171,1,3.48355992,1,0,0
0.1646289201,1,1.1063926,5,0,0.02221932527
0.157006085,1,2.030575839,1,0,0
0.1285457102,0.1923096918,2.539837655,1,1,0
0.1052443261,1,2.35702175,3,0,0.09265486922
0.1788216356,0.4924559945,1.347654949,3,1,0
0.1464067724,1,1.734350584,3,0,0.008666180079
0.1285339071,0.3691282713,3.163372477,1,1,0
0,1,2.2116111,1,0,0
0,0.5139162661,4.239487203,5,1,0.2946853584
0.2946853584,0.6716072382,3.288180306,3,1,0.05731023834
0.2985782038,0.8477468488,1.766066536,3,1,0
0.2444551576,1,4.01734812,5,0,0.5699354524
0.7700784077,0.107110379,3.224454227,1,1,0
0.6304868747,0.05128012122,4.942859017,3,1,0
0.5161989937,0.5737977185,3.728659185,3,1,0.03431330579
0.4569412966,1,3.439679866,1,0,0
0.3741118919,0.3604254503,2.045360741,5,1,0
0.306296911,0.4571596462,4.066147685,3,1,0.02000070567
0.2707754063,0.3959649803,4.727867877,5,1,0.158983743
0.3806758953,1,3.399730722,3,0,0.1609992517
0.4726703141,0.8462485405,4.353082053,1,1,0
0.3869897222,0.4196517041,2.574776247,5,1,0.0123382478
0.3291786345,1,1.48572211,1,0,0
0.2695086713,1,1.098830736,1,0,0
0.2206550374,0.7162322072,3.415807937,1,1,0
0.180657065,1,1.039195084,5,0,0.008028553711
0.1559380486,0.4185370869,1.495086773,3,1,0
0,1,2.930358446,3,0,0.1895537669
0.1895537669,0.3690096036,4.174603523,1,1,0
0.1551934984,0.2164194291,4.086354281,1,1,0
0.1270616898,0.06963132448,4.10584116,5,1,0
0.104029313,0.7073140794,3.025987281,3,1,0.06365738343
0.1488293812,0.5795606999,1.366653737,3,1,0
0.1218511913,0.8002021531,4.287048356,1,1,0
0.09976331764,0.0768952262,2.866432909,5,1,0
0.08167929618,0.6249697017,1.88342061,5,1,0.04065424505
0.1075275967,1,1.98185924,1,0,0
0.08803615024,1,2.745084093,3,0,0.1475216561
0.2195995597,1,3.518620622,5,0,0.4913831606
0.6711760735,1,1.502732658,5,0,0.04132763168
0.5908401238,0.1843929205,4.357364694,1,1,0
0.4837389795,0.2308550524,4.715852291,5,1,0.01144529103
0.40749727,1,3.209638185,1,0,0
0.3336305467,1,4.807396962,1,0,0
0.2731535888,0.475876993,2.428286381,3,1,0
0.2236392434,0.304171459,3.907345453,1,1,0
0.1831003262,1,2.466757862,3,0,0.09803913549
0,1,1.886213055,5,0,0.2215532638
0.2215532638,1,2.857016028,1,0,0
0.1813924705,1,1.570905482,3,0,0
0.148511594,1,1.179891253,1,0,0
0.1215910092,1,2.099477025,3,0,0.05702767655
0.1565779751,0.6858334885,2.001657573,1,1,0
0.1281952034,1,1.715743596,3,0,0.006417825317
0.1113751808,1,4.174031073,5,0,0.705130697
0.7963169827,1,3.256123113,3,0,0.04856179274
0.7005309956,0.7181429871,4.093259845,3,1,0.05717817936
0.630724449,0.2089850526,1.660068901,5,1,0
0.5163935031,1,4.128518634,5,0,0.3782429843
0.8010302259,0.3820510629,3.369300035,1,1,0
0.6558280801,0.3129346146,1.71926251,5,1,0
0.5369466179,0.5147795904,4.677502874,1,1,0
0.4396147089,0.05596073362,2.79958227,1,1,0
0.3599260816,1,4.770189825,5,0,0.6033000435
0.8979825954,1,4.597566414,1,0,0
0.7352059666,0.5118305207,1.522137132,1,1,0
0.6019357347,0.3247306785,1.624165309,1,1,0
0,1,1.004529114,3,0,0
0,0.5751783139,2.888183917,3,1,0
0,0.9017354205,3.897020302,1,1,0
0,1,1.886289299,5,0,0.2215723248
0.2215723248,0.9315964555,3.645694278,1,1,0
0.1814080764,1,3.996113893,1,0,0
0.148524371,0.1046651366,4.016054257,1,1,0
0.1216014701,1,3.701576031,1,0,0
0.0995588632,0.135942516,2.313655258,5,1,0
0.08151190304,0.7642557791,2.278172551,1,1,0
0.06673630176,1,4.295632537,5,0,0.7689235523
0.8235626149,1,1.471477499,5,0,0.02079656428
0.6950726042,1,3.839254498,5,0,0.21644162
0.7855189367,1,3.468948419,3,0,0.057983296
0.7011118066,0.4291089019,4.516249725,1,1,0
0.5740217974,1,1.418613011,5,0,0.04458000455
0.514549303,1,2.286692805,1,0,0
0.4212773384,0.2186197022,1.286406464,1,1,0
0.3449127125,1,1.948798685,5,0,0.1553864893
0.4377771342,1,4.999793987,5,0,0.5621939096
0,1,2.057735931,1,0,0
0,0.7654938412,4.431663914,1,1,0
0,1,2.75765003,3,0,0.1636475045
0.1636475045,1,1.71760495,3,0,0.006390354013
0.1403735986,0.05930896973,1.960332541,5,1,0
0.1149281821,1,1.33037853,5,0,0.07310218144
0.1671974185,0.05110570938,1.853703855,3,1,0
0.1368896684,1,4.554100815,5,0,0.7668952833
0.8789710646,0.08418418901,3.148260132,1,1,0
0.7196406416,0.614654373,3.385447161,5,1,0.07575869896
0.6649506234,0.2863082982,1.359201747,5,1,0
0.5444155247,0.303897538,3.551069106,3,1,0
0.4457297325,0.3558949689,2.08606882,5,1,0
0.3649326396,1,3.999497063,5,0,0.4762206706
0.7750022454,0.7512959164,1.678483609,3,1,0
0.634518172,0.2478699258,2.784372629,1,1,0
0.5194995408,1,4.503911953,1,0,0
0.4253302503,1,2.050582606,1,0,0
0.3482309561,1,2.377434187,1,0,0
0.2851073929,0.5082546489,1.251800777,3,1,0
0,0.3486480422,1.751736482,3,1,0
0,0.007450027002,4.120014568,3,1,0
0,1,1.448276565,1,0,0
0,0.450471461,3.821214494,3,1,0.008202211364
0.008202211364,0.5777661939,1.810728086,3,1,0
0.006715402687,1,2.568691845,1,0,0
0.005498106699,0.9460426155,2.624939898,1,1,0
0.004501469038,1,3.266132081,3,0,0.2388398206
0.2425253117,1,1.27175608,5,0,0.05146208801
0.2500250191,0.4334049912,4.831966058,3,1,0.0480956938
0.252798866,1,2.439729496,1,0,0
0.2069742059,0.3554206569,1.500340833,3,1,0
0.1694561475,0.1346628423,2.865145667,5,1,0
0.1387389592,1,2.524085744,1,0,0
0.1135898526,0.5201320066,2.853592518,3,1,0
0.09299950555,0.2412669324,4.823558904,1,1,0
0.07614155521,1,1.60870021,1,0,0
0.06233943284,0.3818724933,2.539709302,3,1,0
0.0510392108,1,2.316194684,1,0,0
0.04178737149,1,3.687983969,5,0,0.643915046
0,0.6831202622,1.497909751,5,1,0.005813125426
0.005813125426,1,1.775883475,1,0,0
0.004759384558,1,3.20348642,5,0,0.5482497952
0.5521464497,0.6728172199,4.7828726,3,1,0.104215457
0.5562747356,0.2197331965,4.872671436,5,1,0.007841476304
0.4632807095,0.1353097879,3.844828491,5,1,0
0.3793021642,1,3.443041682,1,0,0
0.3105463465,0.284368559,1.550001288,5,1,0
0.2542538442,1,2.022737614,5,0,0.1906756611
0.3988411024,1,3.949762569,3,0,0.2058755124
0.5324189885,0.1065584836,4.166303738,5,1,0
0.4359077994,1,4.938128062,5,0,0.5553668312
0.9122579521,1,4.215841264,5,0,0.07054112458
0.8174347647,1,3.383873724,5,0,0.1088031168
0.7780620973,1,4.674569966,3,0,0.1001351625
0.7371585293,1,4.978678927,3,0,0.130580126
0.7341144839,1,1.212066504,1,0,0
0.6010421042,1,4.415250976,3,0,0.1644854119
0.6565770665,1,4.093965298,5,0,0.2656346597
0.8031944958,1,2.94054965,3,0,0.03760607743
0,0.731937817,4.383069524,3,1,0.2312201509
0.2312201509,0.3636243227,2.796897529,1,1,0
0.1893070483,0.2053358569,4.157911912,5,1,0
0.1549915022,1,2.646273732,3,0,0.1241664441
0.2510627535,1,3.840478867,1,0,0
0.2055527972,0.8844369406,4.486039696,3,1,0.2741977985
0.442490195,1,3.236156505,5,0,0.3116697943
0.6739501248,0.2576729827,3.185547962,1,1,0
0.5517836932,1,2.766278621,5,0,0.1979187201
0.6496809987,0.4889166464,2.321745084,3,1,0
0.5319138134,1,1.725724802,1,0,0
0.435494197,0.3313016289,2.221461104,3,1,0
0.3565524919,0.151151833,3.23938446,5,1,0
0.2919204902,1,4.793139908,1,0,0
0.2390042828,0.2709233951,4.269924756,1,1,0
0.1956801564,1,3.830762746,3,0,0.261093813
0.4213031748,1,2.254030083,1,0,0
0.3449338656,1,4.068094566,1,0,0
0.2824079635,1,1.313724482,3,0,0
0.2312160846,1,1.626698317,5,0,0.1204488965
0,1,1.799115705,5,0,0.1997789264
0.1997789264,1,4.154926855,5,0,0.6311597388
0.7947248897,0.1979911973,3.901364923,5,1,0
0.6506657074,1,1.343118268,5,0,0.02996574434
0.562685769,0.1562463883,1.352851187,5,1,0
0.4606881434,1,4.561511979,3,0,0.23418366
0.6113632106,1,2.075868281,5,0,0.1045304986
0.6050723604,0.2701542455,3.954602882,3,1,0
0.4953913493,1,4.134996343,3,0,0.1868310761
0.5924232086,1,2.636077327,5,0,0.1667067869
0.6517418866,1,4.232567581,3,0,0.1340393717
0.6676404974,0.9310973568,3.668756036,1,1,0
0.5466178072,1,3.903481878,5,0,0.3290967451
0.776629554,0.9227290697,4.515935594,1,1,0
0.6358504996,1,1.921167124,1,0,0
0.5205903584,0.6584304126,4.643277642,1,1,0
0.4262233362,0.03409912244,3.562389929,3,1,0
0.348962153,1,1.879381492,1,0,0
0.2857060463,0.5588220229,2.046139647,1,1,0
0.2339163265,1,4.645539934,3,0,0.3423099263
0,1,2.789852141,5,0,0.4474630353
0.4474630353,1,2.665655107,1,0,0
0.3663517479,1,4.235750395,3,0,0.244184312
0.5441277545,0.9234115369,2.333619289,1,1,0
0.4454941262,0.5360961878,1.789760351,1,1,0
0.3647397414,1,4.258410626,3,0,0.2469647906
0.5455884338,1,1.959308611,5,0,0.1089802322
0.5556702614,0.1379448575,2.479649813,3,1,0
0.4549443316,0.4742111779,3.913980636,3,1,0.01548394423
0.3879608595,1,4.932133278,5,0,0.601654868
0.9192903546,0.04891804253,4.865117588,1,1,0
0.7526512844,0.33255118,3.866496311,5,1,0.01767355491
0.6338923078,0.7632719095,1.248086328,3,1,0
0.5189871265,1,4.084161259,1,0,0
0.4249107209,0.914831013,3.916557643,1,1,0
0.3478874745,0.2608678425,2.312035675,3,1,0
0.284826174,0.6713103683,4.576756798,1,1,0
0.2331959479,1,2.362798276,3,0,0.08006948085
0.2709941749,1,1.840471725,5,0,0.1531771958
0.3750484608,0.2838224881,4.204912814,1,1,0
0,0.1392276621,2.326500488,1,1,0
0,1,1.523693752,3,0,0
0,0.06466651096,4.822662503,3,1,0
0,0.2948971471,1.068735453,5,1,0
0,1,4.913546352,1,0,0
0,1,4.853382709,1,0,0
0,0.1431860861,3.664881373,5,1,0
0,1,3.704449793,5,0,0.6761124482
0.6761124482,0.2561905306,1.037484454,5,1,0
0.5535540539,1,1.174339862,5,0,0.01945833121
0.4726700586,1,3.465035651,3,0,0.1422500716
0.5292395847,0.6067687021,3.099375206,3,1,0.01510697506
0.4484116988,1,1.60068802,3,0,0
0.3671284478,0.2933145992,4.383563266,5,1,0.04521283455
0.3457921851,1,2.298121516,5,0,0.2123103101
0.4954210063,1,1.231117706,1,0,0
0.4056164135,1,4.505256822,3,0,0.2530817095
0.5851723413,1,4.48442799,3,0,0.1753327999
0.6544313915,0.3925112147,1.288143827,3,1,0
0.535803106,1,4.894268188,3,0,0.2247363902
0,1,3.953666641,1,0,0
0,1,2.764539157,3,0,0.1646808736
0.1646808736,0.7693306483,4.774957915,5,1,0.5583109044
0.6931402,0.320951274,4.830310105,5,1,0.04221579068
0.6097109886,1,3.616418677,5,0,0.2552898647
0.7544790016,1,3.048402103,3,0,0.05088675956
0.6686019207,1,1.277003367,5,0,0.02294959597
0.57035455,1,1.156958146,3,0,0
0.4669668103,1,1.416080101,3,0,0
0.3823200882,1,1.156884967,5,0,0.0242261732
0.337243387,0.01039135548,1.037518837,5,1,0
0.2761115322,1,2.777223541,1,0,0
0.2260610027,1,3.91920266,1,0,0
0.185083095,0.5344669266,2.059394532,3,1,0
0.1515332217,0.1758074852,3.190634724,3,1,0
0.1240649087,1,2.082650017,1,0,0
0.1015757562,0.3281316997,2.050555488,1,1,0
0.08316319533,1,3.893898492,5,0,0.6633081615
0.731396427,0.4332333631,4.737980827,1,1,0
0.5988167475,1,2.56863629,1,0,0
0,0.07106308877,4.470847505,5,1,0
0,0.9016341975,4.964702561,1,1,0
0,1,4.103380958,5,0,0.7758452395
0.7758452395,1,4.838748814,5,0,0.2151184552
0.8503268124,0.7074061563,4.520058132,5,1,0.08222734163
0.7784160531,0.1063856507,4.231476472,5,1,0
0.6373131614,1,4.842987991,3,0,0.1728014909
0.6945893755,0.6178925858,4.419446738,3,1,0.0487470497
0.6174287322,1,4.013153845,3,0,0.1346547862
0.6401626771,0.4128653893,3.908119512,5,1,0.05519250383
0.5793133745,0.4946249051,1.512012147,3,1,0
0.4743016754,0.04374709114,4.492324869,5,1,0
0.3883253679,1,3.852873277,3,0,0.2005870686
0.5185209895,1,4.922842194,5,0,0.4721915445
0.8967206247,1,2.947249876,3,0,0.01983867507
0.7540114274,0.1417036415,1.557057673,5,1,0
0.6173323438,0.1844991852,3.800484643,3,1,0
0.5054289748,0.4915911536,4.243290402,1,1,0
0.4138102451,1,3.714878553,1,0,0
0.3387991736,1,4.836277134,3,0,0.3143623591
0,0.7159643089,3.166734162,3,1,0.09009029538
0.09009029538,1,2.440642634,1,0,0
0.07375969538,1,3.517443437,3,0,0.257139606
0.3175289369,1,1.265812284,1,0,0
0.2599707057,1,1.927537129,3,0,0.02895776766
0.2418037793,0.08910006099,2.694271564,1,1,0
0.1979721903,1,4.790314288,5,0,0.7599843666
0.922070287,1,3.522434064,1,0,0
0.7549273005,0.6214977017,2.789295602,5,1,0.0449427064
0.6630249037,0.1647800131,1.477597353,5,1,0
0.5428388787,0.586128324,3.53671052,1,1,0
0.4444388839,1,3.17843328,3,0,0.125981812
0.4898575942,0.1869934519,4.782307768,3,1,0
0.401061477,0.5028029082,3.624404606,3,1,0.01398771596
0.342349081,0.08250758184,1.242643825,5,1,0
0.2802917209,1,3.322927621,1,0,0
0.2294834518,1,4.02474,3,0,0.2725401788
0.4604253381,0.6367676858,1.593118939,1,1,0
0.3769643838,0.5399652618,2.310149121,3,1,0
0.3086323338,1,4.410140498,5,0,0.5894152193
0,0.8038091921,1.724467114,3,1,0
0,0.4300510118,2.244731063,5,1,0
0,0.6352563161,1.842828724,5,1,0.04266714663
0.04266714663,0.5893161387,4.577854953,1,1,0
0.03493290509,0.5955894032,2.61116007,5,1,0.1339463107
0.1625469544,1,1.001511343,1,0,0
0.1330821904,1,4.882433293,3,0,0.418170804
0.5271292859,1,3.868965479,3,0,0.1562103918
0.5877873491,0.3820362442,2.059245112,3,1,0
0.4812395789,1,4.704614577,1,0,0
0.3940056429,0.725589948,2.204788791,3,1,0
0.3225845367,1,4.45882434,5,0,0.5857652732
0.8498751538,0.1116681335,3.412510322,1,1,0
0.6958189247,1,2.375748451,5,0,0.1046191608
0.674307513,1,1.109574052,1,0,0
0.552076298,0.09094911884,3.404140542,5,1,0
0.4520018432,0.6660372606,2.262307235,1,1,0
0.3700678095,0.4778334065,3.942474639,1,1,0
0.3029858963,1,2.802275159,1,0,0
0.2480638711,1,2.633750896,3,0,0.1090778358
0,1,1.980913593,1,0,0
0,1,1.623395347,3,0,0
0,0.5008758608,2.56334832,5,1,0.07097982409
0.07097982409,0.458805,2.526435734,1,1,0
0.05811336483,1,1.642330052,3,0,0
0.04757919895,0.7293806883,2.756474153,3,1,0.04912381935
0.08807837274,1,1.324532974,5,0,0.07398715948
0.1460996319,1,4.084038802,5,0,0.6583654671
0.7779817287,1,2.168862929,1,0,0
0.6369575666,0.7821356167,2.550389546,3,1,0.01786625302
0.5393630012,0.6287997906,4.529192456,3,1,0.0816217854
0.5232148616,1,3.839768825,3,0,0.155415422
0.5837875196,1,1.523160066,1,0,0
0.4779647956,0.4308608307,1.59286474,5,1,0
0.391324477,1,1.008591459,5,0,0.001307352705
0.3216967365,1,4.062122098,1,0,0
0.2633830113,0.283315218,1.669142111,5,1,0
0.2156397712,0.0663400396,2.402525176,5,1,0
0.1765509123,1,1.608977592,1,0,0
0.1445476614,1,3.457877869,3,0,0.2298443718
0,1,1.033547981,3,0,0
0,0.4317923478,2.488365585,1,1,0
0,1,1.976809707,5,0,0.2442024267
0.2442024267,0.08247517839,3.194071708,1,1,0
0.1999360367,0.5199896583,4.182627083,1,1,0
0.1636937819,0.03160261424,2.18641905,3,1,0
0.1340211333,0.728707526,2.620514356,3,1,0.03155478036
0.1412820038,1,4.694731654,5,0,0.7931831406
0.908855062,0.3414890739,3.908675981,5,1,0.007628150933
0.7517357402,1,2.992431454,5,0,0.12366238
0.7391315487,1,3.401113542,3,0,0.06786937053
0.6730191001,0.4138617399,4.141771253,3,1,0.002327482265
0.5533489169,0.7289746769,1.899327247,3,1,0
0.4530437754,1,4.997444283,5,0,0.5466067583
0.9175276297,0.08420111222,2.965640372,3,1,0
0.7512080872,1,3.796649102,3,0,0.07948836065
0.6945255236,0.1578420832,1.076587922,5,1,0
0.568629405,0.05278138604,4.37397355,1,1,0
0.465554381,0.07415920529,4.749779305,1,1,0
0.3811636889,1,4.289558851,5,0,0.5089246161
0,1,1.819321009,5,0,0.2048302523
0.2048302523,1,2.92146069,1,0,0
0.1677008267,1,2.966781292,1,0,0
0.1373018241,0.803338196,4.992765608,1,1,0
0.1124132259,0.372510997,1.866917543,5,1,0
0.09203616508,0.0679169049,1.262908124,3,1,0
0.07535283875,1,3.128738042,5,0,0.4920828969
0.5537765833,0.4981701309,3.89697118,3,1,0.0183858311
0.4717797502,1,4.431134361,5,0,0.4530986623
0.8393592525,1,2.479131813,1,0,0
0.6872092329,0.7824514091,2.056577447,3,1,0
0.5626393328,0.06536983443,3.05585388,1,1,0
0.4606501246,0.01022839316,2.02799383,5,1,0
0.3771484234,1,1.580013925,1,0,0
0.3087830127,0.2479821526,4.050846512,1,1,0
0.2528101486,0.3464095084,4.291995183,1,1,0
0.2069834433,1,1.528830034,5,0,0.1048427432
0.2743064536,0.1725655757,3.122790424,1,1,0
0.2245831293,1,2.86130958,1,0,0
0.1838731146,0.01275002756,4.670927629,5,1,0
0,1,4.410812485,1,0,0
0,0.06172896613,1.353224872,5,1,0
0,1,2.42210747,5,0,0.3555268674
0.3555268674,0.402921801,3.794102629,5,1,0.08518753244
0.3762683124,0.6045959133,2.575478412,5,1,0.08687392992
0.3949363687,1,1.826978702,1,0,0
0.3233465505,1,3.98233461,1,0,0
0.2647337648,1,1.619713477,5,0,0.1139135988
0.3306592735,0.1910080499,1.523619287,5,1,0
0.270720916,1,4.463317526,1,0,0
0.2216475394,1,4.300482519,1,0,0
0.1814696569,0.2296729695,1.329278572,1,1,0
0.1485747888,1,1.032321931,5,0,0.006879926696
0.1285226754,1,1.996153329,1,0,0
0.1052254669,1,2.840180401,5,0,0.4116366398
0.4977879655,1,4.145245181,5,0,0.3948949953
0.8024493112,1,1.836405492,3,0,0.005029803283
0.6620197321,0.01011628869,3.936543931,5,1,0
0.5420159138,0.5462659086,4.762265198,3,1,0.06421828527
0.5079833826,1,3.408989873,5,0,0.2963157622
0,0.6496096622,2.914632496,5,1,0.2233433577
0.2233433577,0.4499134778,3.257491699,5,1,0.09040077874
0.2732588542,1,3.095625281,3,0,0.1557724531
0.3794978806,0.909939255,1.37391628,1,1,0
0.3107065856,0.5119035253,4.496815974,5,1,0.2243539691
0.4787390059,0.5170478787,1.63826593,3,1,0
0.3919583468,0.3218743699,3.147275705,5,1,0.001980298108
0.3228886506,0.4957461686,2.528075753,1,1,0
0.264358868,1,1.288888053,5,0,0.05312948357
0.2695682187,1,4.728024007,5,0,0.680766804
0.9014705947,0.1422461252,4.095810963,5,1,0
0.7380616988,1,2.225159262,3,0,0.02194359026
0.6262174008,1,1.94306264,1,0,0
0.5127034441,0.659884374,1.317123822,3,1,0
0.4197660769,0.0255411956,3.814180804,3,1,0
0.3436753963,1,1.947308095,5,0,0.1554354025
0.4368130185,1,2.811364243,5,0,0.2550341901
0.6126664417,1,4.760391055,3,0,0.1797454914
0.6813543485,0.2568211199,1.673093736,1,1,0
0.5578457589,1,4.477359125,3,0,0.1864139386
0,1,1.90003561,3,0,0.03500534151
0.03500534151,1,4.64699568,3,0,0.4314002367
0.4600601863,1,4.409411623,1,0,0
0.3766654228,1,2.103774529,1,0,0
0.3083875653,0.03871301337,1.595755582,5,1,0
0.2524863836,0.7292305353,2.863592651,1,1,0
0.206718367,1,1.267453677,1,0,0
0.1692466842,1,3.96435624,1,0,0
0.1385674653,1,3.750129819,5,0,0.5922628252
0.7057122704,1,3.447042858,1,0,0
0.5777883386,1,1.521244614,1,0,0
0.4730530816,0.5991431456,2.096615915,3,1,0
0.3873031057,1,3.337246356,1,0,0
0.3170969634,0.7948688037,3.506215069,1,1,0
0.2596170357,0.005921555915,2.449622095,5,1,0
0.2125564511,0.7026436838,2.325636445,3,1,0
0.1740265033,0.2253496529,4.843100837,5,1,0.01887165504
0.1613525051,0.1741896939,1.43596577,3,1,0
0.132104258,1,1.478426654,3,0,0
0.1081578187,1,2.233928043,3,0,0.07588614343
0,1,3.38623982,3,0,0.257935973
0.257935973,0.5886499367,4.606811081,5,1,0.3175661243
0.5287462377,0.3651737466,2.214153805,1,1,0
0.4329008054,1,1.750708993,3,0,0.007149050319
0.3615782527,0.4874781909,1.873054002,1,1,0
0.2960352352,1,1.209969802,1,0,0
0.242373151,0.0120391557,1.157814623,3,1,0
0.1984383525,0.43435169,3.133531544,3,1,0
0.1624675817,1,2.875840387,3,0,0.1519083285
0.2849255341,1,4.080921019,5,0,0.5507719881
0.7840492852,0.1958003218,2.373777265,1,1,0
0.6419252617,0.1400069964,1.033448309,5,1,0
0.5255639529,0.7840336295,2.687133242,3,1,0.03132246914
0.4616178401,1,3.499401328,1,0,0
0.3779407219,1,2.864082962,5,0,0.2898925254
0.5993242172,0.4832539685,3.993104119,1,1,0
0.4906851677,0.06717487793,2.347686545,1,1,0
0.4017390369,0.2048993194,4.684411955,5,1,0
0.3289161042,0.1187244809,1.575491726,3,1,0
0.2692937297,1,3.281351611,5,0,0.4167494818
0,1,3.306938091,3,0,0.2460407136
0.2460407136,0.1617532496,2.677242022,1,1,0
0.2014410987,1,1.167851133,3,0,0
0.1649260225,0.09349078093,1.624629089,1,1,0
0.1350300066,0.2017665487,2.544008236,3,1,0
0.110553219,0.2096581096,2.568846919,1,1,0
0.09051332022,0.7253233285,4.63208898,1,1,0
0.07410603882,1,2.756844272,3,0,0.1514083293
0.2120812222,0.5899879014,3.794400821,5,1,0.2439890122
0.417626431,0.4635535185,3.378581533,3,1,0
0.3419236024,0.09272110838,3.805005535,1,1,0
0.2799433685,0.6731615748,2.874043954,1,1,0
0.2291982449,0.1874654453,2.88942192,3,1,0
0.1876516516,0.2238518563,4.630689204,3,1,0
0.1536361781,1,4.023212026,5,0,0.6396843213
0.765470985,0.08975801004,3.015566374,1,1,0
0.626714636,1,3.482853899,3,0,0.1016934168
0.6148039627,0.2048484115,4.215182417,5,1,0
0.5033589114,1,2.319145032,1,0,0
0.4121154206,1,1.459779025,1,0,0
0,1,2.037657819,3,0,0.05564867286
0.05564867286,1,1.424908286,3,0,0
0.04556127984,0.8509267474,4.655168647,5,1,0.7065727778
0.7438751988,1,4.276373827,1,0,0
0.6090335017,0.1521489572,2.253059265,1,1,0
0.4986344575,1,3.594232537,1,0,0
0.4082473649,1,1.358715636,1,0,0
0.3342446725,0.6560824995,2.005844782,3,1,0
0.2736563924,1,4.621281176,3,0,0.3219098043
0.5459607085,0.3773979817,3.887358202,5,1,0.05301829743
0.5000131195,0.218678442,3.51252815,1,1,0
0.4093761179,0.1676953014,3.07024099,5,1,0
0.3351688173,0.3740446666,4.920133796,5,1,0.1396726888
0.4140857069,0.2237387515,2.96239536,3,1,0
0.3390247027,1,3.29665103,5,0,0.3795073994
0.6570773495,1,2.2963519,1,0,0
0.5379694332,1,3.33416742,3,0,0.1155654477
0.5560175669,0.3153701136,1.944380859,5,1,0
0.4552286813,1,3.998576578,3,0,0.1905536457
0.5632633667,0.03762482091,4.144867997,5,1,0
0,1,1.66210528,1,0,0
0,0.2282700348,1.377281628,3,1,0
0,0.2456454568,4.040847753,3,1,0
0,1,1.302590084,1,0,0
0,0.4282674961,2.55633076,3,1,0
0,0.346015805,4.410133823,3,1,0
0,0.1693961961,1.598519702,3,1,0
0,0.6651030096,2.823351674,3,1,0.03167295431
0.03167295431,0.7945592887,2.644066415,1,1,0
0.02593162173,1,3.313655081,1,0,0
0.02123101619,0.162127259,1.696546434,3,1,0
0.01738248587,0.6793790242,2.325626126,1,1,0
0.01423157575,0.1181562174,1.372528542,5,1,0
0.01165182873,0.5314730183,2.652847984,3,1,0
0.009539710511,1,3.430358045,3,0,0.262029941
0.2698403954,1,2.513598903,5,0,0.2762921942
0.4972188243,0.5055346059,3.956391973,3,1,0.02514607688
0.4322344194,1,1.991651327,1,0,0
0.3538836117,1,3.08783776,3,0,0.1377362901
0.427471686,1,1.960003752,5,0,0.1374073325
0,1,4.713635629,5,0,0.9284089072
0.9284089072,0.6934151521,4.010612301,1,1,0
0.7601169238,1,2.803026622,1,0,0
0.6223311014,0.1088497117,2.900343474,3,1,0
0.5095216113,0.03661843535,4.208886364,1,1,0
0.4171610126,1,1.889942956,1,0,0
0.34154255,1,1.45891965,1,0,0
0.2796313891,0.4657195902,1.681547785,5,1,0
0.2289428178,0.8129792937,3.958672572,1,1,0
0.1874425256,1,3.140769825,1,0,0
0.1534649602,1,2.335736375,1,0,0
0.1256464824,1,1.270254926,1,0,0
0.1028706392,1,3.274666279,3,0,0.2163875497
0.3006109056,1,1.631139143,3,0,0
0.2461193931,0.7012075342,4.706314691,1,1,0
0.2015055161,1,3.262167055,1,0,0
0.1649787629,0.2387374184,3.153705141,3,1,0
0.1350731868,1,1.986018277,5,0,0.2132084114
0.3237969834,0.07638261399,1.151701224,1,1,0
0.2651025481,1,1.189271108,5,0,0.03477371382
0,1,4.837548053,3,0,0.475632208
0.475632208,1,2.350756667,5,0,0.1770733228
0.5664880386,0.6211835906,4.287799515,5,1,0.1802879464
0.6440891249,1,2.683981161,1,0,0
0.5273355743,1,2.679841358,1,0,0
0.4317458518,1,1.995464054,5,0,0.1414191445
0.494902751,1,4.15691905,5,0,0.3986377819
0.8038298839,0.2430014225,2.640596399,3,1,0
0.6581202462,1,1.285695902,1,0,0
0.5388232848,1,3.184348825,3,0,0.1049879509
0.5461391446,0.3080256091,3.202572937,3,1,0
0.4471409132,1,1.994101001,3,0,0.0271537571
0.3932417737,1,1.633288174,3,0,0
0.3219591335,1,1.51566524,5,0,0.08741052658
0.3510083704,1,1.213358391,5,0,0.03461695252
0.3219983,0.1612156601,4.285346912,5,1,0
0.2636299106,1,1.605604657,1,0,0
0.2158419153,0.5644711355,2.448731179,1,1,0
0.1767164138,0.3046000525,2.064356338,5,1,0
0.1446831626,1,3.168082332,3,0,0.1926279147
0,1,1.566271739,5,0,0.1415679349
0.1415679349,0.5547183896,3.002781267,3,1,0
0.1159060219,0.6262486669,3.726985268,1,1,0
0.09489582461,0.3084552886,4.279390288,1,1,0
0.07769412995,1,2.405515425,1,0,0
0.06361057352,1,2.116987986,1,0,0
0.05207993277,0.7449174037,4.274112437,1,1,0
0.04263944257,1,2.656082993,5,0,0.3963671344
0.4312773573,0.6344210487,3.66220045,1,1,0
0.3531000355,0.5904971851,1.184246106,3,1,0
0.289093858,0.7348239852,2.292566027,3,1,0.001915803606
0.2386058357,0.3652729845,3.967342386,5,1,0.08549752065
0.2808514562,1,1.918978938,5,0,0.1652205913
0.3951623155,1,1.799511469,3,0,0.01205243141
0.3355839716,1,2.705258562,5,0,0.2832502804
0.5580031981,1,2.132156126,1,0,0
0.4568543786,1,4.501033791,5,0,0.4753927934
0.8494335229,1,1.182117151,1,0,0
0.6954573479,0.2371854173,4.676674767,3,1,0
0.5693923182,0.6724575627,1.653743682,3,1,0
0,0.4606607458,1.511937453,1,1,0
0,1,1.17821118,5,0,0.04455279488
0.04455279488,1,4.412965858,5,0,0.8152271724
0.8517039157,1,3.915258745,3,0,0.05001861004
0.7473347984,0.0848851692,4.901373073,5,1,0
0.6118659823,1,4.166536336,3,0,0.1455426688
0.6464961652,0.1211812549,1.75781981,1,1,0
0.5293062922,1,2.241732333,1,0,0
0.4333593392,0.7034644485,1.992859837,1,1,0
0.3548046182,0.4892361627,2.696468415,5,1,0.05148818193
0.3419776341,0.8611495181,2.142547651,1,1,0
0.2799876059,0.2942902281,3.555713564,5,1,0.008354259834
0.2375887233,0.2356192125,4.552538418,1,1,0
0.1945211943,0.448405458,2.163289495,1,1,0
0.1592604839,0.2640336867,3.811948255,5,1,0.001362576341
0.1317540323,0.1802118722,2.224834779,5,1,0
0.1078710781,0.6807143615,3.620852183,3,1,0.1068011356
0.1951185046,0.1497509029,4.85030316,5,1,0
0.1597495202,1,4.063749037,5,0,0.6435791495
0.7743709945,0.3194703052,1.383738555,3,1,0
0,0.6514052343,4.000250065,1,1,0
0,0.2591631912,2.645438679,1,1,0
0,1,1.022836814,5,0,0.005709203614
0.005709203614,0.6195669041,3.157234114,1,1,0
0.004674300575,1,4.651904561,3,0,0.4456925992
0.4495195928,0.4757487221,4.244619514,1,1,0
0.3680355148,1,3.22658107,5,0,0.35178004
0.6531020342,0.07233686971,4.670011663,3,1,0
0.5347147203,0.3707292762,3.935495363,1,1,0
0.4377873856,0.2372755048,1.793827138,3,1,0
0.3584299959,0.109629033,3.107759483,1,1,0
0.2934576605,1,3.192499215,3,0,0.1617097948
0.4019726061,0.5262342361,2.239665692,3,1,0
0.3291073345,0.3320538514,1.373893404,5,1,0
0.2694502958,1,4.734263079,3,0,0.3361547477
0.5567619914,1,2.567888785,1,0,0
0.4558381645,1,3.677464944,1,0,0
0.3732087237,0.0001855210592,3.140404826,3,1,0
0.3055574594,0.5144113139,3.504042274,1,1,0
0.2501692888,0.1957618544,2.591827319,5,1,0
0,1,1.643456051,3,0,0
0,0.02167739529,4.068702949,5,1,0
0,0.7575174325,3.75694003,3,1,0.1768921349
0.1768921349,0.154466967,1.268888106,3,1,0
0.1448270308,0.6755379498,3.980731734,5,1,0.361125724
0.479700068,1,1.735545524,1,0,0
0.3927451979,1,2.329923195,1,0,0
0.3215525717,1,1.398315715,5,0,0.0675590682
0.3308240474,1,2.983836128,5,0,0.3318838578
0.6027396792,0.01734858265,1.273788723,5,1,0
0.4934815115,1,4.5770921,5,0,0.452965821
0.8569943105,1,1.525837489,5,0,0.01879943815
0.7204470354,0.9062887985,3.611096692,1,1,0
0.5898521438,0.1053800826,4.745861306,1,1,0
0.4829300899,1,1.161701989,1,0,0
0.3953897162,1,2.388693423,5,0,0.2099045811
0.5336223012,0.7940023973,2.529156416,1,1,0
0.4368929885,1,4.95213968,5,0,0.556369391
0.9140671165,0.1169454625,1.977419542,5,1,0
0.7483748587,1,3.941258054,3,0,0.08585165689
0,0.9206544022,1.214125079,3,1,0
0,0.7401877148,1.825382398,3,1,0
0,1,4.387295559,3,0,0.4080943338
0.4080943338,0.05143990315,1.204023383,3,1,0
0.3341193813,0.04410397889,2.224148089,1,1,0
0.2735538126,1,4.326586027,3,0,0.2898432416
0.5138101607,0.9099876701,4.218392273,1,1,0
0.4206721798,0.1598262038,1.26974605,5,1,0
0.3444172506,1,4.502682601,3,0,0.2788864686
0.5608714635,1,2.630864351,1,0,0
0.4592027157,1,1.027317222,3,0,0
0.3759633852,1,1.155605581,3,0,0
0.3078127855,0.7385763229,4.442375102,3,1,0.1676165674
0.4196323611,0.3645376598,4.524668373,3,1,0
0.343565919,1,3.614879559,5,0,0.429124015
0.7104119986,1,4.808282055,5,0,0.2757081973
0.8573443479,1,1.159556516,3,0,0
0.7019341836,1,3.488473439,5,0,0.1854322168
0.7601273195,0.1770497893,1.898063028,5,1,0
0.6223396127,0.4441297123,4.229158688,3,1,0.01198854754
0,0.7730435223,3.448426842,1,1,0
0,0.9155800863,2.118533371,1,1,0
0,0.3514358472,4.792552198,5,1,0.1710686605
0.1710686605,0.476054933,4.227126934,3,1,0.04298149452
0.1830406678,0.4960061453,4.413313381,5,1,0.2428474027
0.3927084265,1,1.594676711,5,0,0.09028553894
0.4118080047,0.1696587756,2.401025503,3,1,0
0.3371598778,0.8478543026,3.86057331,3,1,0.1597315796
0.4357747403,0.4602474945,3.018642218,3,1,0
0.3567821813,0.4871492694,3.32634938,5,1,0.09976769397
0.391876238,0.3051373554,2.693440417,1,1,0
0.3208411274,0.7960575399,4.235930326,1,1,0
0.2626824979,1,1.270010443,5,0,0.04977085628
0.2648370956,1,2.477653047,1,0,0
0.2168302747,0.2014229255,3.725806204,5,1,0
0.1775256141,0.754621869,3.048169632,1,1,0
0.1453456797,1,4.750190687,1,0,0
0.1189989778,0.696644735,4.734552554,3,1,0.2156207418
0.3130488645,1,2.762029213,1,0,0
0.2563027326,1,2.387017948,3,0,0.0803584919
0,1,1.624499463,1,0,0
0,0.1660383704,4.433991115,3,1,0
0,1,2.138284551,3,0,0.07074268262
0.07074268262,0.7631788921,4.770942392,3,1,0.2752110581
0.3331302679,0.03409995311,1.937751829,1,1,0
0.2727439951,1,4.046822305,3,0,0.2596473721
0.4829512686,1,3.923298689,3,0,0.1750183086
0.5704253645,1,3.55514811,5,0,0.2744067045
0.7414314928,1,3.274835112,5,0,0.1470501798
0.7540829442,0.7051392146,2.331659021,3,1,0
0.6173908968,1,4.098642625,3,0,0.1395744211
0.6450513349,0.4283335745,4.113811328,3,1,0.005080212227
0.5332035775,1,2.587036074,5,0,0.1852056905
0.621755857,1,3.63967058,1,0,0
0.509050641,0.3606087253,3.228051571,1,1,0
0.4167754147,1,3.269892168,5,0,0.3309642295
0.6721910787,1,2.230093217,5,0,0.1008088827
0.6511523907,1,4.14045574,5,0,0.2738851192
0.8070036065,0.3395003839,1.393805692,1,1,0
0.6607186705,1,2.226433963,1,0,0
0,0.003523161103,4.776541674,3,1,0
0,0.04011674274,3.007216678,1,1,0
0,0.4456038967,4.418303141,1,1,0
0,0.07713750718,4.368148786,3,1,0
0,1,1.472528256,1,0,0
0,0.2595756872,4.716724288,3,1,0
0,1,4.97698477,5,0,0.9942461925
0.9942461925,0.8830282963,1.012477829,1,1,0
0.8140199339,1,4.63421324,5,0,0.1689728046
0.8354359581,0.6365163304,3.989044774,5,1,0.06331980588
0.747316917,0.2338184148,4.076323986,5,1,0
0.6118513423,1,4.295763475,1,0,0
0.5009415102,1,3.525806351,1,0,0
0.4101362199,0.5483455875,2.827620045,3,1,0
0.3357911362,1,1.009710431,3,0,0
0.2749225298,1,2.18853329,5,0,0.2154446777
0.4405322076,0.4336495927,4.042819659,5,1,0.1053431835
0.4660204496,1,2.689096397,1,0,0
0.3815452736,0.2692317935,2.980686934,5,1,0
0.3123828492,0.3731264504,3.650891121,3,1,0
0,0.1939949632,4.554039871,5,1,0
0,1,3.672213559,1,0,0
0,0.7500551675,3.135778465,5,1,0.3380017104
0.3380017104,0.3164061362,3.194892528,5,1,0.001801231215
0.2785336261,0.6635703236,3.601318065,5,1,0.250660468
0.4787045135,0.4938862366,4.284943789,1,1,0
0.3919301068,1,3.63697269,5,0,0.4008659254
0.7217511569,1,3.411602424,5,0,0.1677563961
0.7586762644,1,1.850730393,1,0,0
0.6211515893,0.4644428315,2.26067638,1,1,0
0.5085559085,0.109621295,3.017879034,3,1,0
0.4163703619,0.7742198857,4.391863223,3,1,0.151767154
0.492662374,1,2.249045497,5,0,0.1584219443
0.5617797807,0.6713567007,1.777741307,1,1,0
0.4599463829,0.3521856253,4.938118833,5,1,0.09979306087
0.4763653094,1,3.676377683,3,0,0.157853161
0.5478680894,0.5301907666,1.547810009,3,1,0
0.4485564534,1,2.271824909,1,0,0
0.3672469629,1,3.203374474,1,0,0
0.3006763825,0.5259734476,2.889852117,3,1,0
0,0.9956197508,4.888680212,3,1,0.4800899862
0.4800899862,0.8710503317,3.542622489,3,1,0.1106734392
0.5037378751,0.02535102936,1.520174497,3,1,0
0.4124256898,0.8030116521,3.942316554,5,1,0.3181312591
0.6557968547,1,3.166576658,3,0,0.07744106048
0.6143621132,1,1.974773262,5,0,0.09397737522
0.5969745308,0.5821230519,3.665551805,5,1,0.1142377913
0.6029991985,0.2603516739,2.386274869,3,1,0
0.4936939879,1,4.081424391,5,0,0.3900359238
0.7942383743,0.2456380433,4.03067855,3,1,0
0.6502673823,0.2608580473,1.073108145,5,1,0
0.5323939036,0.07573261049,1.930166567,3,1,0
0.4358872616,1,3.075290586,3,0,0.1191934045
0.4760677105,0.3506008695,2.155265895,3,1,0
0.3897712751,1,4.450335463,5,0,0.5263734525
0.8454911821,1,4.503653471,1,0,0
0.6922296323,1,2.853294001,5,0,0.142597244
0.7093469321,1,3.151620967,3,0,0.06474097846
0.6455051264,0.2651448545,2.967593801,1,1,0
0.5284948983,1,3.689588169,1,0,0
0,0.3673074316,3.86886587,1,1,0
0,0.6179022164,3.325122007,3,1,0.05819003866
0.05819003866,1,2.445796583,3,0,0.1100688475
0.1577108217,0.627569785,1.294857011,5,1,0
0.1291226998,0.523189937,1.919656962,1,1,0
0.1057167253,1,4.414286285,1,0,0
0.08655353408,0.2895118364,1.697092712,5,1,0
0.07086404014,0.5205399754,2.179422046,1,1,0
0.05801856895,0.3427199927,2.865910342,1,1,0
0.04750158665,0.40391013,3.302878131,3,1,0
0.03889100981,1,2.072455825,3,0,0.0585011412
0.09034240695,1,3.035895688,5,0,0.4629919928
0.5369580996,1,2.227663976,5,0,0.1421149652
0.5817390745,0.2876232115,2.910577188,1,1,0
0.4762876705,1,2.655231472,3,0,0.07765853656
0.4676098997,0.7405104634,4.664023266,3,1,0.1427144625
0.5255610679,0.4802481644,1.308256019,3,1,0
0.4302930089,1,4.403131729,5,0,0.4846969845
0.8369911037,1,4.364175144,3,0,0.06595768195
0.7512280386,0.384584263,2.677371144,1,1,0
0,0.5825832965,2.915792997,1,1,0
0,0.3641689165,1.191357011,3,1,0
0,0.5919065067,4.142912297,1,1,0
0,1,1.837176248,5,0,0.209294062
0.209294062,1,3.535872147,3,0,0.2216987809
0.3930542659,1,2.904014402,3,0,0.1126504395
0.4344560546,0.5559177044,1.325958744,3,1,0
0.3557025327,0.08277968675,1.739072428,5,1,0
0.2912246025,0.724137757,3.899488362,3,1,0.1230186114
0.3614531495,1,1.420669074,1,0,0
0.2959328093,1,2.16616591,5,0,0.2052647891
0.4475540809,1,3.145219317,1,0,0
0.3664262897,0.2422338803,1.167120353,1,1,0
0.3000044721,1,4.251654177,1,0,0
0.2456228874,0.1678373146,3.576903901,5,1,0
0.2010990115,0.1920727362,4.633715459,5,1,0
0.1646459452,0.02453287052,1.862355809,1,1,0
0.1348006987,1,2.031912227,1,0,0
0.1103654775,0.487128365,3.331997489,1,1,0
0.09035961054,1,1.535018936,3,0,0
0,1,2.360518838,1,0,0
0,1,3.583795609,1,0,0
0,0.1405910691,2.482583197,3,1,0
0,1,4.554550164,5,0,0.8886375411
0.8886375411,1,1.683196878,3,0,0.0002761267518
0.72783101,0.1427469971,3.909412186,5,1,0
0.5958976309,0.3474499096,3.395770455,3,1,0
0.4878797161,0.6962891547,2.563671575,3,1,0.00909449166
0.408536619,1,3.423652363,1,0,0
0.3344814938,1,2.306738831,3,0,0.06389698064
0.3377472659,0.3519428481,1.448406471,5,1,0
0.2765240734,1,3.234146067,5,0,0.4040877241
0.6304864869,0.8439544617,4.116785701,1,1,0
0.5161986762,1,2.597012342,3,0,0.06751537042
0.4901431014,0.1612588898,4.197197501,5,1,0
0.4012952305,1,4.32819748,3,0,0.2390206789
0.5675734251,1,1.874158577,5,0,0.0945023498
0.5591921676,0.07187530783,2.114007585,3,1,0
0.4578278245,1,1.60659253,5,0,0.08221939796
0.4570571175,1,3.959642245,5,0,0.4017291729
0,0.992705047,2.954752639,1,1,0
0,0.5798487074,3.172406159,3,1,0.02592734162
0.02592734162,1,3.923437403,5,0,0.7119101107
0.7331376226,0.8977888939,3.594948637,3,1,0.06247935267
0.6627216705,0.783003349,1.302198359,3,1,0
0.5425906124,1,4.064583123,1,0,0
0.4442356207,1,4.313271664,5,0,0.4603495925
0.8240589567,1,4.268997243,5,0,0.1437876963
0.8184701066,1,3.537552904,3,0,0.0509432669
0.7210499136,0.2492457156,3.02755166,1,1,0
0.5903457388,0.1139315233,4.775591495,1,1,0
0.4833342113,0.4435423389,1.747813936,5,1,0
0.3957205828,1,3.249122272,3,0,0.1434368027
0.4674254134,0.420436987,2.726679745,1,1,0
0.3826955607,0.1974111332,2.963858628,3,1,0
0.3133246246,0.263880781,3.088563426,5,1,0
0.2565285059,1,4.200864388,3,0,0.2826155649
0.4926433417,1,2.857067321,1,0,0
0.4033422542,0.1522290834,4.995598446,5,1,0
0.3302287075,0.5992472793,2.443565664,1,1,0
0,1,4.064650318,1,0,0
0,0.679613967,3.343678306,1,1,0
0,1,1.629294296,3,0,0
0,0.344440294,2.432642503,5,1,0
0,0.7521145422,1.256544118,3,1,0
0,1,2.708806913,5,0,0.4272017282
0.4272017282,1,1.216396656,1,0,0
0.3497631926,0.1717890886,1.492601427,5,1,0
0.2863618821,0.0764889083,2.592461901,5,1,0
0.2344532794,0.5355428093,4.517372226,1,1,0
0.19195411,0.02591935983,2.610545339,5,1,0
0.157158733,1,2.909053979,5,0,0.4022573687
0.5309280565,0.08278709664,1.724667233,3,1,0
0.4346871276,1,1.656624026,1,0,0
0.3558917193,0.2622060171,3.348161155,3,1,0
0.2913794954,0.4773813454,3.026617027,3,1,0
0.2385613537,0.01939807662,1.035731858,1,1,0
0.1953175167,1,3.385401348,5,0,0.4798726701
0.6397851277,1,1.735625079,1,0,0
0.5238117594,0.4618331481,3.637234125,3,1,0.00093775415
0,0.3014083438,2.875617777,5,1,0
0,1,3.814270804,3,0,0.3221406206
0.3221406206,1,4.723542785,5,0,0.6310096004
0.8947560333,0.3155510535,4.512668157,3,1,0
0.732564281,1,3.199524229,3,0,0.06149112966
0.6612640351,0.5707788203,3.252473518,3,1,0.009642610273
0.5510398117,0.2936395968,1.769592478,3,1,0
0.45115324,0.3030703069,1.056093795,5,1,0
0.369373032,0.1403622741,3.037103901,5,1,0
0.3024170606,1,3.1674383,3,0,0.1570369031
0.4046350509,1,4.226829905,5,0,0.4802853556
0.8115725155,1,4.717813144,3,0,0.08623797834
0.7506973551,1,4.523937494,5,0,0.2196317344
0.8342507453,1,2.499857074,3,0,0.02071510336
0.7037418443,1,1.071684966,1,0,0
0.5761750902,1,2.472533541,5,0,0.1560240988
0.6277563643,1,3.295850651,3,0,0.09096800546
0.6049314463,0.1818091146,1.545949485,5,1,0
0.4952759786,1,3.027923683,1,0,0
0.4054976749,0.3348613286,2.906363046,5,1,0
0,0.1793786501,4.160663012,1,1,0
0,1,3.008217376,1,0,0
0,1,2.098338806,5,0,0.2745847016
0.2745847016,0.6872773331,1.99219376,1,1,0
0.2248109395,0.5533029185,3.530041859,5,1,0.1847241545
0.3687837843,1,4.836420711,3,0,0.3001200229
0.6020546484,0.7877003728,4.296614511,3,1,0.1025372766
0.5954579322,0.4017754332,1.82026968,5,1,0
0.4875197213,0.5123769155,3.094523379,3,1,0
0.3991473886,1,1.828298018,3,0,0.01456749293
0.3413617349,1,3.339070242,3,0,0.1652263484
0.4447096987,0.2551960159,4.387673707,3,1,0
0.3640975065,0.9092496771,1.704408502,1,1,0
0.2980978257,1,2.032443439,5,0,0.1811685737
0.425230431,0.4772678195,1.985203464,1,1,0
0.348149231,0.4685108987,1.864163813,5,1,0
0.2850404821,1,3.340303599,3,0,0.1794873982
0.4128588067,1,2.655483655,5,0,0.2430006621
0.5810208639,0.7036848385,2.813149168,1,1,0
0.4756996494,1,4.20815261,5,0,0.4205088846
0,0.231910302,2.574144571,5,1,0
0,0.580484162,4.000562306,1,1,0
0,1,4.540084875,3,0,0.4310127313
0.4310127313,0.07768344255,3.790858134,3,1,0
0.3528833781,1,4.511113207,1,0,0
0.2889164739,1,4.729176621,1,0,0
0.2365448022,1,3.769425461,5,0,0.5285830658
0.7222495698,0.5998430705,3.465848489,1,1,0
0.5913279342,1,3.656934025,3,0,0.1220050009
0.6061433658,1,4.039353197,3,0,0.1401747496
0.636442964,0.1359795868,2.851449424,5,1,0
0.5210754272,0.3469112821,1.406781525,5,1,0
0.4266204769,1,3.472764404,3,0,0.1553369189
0.5046242232,0.6941588167,1.895894731,1,1,0
0.4131513703,1,2.632951166,5,0,0.2395737885
0.577833521,0.4556046114,2.612378691,5,1,0.02007525919
0.493165333,1,3.319260181,3,0,0.1256387525
0.529408377,1,2.266690506,1,0,0
0.4334429192,0.1587718999,2.477050553,5,1,0
0.3548730477,1,3.963986504,3,0,0.2223094418
0,1,2.980801132,1,0,0
0,1,1.712356249,3,0,0.006853437289
0.006853437289,1,3.235097586,1,0,0
0.005611119873,0.818301769,1.018804631,1,1,0
0.004593996399,1,4.045482225,3,0,0.3551830933
0.3589443394,1,3.03456583,3,0,0.1315349253
0.4254136946,1,1.121952079,3,0,0
0.3482992746,0.533396472,4.052393501,1,1,0
0.2851633274,1,2.789483087,5,0,0.3197970339
0.5532690196,0.6672178676,3.817278399,3,1,0.05898790122
0.5119662623,1,2.443983086,1,0,0
0.4191625235,1,2.508634523,5,0,0.2190678674
0.5622491159,0.4518911124,4.330999,1,1,0
0.4603306421,0.7408294544,4.794837405,1,1,0
0.3768868533,0.2043413983,4.903612321,5,1,0.0003132698826
0.3088821271,0.3194093573,3.313103519,5,1,0.010062031
0.2629533275,0.1820183594,2.848848802,3,1,0
0.2152879759,1,4.667159117,1,0,0
0.1762628866,0.5465595153,2.205382282,1,1,0
0.1443118459,1,4.746002297,5,0,0.8013524477
0,1,3.980858447,3,0,0.347128767
0.347128767,0.04953747013,2.871896464,1,1,0
0.2842049968,0.2621845566,3.817360481,1,1,0
0.2326873711,1,1.554394149,5,0,0.106348408
0.2968567146,0.6869194021,1.400197239,5,1,0
0.2430457215,1,2.201297712,3,0,0.06070368853
0.2596926951,1,4.666057891,5,0,0.6785023593
0.8911207551,0.3948921006,1.290214213,3,1,0
0.7295879669,0.9281269214,1.20221483,1,1,0
0.5973361056,1,4.775200243,1,0,0
0.4890574396,1,1.213337377,3,0,0
0.4004063658,1,3.453891423,5,0,0.3678344191
0.6956594245,1,2.485385369,5,0,0.1130157595
0.682573524,0.001959083237,3.763509366,1,1,0
0.5588439353,1,4.253649645,5,0,0.3588418183
0.8163845344,0.02983610851,1.123257219,5,1,0
0.6683991246,1,2.900824722,5,0,0.1575787854
0.7048177041,0.5115603255,3.692308371,3,1,0.009837177528
0.5868931072,1,4.9390626,1,0,0
0.4805074356,1,1.490902394,3,0,0
0,1,4.899781035,1,0,0
0,0.6087533154,3.035617495,5,1,0.2119855535
0.2119855535,1,4.559607472,3,0,0.3419518721
0.515510964,0.4994707581,3.49455832,5,1,0.09028812839
0.5123528081,1,1.895579367,1,0,0
0.4194790004,1,3.514270628,3,0,0.1608859347
0.5043262927,0.1371785771,4.080119101,5,1,0
0.4129074454,1,4.66531102,5,0,0.5379692026
0.8760292263,0.1417539959,1.382338495,5,1,0
0.7172320682,1,3.589097017,5,0,0.1830284022
0.7702483535,1,1.945960017,5,0,0.05433396785
0.6849599824,1,2.620036885,5,0,0.1275941122
0.6883919144,0.2489199239,2.082256666,1,1,0
0.5636076305,1,2.063687943,5,0,0.1160463254
0.5774892252,1,2.812385347,3,0,0.07261177312
0.5454199614,1,1.414839131,3,0,0
0.4465520957,1,1.825316246,5,0,0.1141923867
0.4797983203,1,3.974360329,3,0,0.1800699179
0.572895558,0.3393478816,1.434876573,3,1,0
0.4690472117,1,2.235110577,3,0,0.04527253188
0,1,3.581389739,1,0,0
0,1,4.637495709,1,0,0
0,1,1.460199093,1,0,0
0,0.6008967774,1.835852024,5,1,0.02578939118
0.02578939118,0.5202160881,3.785988269,5,1,0.2361320917
0.2572466593,0.4170043095,1.778813612,5,1,0
0.2106157511,0.3646396104,2.574657523,1,1,0
0.1724375925,1,4.822984015,3,0,0.3918074376
0.5329873976,1,4.732621461,3,0,0.2147759291
0.6511491025,0.2278936451,1.730325787,5,1,0
0.5331157951,1,2.37483389,1,0,0
0.4364782964,0.5337112806,1.348118628,5,1,0
0.3573582043,1,4.187117314,3,0,0.2429620395
0.5355421912,1,1.028530606,3,0,0
0.4384648615,0.1146997655,3.768556157,5,1,0
0.3589846663,1,4.911889318,1,0,0
0.2939117862,0.7174159235,3.031023045,3,1,0.05378671417
0.2944213322,0.3093962133,2.046334573,5,1,0
0.241051799,0.1556912283,4.032655074,3,1,0
0.197356521,0.2176885831,4.436740157,3,1,0
0,0.8926973694,1.057213854,1,1,0
0,0.09288462294,2.305814083,5,1,0
0,1,3.162342771,3,0,0.2243514156
0.2243514156,1,1.409778709,3,0,0
0.1836834035,0.4477277742,1.139497619,5,1,0
0.1503872513,0.1268521088,2.171024746,3,1,0
0.1231266675,1,1.096739302,1,0,0
0.1008075892,0.6287797845,2.393100704,3,1,0
0.08253427341,0.7812782771,2.727070964,3,1,0.06384661946
0.1314199673,1,3.291904061,1,0,0
0.1075975688,1,2.70358232,5,0,0.3800702509
0.4681636895,0.6350566147,1.182267789,1,1,0
0.38330001,1,1.326527371,5,0,0.05034235666
0.3641618625,1,4.483155787,1,0,0
0.2981505159,0.7298905793,4.16450064,1,1,0
0.2441049965,0.08957658613,2.209011487,1,1,0
0.1998562676,1,2.769917072,3,0,0.1324138346
0.296042307,1,2.613041535,3,0,0.0999311803
0.3423101213,1,3.316845078,5,0,0.3809413896
0.661201213,0.3739659202,1.617772916,5,1,0
0,1,2.60016471,1,0,0
0,0.7214686698,1.226836652,5,1,0
0,0.8052477348,4.303335147,5,1,0.6163127198
0.6163127198,0.3466266511,3.453293563,5,1,0.01889694225
0.5234911195,1,3.771133736,3,0,0.1504195871
0.5790178656,1,1.532302356,1,0,0
0.4740597331,0.4193882803,4.088515242,1,1,0
0.3881272823,0.5068538434,3.922028775,1,1,0
0.3177717421,0.5192653201,3.938721633,3,1,0.03874117245
0.2989106702,0.04838650039,1.472549504,1,1,0
0.2447273581,1,3.482941151,3,0,0.2057673642
0.4061331784,1,4.98108616,5,0,0.5910587462
0.9235724692,1,2.791755363,1,0,0
0.7561571832,1,1.742082017,5,0,0.04523784235
0.6643269824,1,3.184660113,5,0,0.1833328631
0.7272377937,0.2249517413,2.756197737,5,1,0
0.5954119465,1,4.487992953,1,0,0
0.4874820713,1,2.931084306,3,0,0.09720550641
0.4963220698,1,1.685507914,5,0,0.0863188018
0.4926729438,1,4.21748317,3,0,0.1941147342
0,1,4.885834777,3,0,0.4828752166
0.4828752166,1,3.733736495,1,0,0
0.3953447897,0.5845619279,3.781756726,3,1,0.04934025843
0.3730211959,0.09851855811,3.679722089,1,1,0
0.3054039246,1,4.919478578,3,0,0.3389085581
0.5889521433,1,1.968188763,5,0,0.09949297894
0.5816862107,0.2581903066,1.469199984,5,1,0
0.4762443894,1,2.161127916,1,0,0
0.3899159276,1,2.307021929,1,0,0
0.319236161,0.4496637345,4.167323508,5,1,0.1487289014
0.4100973639,1,1.071604011,1,0,0
0.3357593236,1,2.983826336,1,0,0
0.2748964838,1,4.985402408,3,0,0.3609640433
0.5860302485,1,3.483439002,1,0,0
0.4798009867,0.7331374731,2.122297573,3,1,0
0.3928278232,0.2001315536,4.704466809,5,1,0
0.3216202195,0.05960814007,1.811447816,5,1,0
0.2633203645,1,3.963941641,5,0,0.545868862
0.7614573423,1,2.254366941,1,0,0
0.6234285433,0.3162499016,4.273295421,1,1,0
0,0.08345574387,4.644522627,3,1,0
0,0.7963953666,4.114511193,5,1,0.5691944125
0.5691944125,0.2626413795,2.286095297,5,1,0
0.46601697,0.08421465482,3.928501517,5,1,0
0.3815424248,0.7308655135,1.304477552,1,1,0
0.3123805168,1,2.292380112,3,0,0.06453791335
0.3202934491,0.4481791845,3.783552843,3,1,0.002961103617
0.2651952004,0.4196598269,3.340362532,5,1,0.07381407432
0.2909375404,1,1.794665039,5,0,0.1408667867
0.3790662983,0.165227883,2.184688794,5,1,0
0.3103532359,0.4435497519,2.821959169,3,1,0
0.2540957386,1,3.287252197,5,0,0.4265177902
0.6345537856,0.7270217991,4.342339363,3,1,0.08169415143
0.6012228502,1,2.895362239,1,0,0
0.4922396369,1,2.695661784,1,0,0
0.4030117286,0.1396544296,4.857826411,3,1,0
0.3299580961,1,4.654538079,5,0,0.6121734132
0.8823202537,1,3.134996389,5,0,0.06281145837
0.7851941841,0.3262446568,4.238964604,5,1,0.02056441075
0.6634270364,1,4.839304507,5,0,0.323051524
0,0.418494064,2.7737113,5,1,0.04019542851
0.04019542851,1,4.984619385,1,0,0
0.03290923346,0.3633364731,4.822035985,1,1,0
0.02694380149,0.6769093915,1.054976302,5,1,0
0.02205971888,0.5693319814,1.253157455,1,1,0
0.01806097026,1,4.465473198,5,0,0.8507208473
0.8655079191,1,3.361513135,3,0,0.03419151425
0.7428094646,1,2.505545335,1,0,0
0.6081609524,0.5741061372,1.703654719,1,1,0
0.4979200745,1,4.06189849,1,0,0
0.4076624776,0.1479366914,4.567307614,5,1,0
0.3337658073,0.5766925891,4.694096696,3,1,0.1039709202
0.3772352509,0.1186684116,4.164947516,3,1,0
0.3088541011,0.5026645448,3.066248466,1,1,0
0.2528683508,1,4.260548275,5,0,0.6090147024
0.8160457977,1,1.609350459,1,0,0
0.6681217905,0.5462311805,1.89231153,3,1,0
0.5470118567,0.2004679202,4.03938554,1,1,0
0.4478554294,0.1743740172,3.397796379,5,1,0
0.3666730129,1,3.474454623,5,0,0.3917847227
0,1,2.519218806,5,0,0.3798047015
0.3798047015,1,1.22242743,3,0,0
0.3109577893,0.5590933341,4.029091097,5,1,0.2157801098
0.4703708148,0.8148856884,2.404985747,3,1,0.02328687893
0.4083939304,0.5166053979,4.500891077,5,1,0.195996817
0.5303614872,1,3.925226244,5,0,0.3434497257
0.7776729855,1,3.469140872,5,0,0.1372391796
0.7739439687,0.1041635511,2.678828303,5,1,0
0.6336517283,0.6208870643,1.420262595,5,1,0
0.5187901567,1,3.342892304,5,0,0.2818557096
0.7066051653,1,3.832482257,1,0,0
0.5785193791,0.07011863629,1.416320788,3,1,0
0.473651607,1,4.068445553,5,0,0.4037678464
0.7915609833,0.3068251727,3.335306727,5,1,0.001217078678
0.6492923986,0.1576292203,1.455046125,1,1,0
0.5315956545,1,2.761695203,5,0,0.2062964221
0.6415301327,1,4.62245065,5,0,0.324634851
0.8498752996,0.5658475451,4.259861721,3,1,0.01674863887
0.712567683,1,4.232699027,3,0,0.110634094
0.6940351697,1,2.965773523,1,0,0
0,1,1.219071552,1,0,0
0,0.9521755956,1.585868174,3,1,0
0,0.242624916,4.023663247,3,1,0
0,0.9068709863,3.595832989,3,1,0.2391434914
0.2391434914,0.5023320012,2.213305025,3,1,0
0.1957941308,0.5833277096,2.035198949,3,1,0
0.1603026762,1,3.868217115,3,0,0.277295403
0.4085401337,0.6971187324,2.688952625,3,1,0.01844046878
0.3529248401,1,2.084519811,3,0,0.04055735851
0.3295077786,0.18514868,2.015727462,3,1,0
0.2697781517,1,4.327141201,5,0,0.6073877993
0.8282634687,1,4.423146475,5,0,0.1469698255
0.8250945989,0.1357254436,1.279353668,3,1,0
0.6755303223,0.06022187925,3.664793736,5,1,0
0.5530774495,0.6562767318,4.564486097,3,1,0.08908726311
0.5419087799,1,1.605359859,1,0,0
0.4436773834,1,4.598302236,1,0,0
0.3632523183,0.6202303015,3.770546683,3,1,0.06417849662
0.3615843407,0.4921462006,3.567623969,3,1,0.008534906952
0.3045751265,0.2728876499,2.591845959,5,1,0
0,0.7601692165,1.792518718,1,1,0
0,0.877779621,1.58402905,5,1,0.09760710469
0.09760710469,1,1.387053198,3,0,0
0.07991393833,0.2323812619,3.226602084,5,1,0
0.06542799891,0.8700436552,2.264425902,1,1,0
0.05356791482,0.6683781947,4.672696046,3,1,0.2067662815
0.2506239808,1,3.021839391,3,0,0.1523300912
0.3575236518,1,3.795874468,3,0,0.2051948479
0.4979104566,1,3.822174313,1,0,0
0.4076546031,0.3676280645,3.988859676,3,1,0
0.3337593602,1,2.518205701,3,0,0.0850994867
0.358358539,1,3.59340903,3,0,0.1854416677
0.4788408242,1,4.365267486,5,0,0.4384600073
0.8305017159,0.6143448814,3.66774305,3,1,0.01491396339
0.6948712587,0.1448456938,1.194734712,1,1,0
0.5689124689,0.06363592304,3.529310031,1,1,0
0.4657861341,0.8458720191,2.27906505,1,1,0
0.3813534323,0.03496222704,1.756487122,1,1,0
0.3122257829,1,1.939336773,1,0,0
0.2556288503,0.05120156771,4.483779386,5,1,0
0,0.3850749992,3.348502545,3,1,0
0,0.8805599995,4.962444828,5,1,0.8424326039
0.8424326039,0.4210201981,2.614762924,1,1,0
0.6897254802,0.4858775121,3.387318824,5,1,0.05009553107
0.6147949929,1,1.847354273,1,0,0
0.5033515675,0.753710796,4.010636349,3,1,0.1010326877
0.5131420956,1,1.068558837,1,0,0
0.4201252144,1,3.84372629,3,0,0.1893632973
0.5333327305,0.8684724079,4.583543182,1,1,0
0.4366559081,1,3.685581998,1,0,0
0.3575036204,0.1698479481,3.211502746,5,1,0
0.2926992084,0.3882758262,4.199886795,3,1,0
0.2396418433,1,4.296914848,5,0,0.6267090242
0.822911171,1,4.207228569,1,0,0
0.6737426828,0.2095146063,2.124328323,1,1,0
0.551613854,0.2874679623,3.402029917,3,1,0
0.4516232261,1,3.654717212,3,0,0.1635301116
0.5332879357,1,4.398496735,5,0,0.3965298567
0.8331490899,0.8707066163,1.735109166,1,1,0
0.6821247818,1,2.311089872,1,0,0
0,0.4105588009,3.987657077,1,1,0
0,0.6704486465,2.304116752,3,1,0
0,0.7754888598,3.503020328,3,1,0.157482986
0.157482986,0.2382397457,4.699552623,5,1,0.02519551804
0.1541316818,1,4.94625237,5,0,0.8345024639
0.9606948118,1,4.126203037,1,0,0
0.7865503867,1,3.746289194,3,0,0.06658419364
0.7105571841,1,2.326705915,1,0,0
0.5817550184,1,4.786560731,5,0,0.3959275057
0.8722282301,1,3.104023247,3,0,0.02754803914
0.7416681148,0.8436656994,1.053595873,1,1,0
0.6072264942,1,1.306228869,5,0,0.0300696466
0.5272246515,0.4958165186,3.305934183,5,1,0.07554202817
0.5071970641,0.3703064073,2.936117925,5,1,0.01075090019
0.4260087344,0.6293632278,4.741611605,1,1,0
0.348786452,0.01046277319,3.836631515,5,1,0
0.2855621945,1,3.049715838,1,0,0
0.2337985505,0.4493576142,4.165490011,3,1,0.02357540412
0.2149934675,0.6943427341,4.621819426,1,1,0
0.1760217635,0.6205970278,4.027313575,1,1,0
0,1,1.038973061,5,0,0.009743265238
0.009743265238,1,2.464368838,1,0,0
0.007977110885,0.3500047109,3.588937536,1,1,0
0.006531106003,0.2884862531,4.818164256,1,1,0
0.005347217336,0.513490254,3.805464492,3,1,0.04287981899
0.04725775027,1,3.868071876,3,0,0.3146057627
0.3532971362,1,4.408388142,1,0,0
0.2892552304,1,1.206870649,3,0,0
0.2368221526,1,1.517038189,1,0,0
0.1938935793,1,2.598106749,5,0,0.3220610278
0.480807664,1,4.637414766,5,0,0.4721294673
0.8657814882,1,1.007657921,3,0,0
0.7088419298,0.0666342916,4.524959552,3,1,0
0.580350687,1,1.759946079,5,0,0.07972771244
0.5548786675,1,2.656061539,1,0,0
0.4542962293,0.6661864987,2.812793038,3,1,0.01695867882
0.3889049727,0.308972928,1.929368814,3,1,0
0.3184084612,0.1264947572,3.348990278,5,1,0
0.2606907992,1,3.468172915,5,0,0.4561857364
0.6696213107,1,4.956238816,3,0,0.1630206802
0,1,1.397969106,3,0,0
0,1,1.230432435,3,0,0
0,0.2156518657,4.970374036,3,1,0
0,0.9065173353,4.953289747,3,1,0.4235364533
0.4235364533,0.2664717784,2.598485282,1,1,0
0.3467623194,1,2.52656545,5,0,0.2493025185
0.5332074934,1,3.147466559,5,0,0.2506053245
0.6871586971,1,3.587040425,5,0,0.2023332743
0.7649312319,1,1.852664367,5,0,0.05010869056
0.6763814141,1,4.703659624,1,0,0
0.5537742645,1,3.096650994,1,0,0
0.4533920206,0.1162402506,4.951245961,1,1,0
0.3712059905,0.4906877028,4.195592438,3,1,0.03697864772
0.3408964079,1,3.599906183,5,0,0.4284018761
0.7075042488,0.414365766,2.585038646,3,1,0
0.5792554864,1,2.200722758,3,0,0.03370517553
0.5079594562,1,3.243340632,3,0,0.1163681273
0.5322501554,1,4.526096172,1,0,0
0.4357695705,0.2230533499,4.783251428,3,1,0
0.3567779487,1,3.413079754,1,0,0
0,0.840293486,3.125874524,1,1,0
0,0.046144197,2.583110601,5,1,0
0,1,3.579640562,5,0,0.6449101406
0.6449101406,1,4.1062193,3,0,0.1299390603
0.6579468253,0.7623442965,3.251450844,3,1,0.04166506996
0.5803463697,0.2408222984,1.69500936,5,1,0
0.4751474203,0.807953815,3.02186996,1,1,0
0.3890178053,1,4.09861319,3,0,0.2228814036
0.5413822443,0.6655119071,3.771787036,3,1,0.05802678469
0.5012730773,0.150618952,3.46655616,3,1,0
0.4104076841,1,3.462960647,5,0,0.363035668
0.6990490602,1,1.105089987,1,0,0
0.5723329635,0.2732153005,2.84353527,1,1,0
0.4685865982,1,1.535270922,5,0,0.07111253533
0.4547587938,0.4281244788,1.775941394,3,1,0
0.3723250097,0.8408575196,4.890692159,1,1,0
0.3048339356,0.515150116,2.034493315,3,1,0
0.2495769176,1,4.64302828,3,0,0.3350295684
0.5393658661,0.4650402225,4.667369042,3,1,0.03481341532
0.4764088371,0.1683410793,3.752771075,5,1,0
0,0.8768787053,1.813358253,1,1,0
0,1,2.613823894,1,0,0
0,1,1.813520225,5,0,0.2033800563
0.2033800563,1,1.478595594,3,0,0
0.1665135067,0.2682579369,2.592990598,5,1,0
0.1363297287,1,1.485983522,3,0,0
0.1116173414,1,2.759618636,1,0,0
0.09138455002,0.1959301124,1.218722336,3,1,0
0.07481934146,0.3563708922,1.175868074,3,1,0
0.06125689578,0.4825732176,1.464897825,3,1,0
0.05015290441,1,3.817873385,1,0,0
0.0410617252,1,2.592485997,1,0,0
0.03361849719,1,1.825640339,5,0,0.1994708878
0.2269953854,1,3.896272443,5,0,0.5597079909
0.7455560937,1,1.439323891,5,0,0.02794582174
0.6383555238,0.1892903849,2.062965458,5,1,0
0.5226412987,0.1990982933,3.218954147,5,1,0
0.4279025041,0.00012100823,2.704219216,5,1,0
0.3503369394,1,1.760160492,1,0,0
0.2868316262,0.3128689118,2.23677618,5,1,0
0,0.7453638598,4.471229621,3,1,0.2499039453
0.2499039453,0.7557763695,2.1054129,3,1,0
0.2046040453,0.7090044556,3.0024525,1,1,0
0.1675156241,1,1.018161036,1,0,0
0.1371501931,1,3.563223957,5,0,0.5529193241
0.665208405,0.4379052292,2.601194594,1,1,0
0.5446265784,1,2.378759163,3,0,0.04864019946
0.4945427281,1,2.925034179,5,0,0.2432556311
0.6481529713,0.01506224972,1.260573662,1,1,0
0.5306627703,1,1.009993391,5,0,0.001172567652
0.4356424972,1,1.651404535,5,0,0.09190625922
0.448580169,1,3.497445644,5,0,0.3442852637
0.7115516433,0.3228177349,1.693331421,5,1,0
0.5825692128,1,4.814029729,1,0,0
0.4769673303,1,4.787153555,5,0,0.4952012587
0.8857090802,1,3.020191218,1,0,0
0.7251572622,1,2.566693561,3,0,0.03710487838
0.6308134298,1,3.058551063,5,0,0.1899973516
0.706463706,0.1908372404,1.260725269,5,1,0
0.5784035621,1,4.120025791,3,0,0.1551491202
0,0.6565837402,2.23163678,3,1,0
0,1,3.152562346,1,0,0
0,0.6216974402,2.381220821,5,1,0.1200997222
0.1200997222,1,2.611477072,3,0,0.1247008407
0.2230301767,0.8963337022,1.592909759,3,1,0
0.1826016645,1,2.83306972,3,0,0.1430123872
0.2925139855,0.01976233891,3.644461024,1,1,0
0.2394901956,0.7223705176,4.213202169,3,1,0.1570634924
0.3531414807,1,3.205271427,3,0,0.1492889395
0.4384167299,1,3.235971927,5,0,0.3139211067
0.6728663661,1,4.030278558,1,0,0
0.5508963867,1,3.276082353,1,0,0
0.4510358135,0.0465362998,4.14517645,1,1,0
0.3692768913,0.8971953452,4.855380987,1,1,0
0.3023383473,0.280532602,4.383359926,5,1,0.04005892376
0.2875926265,0.1771393244,4.444215308,5,1,0
0.2354609277,0.1104462379,2.368970996,5,1,0
0.1927791026,0.5347050197,4.987168541,3,1,0.1210828181
0.278916998,0.6157421929,1.748731813,1,1,0
0.2283579238,1,2.665735272,3,0,0.115638506
0,1,1.393239695,5,0,0.09830992375
0.09830992375,0.2654684968,3.122577844,3,1,0
0.0804893579,1,2.163271457,1,0,0
0.06589911261,1,2.75770826,5,0,0.4104692113
0.4644228414,0.6030961901,3.138143239,3,1,0.01815088917
0.3983881519,1,2.283063767,3,0,0.0556247698
0.3817974014,0.6176475578,2.19592476,1,1,0
0.312589274,0.2828198285,4.868649607,5,1,0.06477997944
0.3207064311,1,4.415846871,1,0,0
0.2625722179,0.7835492014,4.561137173,1,1,0
0.2149759497,0.2220063366,4.484925668,1,1,0
0.1760074212,1,1.525239651,3,0,0
0.1441026885,0.3575810114,3.301587413,5,1,0.03864054677
0.1566218494,1,2.580790386,1,0,0
0.1282311247,0.7578802778,4.413938059,1,1,0
0.1049867653,1,4.065394415,1,0,0
0.08595589344,1,4.256836637,1,0,0
0.07037473336,0.4090082517,2.904765984,5,1,0.04370941286
0.1013273713,1,2.855318822,1,0,0
0.08295983502,0.3365664611,2.393071467,1,1,0
0,0.432110173,1.619540404,5,1,0
0,1,2.938927646,1,0,0
0,1,4.614611437,3,0,0.4421917155
0.4421917155,0.04861676869,1.12413462,1,1,0
0.3620359562,1,3.928566042,5,0,0.4670799586
0.7634899297,0.07283463527,3.195087107,3,1,0
0.6250926851,1,1.181634916,5,0,0.0170240647
0.5288066695,1,4.137792626,3,0,0.1746567106
0.6076069934,1,3.709574863,5,0,0.2658045568
0.7632710881,0.360195511,3.89399133,5,1,0.02382665829
0.648740171,0.7594698722,3.86691338,1,1,0
0.5311435288,1,2.195763515,3,0,0.0372105722
0.4720741135,1,1.544047477,1,0,0
0.3865015945,1,2.326386666,1,0,0
0.3164407415,1,2.966931246,1,0,0
0.2590797666,0.3937979954,3.396425617,3,1,0
0.2121165724,1,2.011358765,1,0,0
0.1736663611,1,1.817054818,5,0,0.1687899702
0.3109759608,0.6381412892,3.892235572,1,1,0
0.2546055826,0.4062953769,4.601551187,3,1,0.02268857324
0,1,4.365383681,1,0,0
0,1,4.761942627,1,0,0
0,1,3.327567891,3,0,0.2491351837
0.2491351837,0.08345507912,3.475128042,1,1,0
0.2039746365,0.9002264962,1.768944029,1,1,0
0.1670003078,0.526191838,2.418818728,1,1,0
0.1367282878,0.6105433948,1.743958522,3,1,0
0.111943654,0.8434641209,1.062231508,3,1,0
0.09165171214,1,4.062491724,1,0,0
0.0750380753,0.3813705857,4.601331539,1,1,0
0.0614359799,1,2.405685568,1,0,0
0.05029952609,0.6122069667,3.009522658,1,1,0
0.04118176888,1,4.551683084,5,0,0.8513546231
0.8850714037,0.5913107322,4.937444586,3,1,0.02159905931
0.7462342362,0.330478907,3.150752132,5,1,0.002617411202
0.6135823294,1,1.795216822,1,0,0
0.5023587226,1,2.369715229,3,0,0.05247989771
0.463776433,0.3900286292,2.327777976,5,1,0
0.3797080282,1,1.436670896,3,0,0
0.3108786399,0.2264262391,2.01509072,3,1,0
0,1,2.717567943,3,0,0.1576351915
0.1576351915,1,1.9409949,5,0,0.1981652471
0.3272260262,1,2.754272992,3,0,0.1097569844
0.3776669953,1,4.749254496,5,0,0.5833212039
0.8925287874,0.2202788054,1.485042927,1,1,0
0.7307407662,1,2.003924743,1,0,0
0.5982799378,1,3.568513509,1,0,0
0.4898301841,0.1234631081,2.256149929,1,1,0
0.4010390355,1,1.594192158,3,0,0
0.3283429915,1,1.845968127,5,0,0.1420501053
0.41087461,1,2.977510135,1,0,0
0.3363956789,1,4.326883482,1,0,0
0.2754174875,1,1.838363694,1,0,0
0.225492767,1,1.654402202,1,0,0
0.1846178629,0.7155260393,2.358588017,3,1,0.002564108849
0.1537164308,0.6813831074,3.929292416,3,1,0.1282991461
0.2541515152,0.1126286715,3.23573745,1,1,0
0.2080816615,1,1.222088824,3,0,0
0.1703628554,0.2496529951,2.978391911,5,1,0
0.1394813089,0.5817399516,4.084122286,3,1,0.09154590678
0,1,3.200625085,1,0,0
0,1,1.952401746,5,0,0.2381004366
0.2381004366,0.3276684807,1.884537956,1,1,0
0.1949401498,0.003664516433,3.14786728,3,1,0
0.1596034956,0.6223375604,2.737224327,1,1,0
0.1306722902,1,4.179484624,3,0,0.327669342
0.4346547646,0.7205801016,1.205134553,5,1,0
0.3558652227,0.4835648283,3.99822027,5,1,0.1503086407
0.4416664425,1,2.196455923,5,0,0.167005373
0.5286112721,0.3281546746,4.445640246,5,1,0.05407507843
0.4868653833,0.493461955,1.633114876,5,1,0
0.3986116619,0.0741570502,1.357672536,1,1,0
0.3263556262,1,4.600865053,3,0,0.2964909352
0.5636883227,0.02288230522,4.045493646,5,1,0
0.461508965,0.02821805364,2.38059214,1,1,0
0.3778515824,0.635733091,3.021227988,3,1,0.02370646222
0.3330651729,1,3.066636053,5,0,0.3445778897
0.6172685896,0.113575469,4.710389688,3,1,0
0.5053767772,1,3.93081994,5,0,0.3624129011
0.7761804105,1,4.693863349,1,0,0
0,1,3.277437345,5,0,0.5693593362
0.5693593362,1,2.348428363,5,0,0.1451720213
0.6113240194,0.3324195346,4.402027297,5,1,0.04502032574
0.5455301005,0.2347097585,1.12924445,3,1,0
0.44664227,0.5745244902,1.458690391,1,1,0
0.3656797621,0.5811588946,3.378119946,1,1,0
0.299393267,1,3.257981066,5,0,0.3954891844
0.6406116594,0.1695183614,4.484253765,3,1,0
0.5244884663,1,3.990126861,5,0,0.3554599524
0.7848747894,0.1688797959,4.511554104,1,1,0
0.6426011274,0.4484378909,3.80686069,3,1,0.002169799591
0.5282871046,1,2.274447364,5,0,0.1502933141
0.582818213,1,3.398210301,1,0,0
0.4771711945,1,1.158954914,5,0,0.02077655191
0.4114512833,1,3.294500664,5,0,0.3376063553
0.6744741744,1,1.063494506,3,0,0
0.5522127487,0.3731627614,1.127144725,1,1,0
0.4521135596,1,1.794891431,3,0,0.01053789144
0.3806971666,1,2.212293222,1,0,0
0.3116884779,0.2163268695,2.212968887,1,1,0
0,1,2.663641677,3,0,0.1495462516
0.1495462516,1,4.286003385,1,0,0
0.1224381152,1,3.376193213,5,0,0.5213141488
0.621557999,0.6220763404,2.335165409,3,1,0
0.5088886486,1,2.428369935,5,0,0.1753721722
0.5920149587,0.416962919,4.331198274,1,1,0
0.484700853,0.1532052748,3.877168627,5,1,0
0.3968394944,0.1902923521,2.597150048,5,1,0
0.3249046981,1,2.486897112,3,0,0.08306005806
0.3490695262,1,2.82857078,3,0,0.1134478193
0.3992417753,0.162715196,4.316057971,5,1,0
0.3268715194,0.3464312094,4.538898054,1,1,0
0.2676197652,0.8540203728,1.601448138,1,1,0
0.2191085319,0.07235404568,2.583695674,5,1,0
0.1793908933,1,3.100792159,1,0,0
0.1468728412,1,4.442848296,1,0,0
0.1202493119,0.1494513522,2.78939123,5,1,0
0.09845180968,0.1891938111,4.858447983,5,1,0
0.08060552428,0.3607127684,1.883356424,5,1,0
0.06599422159,0.2471523482,1.21917535,1,1,0
0,1,4.302964356,1,0,0
0,1,1.932403851,5,0,0.2331009627
0.2331009627,1,4.744990154,5,0,0.7180073359
0.9088542627,1,2.490953401,1,0,0
0.7441069349,1,2.949853991,3,0,0.04925381065
0.6584770418,0.3148720486,4.686751146,1,1,0
0.5391154043,1,2.36006583,5,0,0.1567083476
0.5980987085,1,4.37698393,5,0,0.3393035507
0.8289853567,1,3.678976508,5,0,0.1145360529
0.7932518584,0.1451617408,1.922276119,3,1,0
0.6494596914,0.5509236904,1.009254881,5,1,0
0.5317326222,1,3.056337313,5,0,0.2407289203
0.6760747705,0.287441991,4.4417138,5,1,0.02241036679
0.5759335728,1,3.277527486,1,0,0
0.4715345278,0.8574337268,4.491881644,1,1,0
0.386059819,0.2383012944,1.545598978,1,1,0
0.3160790464,0.0169940509,4.940641456,5,1,0
0.2587836357,0.3888160776,1.209632261,3,1,0
0.2118741209,0.2685485442,3.284306276,3,1,0
0.1734678586,1,2.456311899,5,0,0.3009221482
0,0.0567147323,1.080652064,3,1,0
0,0.02050208071,1.467174355,3,1,0
0,0.1399311741,3.729807119,1,1,0
0,0.2957454639,4.821475815,1,1,0
0,1,1.081961431,3,0,0
0,1,3.079904337,3,0,0.2119856506
0.2119856506,0.1787156236,2.843229523,5,1,0
0.1735591713,0.8588609395,4.064342182,1,1,0
0.142098231,0.2297920674,3.861360671,1,1,0
0.1163401917,1,2.433733803,3,0,0.1016739598
0.1969252525,1,4.928358564,1,0,0
0.1612287603,1,4.510583753,3,0,0.357809379
0.4898123233,1,2.856686216,1,0,0
0.4010244124,0.4376201629,2.088869321,5,1,0
0.3283310191,0.394148266,4.103344346,5,1,0.1036596912
0.3724743938,0.2934528322,2.578354694,5,1,0
0.3049562409,1,1.328310574,3,0,0
0.2496770528,1,3.480173726,3,0,0.2041073943
0.4085256757,0.7831465426,2.893513475,1,1,0
0.3344725341,0.2038684281,4.927110305,3,1,0
0,1,3.776832318,1,0,0
0,0.6780017346,3.452638685,3,1,0.1011342525
0.1011342525,0.8549594298,2.775323734,3,1,0.09520640339
0.1780081261,1,2.476184631,1,0,0
0.1457407272,0.6909272578,4.32246522,5,1,0.4242484423
0.5435708577,1,1.606815737,1,0,0
0.4450381776,1,1.127735861,3,0,0
0.3643664423,0.05104389962,2.174997432,1,1,0
0.2983180117,0.5495596467,4.809429313,5,1,0.2882278533
0.5324699837,0.461071325,1.255080415,3,1,0
0.4359495508,0.3373757417,3.801734074,3,1,0
0.356925304,0.3271678109,4.048315343,1,1,0
0.2922257229,0.2180458269,4.030100873,3,1,0
0.2392541862,0.6538970398,2.930653227,3,1,0.02849131563
0.2243760757,0.8761730661,2.479067773,1,1,0
0.1837035934,1,1.784836833,5,0,0.1601648715
0.3105686529,0.5110747757,1.477550721,3,1,0
0.2542721071,1,4.317939602,5,0,0.618570027
0.8267504207,0.07729270809,1.987825319,3,1,0
0.6768859945,0.3750796407,3.206994995,3,1,0
0,0.3397403584,3.295395462,1,1,0
0,0.498717413,4.640773358,1,1,0
0,1,4.959105354,1,0,0
0,0.1855913876,4.96856968,5,1,0
0,1,2.22062456,1,0,0
0,0.2732339488,3.130125712,1,1,0
0,0.0764699324,3.465702313,3,1,0
0,0.1725751641,3.614638211,3,1,0
0,0.6235930932,1.796724304,1,1,0
0,0.09473214352,1.437113084,5,1,0
0,0.5626622997,2.732040464,5,1,0.1343040426
0.1343040426,0.9319561105,4.12193361,1,1,0
0.10995885,1,3.136236372,1,0,0
0.09002669204,0.1650524189,2.828006162,5,1,0
0.07370762137,0.2007063465,3.299683667,1,1,0
0.06034669635,1,2.214868098,1,0,0
0.04940769615,0.5380119934,4.936440185,3,1,0.1410485093
0.1815001096,1,4.511521927,3,0,0.3492770579
0.4978767793,0.07687633831,3.248137525,5,1,0
0.4076270304,1,2.979165974,3,0,0.1166233668
0,0.7672572875,4.468307801,5,1,0.6070854309
0.6070854309,1,3.157762965,5,0,0.2119541264
0.7089936384,1,2.945459945,5,0,0.141535305
0.7220102005,1,1.710582782,1,0,0
0.5911319552,0.2387544849,4.726098354,5,1,0.01312233144
0.4971002423,0.2877137037,4.420278404,5,1,0.03416885401
0.4411601097,0.3188714512,2.478100342,3,1,0
0.3611913489,0.6172524899,2.079331612,5,1,0.04527118967
0.3409896547,1,2.719997686,3,0,0.1041234058
0.3833021226,0.4084840045,4.196577397,1,1,0
0.3138212355,0.3742727952,4.40025771,1,1,0
0.2569350965,1,1.20559559,3,0,0
0.210360665,0.3533179068,3.935332864,1,1,0
0.1722287457,1,3.794026129,3,0,0.2641450516
0.4051540222,1,2.917151941,3,0,0.1115769203
0.4432889781,1,1.165076698,1,0,0
0.3629343188,0.07889058285,3.514672818,1,1,0
0.2971454882,0.07230291219,2.813538197,1,1,0
0.2432821493,0.03513411691,2.042502243,1,1,0
0.1991825773,1,2.418025029,5,0,0.2838947872
0,1,2.65408447,1,0,0
0,1,2.111389331,1,0,0
0,1,1.266555247,5,0,0.06663881164
0.06663881164,1,1.468027782,1,0,0
0.05455924444,0.3180945466,3.940859081,5,1,0.05993285624
0.1046021875,0.07584432736,2.846715106,3,1,0
0.08564102777,1,1.889964275,1,0,0
0.07011694316,0.8527182137,1.606975064,1,1,0
0.05740689767,0.5393761499,2.190731381,5,1,0.04280038574
0.08980117831,1,2.242703238,1,0,0
0.07352298634,1,2.167851244,3,0,0.06965039854
0.1298459285,0.4695594618,1.411586358,1,1,0
0.1063088548,1,2.677990438,1,0,0
0.08703832878,0.1919312,4.400064319,3,1,0
0.07126095647,1,2.189575288,3,0,0.07284684796
0.1311903845,1,4.487438442,3,0,0.3676070462
0.4750166485,1,2.772807712,1,0,0
0.3889107383,1,3.796285606,1,0,0
0.3184131817,1,2.767465652,1,0,0
0.260694664,0.4645084338,4.896615624,1,1,0
0,1,3.078766592,3,0,0.2118149888
0.2118149888,1,1.530878832,5,0,0.1046076846
0.2780271298,0.8547653488,2.237846391,3,1,0.02665887184
0.2542882332,1,4.87407351,5,0,0.7222355504
0.9304291471,0.702989883,2.132042968,5,1,0.008675566001
0.7704465223,1,4.867189925,1,0,0
0.6307882614,0.4185983673,2.035993003,5,1,0
0.5164457483,0.1083622823,3.4489729,3,1,0
0.4228300164,0.3649526446,4.584561718,5,1,0.09713019396
0.4433141317,1,4.18621256,1,0,0
0.3629549129,0.5185113375,3.099786529,3,1,0
0.2971623492,0.6155558221,4.127249922,1,1,0
0.2432959539,1,4.175979532,5,0,0.6008191405
0.8000130201,1,1.785250717,1,0,0
0.6549952624,0.4234408925,3.242156188,5,1,0.03215974685
0.5684245113,1,2.462667159,5,0,0.1578128234
0.6231994516,0.3096857951,2.968423395,3,1,0
0.5102325564,0.1890873012,3.249917717,5,1,0
0.4177430851,0.4121114401,3.885061531,1,1,0
0.3420191107,0.004353586102,4.326874979,3,1,0
0,1,2.264246049,1,0,0
0,1,4.533513614,3,0,0.4300270421
0.4300270421,1,3.27665611,3,0,0.1376475668
0.4897239308,1,4.197973399,5,0,0.4079623239
0.8089143665,0.3115623275,4.815838041,5,1,0.02390642305
0.6861894915,0.05297320105,3.425724623,5,1,0
0.5618044392,0.3543070561,4.500573507,5,1,0.0651361214
0.525102693,0.09757903769,3.212213294,5,1,0
0.4299177233,0.6575520612,4.090837962,5,1,0.2408510588
0.5928379201,1,3.553689339,5,0,0.2599413657
0.7453160025,1,4.790547288,3,0,0.1193403607
0.7295534927,1,3.003198043,5,0,0.1354394785
0.732747359,1,4.009505344,1,0,0
0.599922797,1,1.936703237,5,0,0.09368840277
0.5848636462,1,1.017046798,3,0,0
0.4788458535,0.3397118616,4.68470195,5,1,0.07705900132
0.4691048276,1,2.818492763,1,0,0
0.3840705487,1,1.81643856,1,0,0
0.3144503696,0.2207995471,1.02046709,5,1,0
0.2574501879,0.891253484,1.490711636,1,1,0
0,1,1.669567064,3,0,0.000435059547
0.000435059547,0.1288395792,3.958297136,3,1,0
0.0003561966306,1,4.313546395,3,0,0.3968905378
0.397182167,1,2.892250979,1,0,0
0.3251852547,1,4.476389374,5,0,0.5864797025
0.8527188709,0.238814342,1.616337788,3,1,0
0.6981471633,1,2.204667051,3,0,0.02435954134
0.5959540941,1,3.684443218,1,0,0
0.4879259443,0.4580774192,3.332800499,1,1,0
0.3994799758,1,3.48511277,5,0,0.3730899952
0.7001565367,1,1.411326319,3,0,0
0.5732396885,0.06154664953,2.695283543,1,1,0
0.4693289619,0.1076426391,2.658791974,1,1,0
0.3842540544,0.1912765292,1.700044407,3,1,0
0.3146006113,0.2014327519,4.036769364,3,1,0
0.2575731954,1,4.117854448,3,0,0.2729741267
0.483857223,1,1.242747666,5,0,0.03132311363
0.4274719022,1,1.630363627,1,0,0
0.3499843924,1,1.600689186,5,0,0.09761433661
0.3841573218,1,1.705468329,5,0,0.1086143763
0,0.09080942598,4.369477303,1,1,0
0,0.2220596302,4.051815464,3,1,0
0,1,4.977499339,3,0,0.4966249008
0.4966249008,0.06254140685,1.06280213,3,1,0
0.4066020791,0.1595213982,2.190075118,3,1,0
0.3328976264,1,4.380458609,1,0,0
0.2725535243,0.8420500441,3.649947202,1,1,0
0.2231479522,1,2.347845307,1,0,0
0.182698091,1,3.483430506,1,0,0
0.1495805456,1,3.160296323,1,0,0
0.1224661928,0.3436070769,4.917626631,3,1,0.003036000915
0.1033028391,1,3.613965647,5,0,0.5859838936
0.6705611049,1,3.10063892,3,0,0.07086093521
0.6198699336,1,4.250504568,1,0,0
0.5075065775,1,4.934382133,3,0,0.241399256
0.6569104984,1,2.187411471,1,0,0
0.5378328271,1,3.625134017,3,0,0.1357708978
0.5761111734,1,2.416644128,1,0,0
0.4716799348,1,1.940054248,5,0,0.1241623804
0.5103412487,0.4044472792,1.8463255,3,1,0
0,1,2.081170222,3,0,0.06217553334
0.06217553334,0.2343554437,2.137658555,3,1,0
0.05090502124,1,2.764956403,1,0,0
0.04167750637,1,1.764884331,5,0,0.1832514649
0.217374121,0.4194723703,3.102774614,5,1,0.05899594737
0.2369668252,0.07791881785,1.527576643,3,1,0
0.1940120272,1,3.263254871,3,0,0.1930246335
0.3518682467,0.1860025162,4.445284383,3,1,0
0.2880853546,0.1955317696,4.632041162,5,1,0
0.2358643393,0.5413699005,4.781847226,1,1,0
0.1931093882,1,4.990527966,5,0,0.8049798879
0.9630844827,1,3.997282182,3,0,0.0129053816
0.8014122654,0.5622894932,2.501267186,3,1,0
0.6561408676,0.4292403346,3.850061887,5,1,0.05610077671
0.5933034834,1,4.390678188,3,0,0.1661768995
0.6519327073,0.7294461224,4.146334282,1,1,0
0.5337573564,0.6795378392,3.275437548,3,1,0.03910263431
0.4761061967,0.2897358049,4.714769097,5,1,0.04794118397
0.4377439689,0.227234635,3.738277927,5,1,0
0.3583944493,0.13877232,1.218622412,3,1,0
0,1,2.951981447,1,0,0
0,1,3.098248061,3,0,0.2147372091
0.2147372091,1,2.4524245,1,0,0
0.1758119569,0.04319833108,1.833039171,5,1,0
0.1439426559,0.3396641384,4.84317291,1,1,0
0.1178502791,0.2142448088,4.502281953,1,1,0
0.09648764773,0.9311310382,4.379851986,1,1,0
0.07899740448,1,1.472094573,1,0,0
0.06467760447,1,4.073696755,3,0,0.3377023722
0.3906559161,1,3.321227922,1,0,0
0.3198420123,1,1.940883482,1,0,0
0.2618644916,0.3972045579,1.185214434,5,1,0
0.2143965124,0.08881096134,1.305128246,3,1,0
0.1755330181,0.1246342763,2.820560779,5,1,0
0.1437142801,0.3998997576,4.538072035,3,1,0.01902331722
0.136686618,1,1.195716898,5,0,0.04224125431
0.154150792,0.4295144616,4.587167672,5,1,0.2051723247
0.3313803187,0.3275119018,1.684163042,5,1,0
0.2713112579,1,4.645560208,1,0,0
0.2221308705,0.3074888143,3.482672283,5,1,0.01378437983
0,1,4.502921771,1,0,0
0,1,2.596896452,5,0,0.3992241129
0.3992241129,1,4.926622608,1,0,0
0.3268570586,0.5442461873,1.203925432,5,1,0
0.2676079258,0.4805613937,2.137338518,1,1,0
0.2190988386,0.5844966429,3.210368693,1,1,0
0.1793829571,0.6205130708,2.431519045,5,1,0.1043803029
0.2512466464,0.4046528581,2.461724113,5,1,0
0.205703356,1,3.864298802,1,0,0
0.1684156636,0.8478960338,1.329233841,1,1,0
0.1378870831,0.8150608781,3.306153291,1,1,0
0.1128923954,0.6657836018,3.742202714,3,1,0.109757016
0.2021854919,1,1.2510117,5,0,0.05006519392
0.2156006739,0.07261783857,2.505227769,1,1,0
0.1765189021,1,1.241918536,3,0,0
0.1445214537,1,1.500078793,1,0,0
0.1183241586,1,2.084186737,1,0,0
0.09687562748,0.4213199605,3.620023017,5,1,0.1185775105
0.1978925659,1,2.591547243,5,0,0.3191479689
0.4811686984,0.4168565198,3.153993208,1,1,0
0,1,4.942731915,3,0,0.4914097873
0.4914097873,0.04292086581,1.187756624,3,1,0
0.4023323052,1,4.872679477,5,0,0.5786438539
0.9080456851,1,2.518145091,5,0,0.03489999792
0.7783449255,1,3.275922304,1,0,0
0.637254927,1,3.875765294,1,0,0
0.5217402063,0.1370095362,4.681032947,3,1,0
0.427164752,1,4.367319042,1,0,0
0.3497329191,0.04055521883,4.919344066,3,1,0
0.2863370962,0.4225481612,1.968187499,1,1,0
0.2344329864,0.4042438585,2.516459797,5,1,0.003304075864
0.1952415714,1,4.08651381,1,0,0
0.1598502788,0.1932446663,1.993604186,1,1,0
0.1308743391,0.5821094312,3.846119515,1,1,0
0.1071508462,1,3.354302536,3,0,0.2260206386
0.3137483317,0.3902867833,3.921946606,5,1,0.09104568225
0.3479210901,0.7197085158,4.727835046,1,1,0
0.2848536961,0.0273288406,4.45785813,5,1,0
0.2332184811,0.09878357234,4.630105459,3,1,0
0.1909431427,0.305027218,3.800305092,5,1,0.0321997529
0,0.4872620051,2.745371482,1,1,0
0,1,1.961124553,3,0,0.04416868294
0.04416868294,1,3.723779198,3,0,0.2949378871
0.3311001461,0.6224215243,4.129846767,5,1,0.2626277282
0.5337096002,0.4361035901,1.814312762,1,1,0
0.4369644629,0.8648821037,4.860451417,3,1,0.2142674622
0.572023706,1,3.195511755,5,0,0.234906746
0.7032401456,0.5091508747,4.688030816,3,1,0.03206111817
0.6078254522,0.5089789075,4.457738214,5,1,0.1244070539
0.6220524441,0.7806654618,2.23996558,3,1,0.004648590357
0.5139420564,1,2.125709316,5,0,0.1367899888
0.5575701556,1,2.531381612,3,0,0.05738635482
0.5138861882,0.4159922477,2.51133263,1,1,0
0.4207344259,0.771359171,3.487201379,1,1,0
0.3444682134,1,4.676978485,3,0,0.2960032627
0.5780299825,1,2.735853594,5,0,0.1831195428
0.6563704657,0.3479980427,4.445571531,5,1,0.04699565064
0.5843863363,0.5704560394,2.863409205,1,1,0
0.4784550652,1,4.747293751,3,0,0.2410028178
0.6327286937,1,4.972448779,3,0,0.1821178373
0,1,2.950460927,5,0,0.4876152317
0.4876152317,0.7746975001,1.114818337,5,1,0
0.3992255859,0.4857821195,3.615707779,3,1,0.00809058594
0.3349488505,0.6380061962,1.023386844,1,1,0
0.2742329246,1,4.621865105,1,0,0
0.2245229289,1,2.426103755,5,0,0.2764776907
0.4603015174,1,4.418270223,3,0,0.2227554396
0.5996184476,0.2538245419,1.657993288,5,1,0
0.4909260631,0.05914697667,4.908853686,1,1,0
0.4019362654,0.5877787277,4.213149625,3,1,0.07264079661
0.4017183779,0.2612506182,2.081259009,1,1,0
0.32889919,0.01259964154,3.720466407,5,1,0
0.2692798815,1,3.771516608,3,0,0.2307084298
0.45117615,0.9335873945,2.062894363,1,1,0
0.3693917891,1,2.42663022,1,0,0
0.3024324176,1,3.818048484,1,0,0
0.247610721,1,4.076744676,5,0,0.5787274271
0.7814539392,0.1079180604,3.706866303,5,1,0
0.6398003721,0.1343860317,3.812567974,3,1,0
0.5238242405,1,2.360876352,1,0,0
0,1,1.14029905,1,0,0
0,1,4.66738106,5,0,0.916845265
0.916845265,1,3.108312768,1,0,0
0.7506494143,1,3.24294444,3,0,0.05895686789
0.6735366281,0.8148741836,3.266524175,3,1,0.04873149211
0.6001766429,0.6044341129,4.159329259,1,1,0
0.4913830748,0.5367803293,2.322854179,5,1,0.03138960267
0.4337000376,1,1.080378155,1,0,0
0.3550835584,1,2.486831305,1,0,0
0.2907178291,0.7994197892,1.680029455,1,1,0
0.2380196272,0.6152067146,2.100654211,3,1,0
0.1948739886,0.4065896234,4.587153601,5,1,0.1741264251
0.3336757525,0.182828877,3.311460418,1,1,0
0.2731906001,0.4370764227,4.020881377,1,1,0
0.2236695458,0.3302433754,4.081558184,1,1,0
0.1831251357,1,1.068285873,1,0,0
0.1499301802,0.8106956564,3.352895519,1,1,0
0.1227524494,0.0755332667,4.29970873,1,1,0
0.1005012053,1,1.950637461,5,0,0.2137743127
0.2960577402,0.2232822927,2.049037424,5,1,0
0,1,2.179043093,5,0,0.2947607733
0.2947607733,0.3535321454,2.382643724,1,1,0
0.2413297099,1,1.488946074,1,0,0
0.1975840551,1,3.636770896,1,0,0
0.1617681422,1,2.058837675,3,0,0.04930953489
0.1817540878,1,4.162538755,3,0,0.30633557
0.4551432312,1,1.134768578,1,0,0
0.3726397605,1,4.943889545,5,0,0.6185598724
0.9236515041,0.5056273055,4.091076826,1,1,0
0.7562218915,0.1080614154,1.625436433,5,1,0
0.6191421187,0.3728462451,1.028886374,3,1,0
0.5069106931,0.2826451002,3.080672059,5,1,0
0.4150233735,1,1.469537697,1,0,0
0.3397923992,0.411956597,3.75562772,3,1,0
0.2781984869,0.5782939874,1.077101425,3,1,0
0.2277696566,1,3.759195481,1,0,0
0.1864820225,0.383713216,2.421287865,5,1,0
0.1526785667,1,1.875319636,5,0,0.1854192721
0.31042191,0.2039519886,2.472081985,3,1,0
0.2541519642,0.08393281398,4.04643131,1,1,0
0,1,3.072499676,1,0,0
0,0.9588946562,1.789648446,1,1,0
0,0.7076868774,1.908310159,5,1,0.08762151438
0.08762151438,0.3844590432,2.777805036,3,1,0
0.07173842845,0.3759342352,4.322757798,1,1,0
0.05873445755,1,4.624036714,5,0,0.8527952208
0.9008829275,1,1.963309014,1,0,0
0.7375805577,0.1753391204,2.638352352,1,1,0
0.6038798854,0.7361660435,1.13724604,3,1,0
0.4944150334,1,3.042080005,3,0,0.104308246
0.5091010386,1,3.550786468,1,0,0
0.4168166767,0.3799877716,1.337996122,1,1,0
0.3412606316,1,2.253259405,3,0,0.05796175944
0.3373623334,0.1189146608,2.526967377,3,1,0
0.2762089173,1,3.067591918,5,0,0.3741261483
0.6002668831,0.7627638696,3.446398261,1,1,0
0.4914569573,1,3.554225935,1,0,0
0.4023709247,0.2478420628,4.013607934,5,1,0
0.3294334502,0.3992355896,2.091647628,3,1,0
0.2697172968,1,1.63918713,3,0,0
0,0.7712206318,4.69725196,1,1,0
0,0.6611017276,4.082913086,5,1,0.4248052236
0.4248052236,0.3682678837,4.52363871,1,1,0
0.3478011006,1,3.868096637,5,0,0.4676423675
0.7523978245,0.5868820975,3.490357979,3,1,0.01417876322
0.6301900007,0.6518120785,1.025367853,5,1,0
0.5159559339,0.1001795286,2.036936794,3,1,0
0.4224289903,0.6325518382,3.342517657,1,1,0
0.3458556053,1,3.991120577,5,0,0.4891561898
0.77231881,1,2.352336292,3,0,0.02341711142
0.6557382723,0.8010437285,4.405627664,1,1,0
0.5368730895,0.7884715926,2.141882818,3,1,0.001538537026
0.4410930459,0.2188764517,4.727800438,5,1,0.004863075119
0.3659995168,1,1.037707621,1,0,0
0.29965506,0.0574363423,2.511781093,5,1,0
0.2453368129,1,1.771588995,3,0,0.0118771528
0.2127419464,1,3.836232876,1,0,0
0.174178374,0.4102906407,1.169154934,5,1,0
0.1426051913,1,1.780521499,3,0,0.01464278127
0.1313980369,1,1.175360099,5,0,0.03807953166
0,1,1.270251363,3,0,0
0,0.6360811939,2.977322228,3,1,0.03407280157
0.03407280157,1,1.042709021,3,0,0
0.02789645049,0.5559310266,1.758300008,3,1,0
0.02283968192,0.9659469887,2.964237526,1,1,0
0.01869954998,0.6253076605,1.198778438,1,1,0
0.01530989663,0.5655440701,3.676119106,5,1,0.2656219676
0.2781566508,1,4.285410143,5,0,0.5928878653
0.8206232694,1,4.291921757,1,0,0
0.6718695074,0.5463142,3.265817061,5,1,0.06432688512
0.6144071129,1,1.281639849,5,0,0.02714958061
0.5301835788,1,1.543907637,5,0,0.06388418483
0.4979617856,1,1.925824897,3,0,0.01951610027
0.427212728,1,4.551245343,5,0,0.508527033
0.8582992315,1,4.432757806,5,0,0.1216061048
0.824322081,0.204649304,4.232003631,5,1,0
0.6748978381,1,1.023725197,3,0,0
0.5525596153,1,4.713523466,3,0,0.2044930168
0.6568905667,0.1781310403,1.100499751,3,1,0
0.5378165084,0.09093905868,4.839950795,5,1,0
0,0.6470064323,2.13784469,1,1,0
0,0.7975522394,2.494548938,5,1,0.247383273
0.247383273,0.05667921731,2.389522414,5,1,0
0.2025402934,1,2.35015673,1,0,0
0.165825967,1,3.025278742,3,0,0.1699978371
0.3057646559,0.07906767232,3.703175068,3,1,0
0.250338927,0.07922456454,3.708500481,1,1,0
0.2049601782,1,4.361958623,1,0,0
0.1678072011,1,4.378680469,3,0,0.3385377536
0.4759266697,0.4880556665,2.457009777,3,1,0
0.3896558007,0.08774497874,2.895298484,5,1,0
0.3190231871,1,3.652557877,1,0,0
0.2611940942,0.3318771318,2.308188039,5,1,0
0.2138476375,1,3.945196742,3,0,0.2686907703
0.4437744076,0.4850193639,3.773399278,5,1,0.1154406888
0.4787724438,1,4.336971137,1,0,0
0.3919857234,0.1640655309,2.035116057,1,1,0
0.3209307665,1,2.688725968,1,0,0
0.2627558882,0.3545516392,3.682949148,5,1,0.05636151202
0.2714878382,1,2.338316268,3,0,0.0733957355
0,1,4.002380092,3,0,0.3503570138
0.3503570138,1,4.449274187,5,0,0.5601991959
0.8470472576,1,2.319742603,5,0,0.05046456262
0.7439682017,1,3.042515628,5,0,0.1307372373
0.7398468834,0.2797587549,4.778829924,5,1,0.0219126651
0.6276480611,0.1446078763,3.704969929,1,1,0
0.5138747697,1,4.425211907,5,0,0.4162704818
0.836995559,0.4851584914,1.031536414,3,1,0
0.6852740043,0.02071834212,2.444606068,3,1,0
0.5610549016,0.1751978848,2.370443937,3,1,0
0.4593529021,0.4413560909,1.462812933,3,1,0
0.3760863475,0.6125620207,3.896591394,1,1,0
0.3079134585,1,3.401568948,5,0,0.4155233869
0.6676216047,1,4.659162641,3,0,0.1491961515
0.6957984907,1,4.254714599,1,0,0
0.5696716223,0.2088028504,1.116400057,5,1,0
0.4664076763,1,3.079809498,5,0,0.2774425958
0.6593049038,1,2.844027317,1,0,0
0.5397932004,1,4.549059358,3,0,0.1989745073
0.6409198008,1,1.533845884,1,0,0
0,1,2.3857917,1,0,0
0,1,2.498712886,1,0,0
0,0.9530937433,1.608317324,3,1,0
0,1,4.527818464,1,0,0
0,1,1.178902555,3,0,0
0,1,3.271079678,5,0,0.5677699195
0.5677699195,0.560176161,2.009750475,1,1,0
0.4648506938,0.2852310908,1.497435953,5,1,0
0.3805875586,0.6212724283,3.476913645,3,1,0.04584679518
0.3574455336,0.6713697466,1.761392986,1,1,0
0.2926516509,1,3.392863464,3,0,0.1831533682
0.4227562748,0.222959298,1.089629647,1,1,0
0.3461235632,0.5378112223,1.876449069,3,1,0
0.2833820056,1,4.666196269,5,0,0.6568155544
0.8888291172,1,4.099240037,1,0,0
0.7277117325,0.3256123557,1.461215654,5,1,0
0.5957999748,0.09788597923,4.841437586,1,1,0
0.487799762,1,3.610972392,5,0,0.3343351701
0.7337118367,0.4776430281,2.031844453,1,1,0
0.6007124446,0.1624544679,1.49129384,5,1,0
0,1,3.977379304,3,0,0.3466068957
0.3466068957,1,4.402164711,1,0,0
0.2837777247,1,4.475965878,5,0,0.6223910475
0.8547285977,0.2627719401,3.606966653,3,1,0
0.6997925885,1,3.138877648,5,0,0.1605267306
0.7334684435,1,4.587093415,3,0,0.116757883
0.7172710541,1,2.865417748,5,0,0.1318518984
0.7191037687,0.6518162368,2.469709569,5,1,0.04282240555
0.6315747756,0.6589316995,3.811079092,1,1,0
0.5170896917,0.01830816052,4.822144338,1,1,0
0.4233572327,1,4.790266725,3,0,0.2701802073
0.6167957932,0.1078515351,4.456361996,3,1,0
0.5049896843,0.03852861073,1.534752958,5,1,0
0.4134505845,1,2.484495974,5,0,0.2176825615
0.5561872699,1,1.695185529,1,0,0
0.4553676224,0.1374031858,3.347007797,5,1,0
0.3728234764,1,2.817843375,3,0,0.1082986509
0.4135406965,0.08163885132,4.942241936,5,1,0
0.3385784859,0.05210664506,1.668433354,1,1,0
0.2772046187,0.3643025856,4.334767642,5,1,0.104654819
0,0.8540873756,2.088667407,5,1,0.195976116
0.195976116,0.260561847,2.817210975,1,1,0
0.160451673,1,3.074373098,1,0,0
0.1313667191,1,2.597437544,3,0,0.1212747842
0.228828757,0.2084844866,3.830331718,1,1,0
0.1873491406,0.6452960487,3.421351245,5,1,0.2453767657
0.3987652687,0.560372521,1.359030852,5,1,0
0.3264813887,0.6062870589,3.949935958,1,1,0
0.2673003533,1,3.60710539,1,0,0
0.2188470195,0.7280820872,2.074481496,1,1,0
0.1791767851,1,4.226013709,5,0,0.6619967361
0.8086942803,1,3.518347439,5,0,0.1204435674
0.7825464445,1,4.111554272,3,0,0.07974742541
0.7204422652,1,2.663695684,5,0,0.1162747492
0.7061229875,1,3.641316802,3,0,0.08704564239
0.6651702477,1,3.845547,3,0,0.1094330943
0.6540284322,0.4843853644,2.332448354,1,1,0
0.5354731908,0.4454663456,4.089673987,1,1,0
0.4384083688,1,2.976545913,5,0,0.2775029109
0.6364413248,1,2.700360966,1,0,0
0,1,4.158261092,3,0,0.3737391639
0.3737391639,1,2.048698089,1,0,0
0.3059917471,0.7919982827,4.094826616,1,1,0
0.2505248535,1,1.901878659,1,0,0
0.205112402,1,3.707731596,1,0,0
0.1679318314,1,4.421879845,1,0,0
0.1374909547,0.2031370015,4.878044089,5,1,0
0.1125680729,0.9202946935,4.068439141,1,1,0
0.09216294312,0.6897802955,4.979321904,1,1,0
0.07545663582,0.1827422396,1.024337911,5,1,0
0.06177866827,1,3.908854147,5,0,0.6822872528
0.7328673484,0.1850206376,1.263399951,5,1,0
0.6000210361,1,4.29911416,1,0,0
0.4912556747,1,4.356923088,3,0,0.2052979032
0.6075040317,0.6016569514,3.083832874,3,1,0.01111211933
0.5084943527,0.07082223083,3.658365394,3,1,0
0.4163199644,0.3921275037,1.875278331,3,1,0
0.3408539579,0.1822847277,2.579465274,3,1,0
0.2790676177,1,3.251282475,1,0,0
0.2284812408,1,3.221805916,3,0,0.1799728656
0,0.2526169446,1.636184393,3,1,0
0,1,2.902969674,3,0,0.1854454511
0.1854454511,0.675399802,1.468431146,3,1,0
0.1518298938,0.9204715524,4.27653329,3,1,0.2887714595
0.4130792628,1,2.229554655,1,0,0
0.3382006959,1,3.955763975,3,0,0.2272384509
0.5041337613,0.4277120435,1.830282857,3,1,0
0.4127498141,0.6818297414,4.260278088,1,1,0
0.3379309661,1,2.772853535,1,0,0
0.2766744744,1,2.291157951,5,0,0.2334818759
0.4600037767,0.2512021603,1.154788151,1,1,0
0.3766192385,1,1.641250141,5,0,0.0999357503
0.408285503,0.6524113867,1.24563104,3,1,0
0.3342758974,1,2.630732705,5,0,0.2714045166
0.5450864738,1,4.906015635,5,0,0.4442248364
0.8905038956,1,4.102274503,5,0,0.0849217432
0.8140046683,0.1408176066,1.304633957,3,1,0
0.6664506551,1,1.80845441,3,0,0.00709398136
0.5527376281,0.3823651416,1.412174917,3,1,0
0.4525432945,1,2.973799604,3,0,0.1073398037
0,1,2.810535492,1,0,0
0,1,4.354316478,5,0,0.8385791195
0.8385791195,0.3109634839,2.185300591,5,1,0
0.686570514,0.5518085301,2.132567145,3,1,0
0.562116394,0.6432160333,1.001456546,5,1,0
0.4602219785,1,4.887545621,5,0,0.5246029209
0.9014008079,0.8337401579,4.352853973,1,1,0
0.7380045623,1,4.46466021,1,0,0
0.6042270311,1,3.319445499,1,0,0
0.4946992522,1,2.242139828,1,0,0
0.4050254913,0.02649021397,4.351034593,5,1,0
0.3316068255,0.2963656377,2.418703008,5,1,0
0.271496706,0.3662500122,3.963417726,1,1,0
0.2222827025,1,2.884739405,1,0,0
0.1819896844,0.4976267937,1.313729517,1,1,0
0.1490005514,0.03270244396,2.974082722,1,1,0
0.1219913337,0.1357045274,1.098180846,3,1,0
0.09987805647,1,4.677908224,1,0,0
0.08177323639,1,3.295964038,5,0,0.527053907
0.5940041704,1,4.191716765,5,0,0.323955924
0,0.1881435724,4.132339504,5,1,0
0,0.3112955346,1.039333327,5,1,0
0,1,4.678371913,3,0,0.4517557869
0.4517557869,0.8366772051,1.955953594,5,1,0.0872396053
0.457105961,1,2.427146967,3,0,0.06192903327
0.4361757409,0.587337411,3.20142583,5,1,0.1240860424
0.4811965352,0.8958859997,4.309426104,1,1,0
0.3939704017,1,1.775421559,1,0,0
0.3225556836,0.3273321276,3.875530535,5,1,0.04548795641
0.3095742142,0.1495944111,1.378149663,5,1,0
0.2534579295,1,4.216546483,1,0,0
0.2075138015,0.05961822749,2.963565839,5,1,0
0.169897931,0.4631023171,3.980844018,1,1,0
0.139100661,1,2.986039396,3,0,0.1703770666
0.2842630555,1,3.074063274,3,0,0.1510988621
0.3838337677,1,4.658804535,1,0,0
0.3142565097,1,1.3827161,5,0,0.06561126854
0.3229027374,1,1.257359884,1,0,0
0.2643704013,0.3808636844,1.126191332,3,1,0
0.2164481778,1,1.170443033,1,0,0
0,0.06090883719,3.848450223,1,1,0
0,1,1.51882293,3,0,0
0,1,4.039430006,3,0,0.3559145008
0.3559145008,1,4.213119576,5,0,0.5173809315
0.8087790788,1,3.910243321,5,0,0.1391248522
0.8012971565,0.6696772551,4.931573854,3,1,0.04875858326
0.7048052076,1,2.704028294,5,0,0.1257550696
0.702800768,1,3.530081963,3,0,0.08307083922
0.6584754413,1,1.904840021,3,0,0.01220130744
0.5513154014,0.1774280187,4.931491189,1,1,0
0.4513788738,1,1.084247852,1,0,0
0.3695577652,1,4.493060391,1,0,0
0.3025683074,1,2.724285696,5,0,0.3006428728
0.548364851,1,2.396796314,5,0,0.1577105778
0.6066737453,1,4.267023204,5,0,0.3212515003
0.8179539526,1,4.924856759,1,0,0
0.6696840556,0.1360922317,3.655068788,1,1,0
0.5482909312,1,4.55333057,1,0,0
0.448902647,1,1.124146021,3,0,0
0.3675304022,1,2.522842752,3,0,0.08122580166
0,1,1.723196453,5,0,0.1807991133
0.1807991133,1,2.599984108,3,0,0.1146861714
0.2627119655,0.2742109331,3.07910891,5,1,0
0.2150903654,1,3.355790531,3,0,0.1988714393
0.3749725361,1,2.133397547,3,0,0.04375794277
0.3507594896,0.9353834701,3.346900286,1,1,0
0.2871775811,1,4.514767828,3,0,0.3045285539
0.5396496711,1,1.425939555,1,0,0
0.4418277816,1,2.796939445,1,0,0
0.3617379924,1,2.862589842,1,0,0
0.2961660189,1,3.253277677,5,0,0.3964833495
0.6389635772,1,3.591318631,3,0,0.1042304191
0.6273695498,0.4254015778,3.876863075,5,1,0.06048012699
0.574126871,1,1.635382597,1,0,0
0.4700553254,0.2104470283,3.952989128,1,1,0
0.3848487506,1,2.149866523,1,0,0
0.3150875074,0.3556594036,1.553203474,5,1,0
0.2579718322,0.2719465367,3.256886737,5,1,0
0.2112094725,1,4.473213931,5,0,0.6849095622
0.8578332526,1,2.065017271,5,0,0.03785251034
0,1,3.888020225,5,0,0.7220050562
0.7220050562,0.4320205367,2.698579038,1,1,0
0.5911277434,0.6683515392,3.041927433,1,1,0
0.4839744625,1,3.871629732,3,0,0.1706725877
0.5669173638,1,2.353906531,3,0,0.04464474779
0.508797428,0.4276055499,4.801004504,3,1,0.02846048612
0.4450285875,1,4.429965135,1,0,0
0.3643585906,1,4.877284471,1,0,0
0.2983115833,0.6612961064,2.929263818,1,1,0
0.2442368672,0.119988259,3.166022036,5,1,0
0.1999642342,0.5395033838,1.109905574,3,1,0
0.1637168681,0.2924323776,1.936110597,5,1,0
0.1340400347,0.3368810678,4.496165965,5,1,0.1114215948
0.2211642933,0.3799187033,4.223959208,1,1,0
0.1810740084,0.2907031779,1.631429114,3,1,0
0.1482508593,0.8680304258,4.342823314,1,1,0
0.1213775377,0.3220021243,3.959860201,5,1,0.06042361278
0.1597991356,1,2.995770878,5,0,0.4192121043
0.5500445709,1,3.146861939,3,0,0.0999032848
0.5502416906,0.06032790197,3.30446358,5,1,0
0,1,2.209724978,3,0,0.08145874673
0.08145874673,0.8433463534,3.610812528,3,1,0.1899312176
0.2566239987,1,4.214017993,1,0,0
0.2101059597,0.2059531157,3.047682435,5,1,0
0.1720202106,0.7315365292,1.227825087,1,1,0
0.1408382366,1,3.800445698,1,0,0
0.1153085955,1,1.72879058,1,0,0
0.09440669323,0.2442144862,3.789483303,5,1,0
0.07729366304,1,3.063417192,3,0,0.1933185841
0.256601283,0.2710363948,2.433577589,5,1,0
0.2100873617,1,1.94239972,5,0,0.1861033624
0.3581083462,0.7118287945,2.151190437,3,1,0
0.293194316,1,2.843532515,3,0,0.1247723206
0.3648195237,0.7142703824,1.517030478,3,1,0
0.2986889634,1,3.194013358,1,0,0
0.2445458399,1,1.749779015,1,0,0
0.2002171997,0.3656006735,2.360427318,3,1,0
0.1639239787,1,2.628919377,3,0,0.1206774627
0.2548870652,0.8522272897,4.155979632,1,1,0
0.2086838788,1,4.049184187,1,0,0
0,0.4018445179,4.929785973,3,1,0.04715112018
0.04715112018,0.7769881092,4.19084767,5,1,0.5374636551
0.5760677272,0.2389428996,3.15814642,5,1,0
0.4716443641,1,2.743725137,3,0,0.08536048695
0.4715102324,1,2.291093375,3,0,0.04950046888
0.4355403965,0.8738245437,3.852984052,3,1,0.1439512001
0.500541517,0.5728345136,4.880387902,1,1,0
0.4098087331,1,2.245797582,5,0,0.1838147133
0.519337726,1,1.7018194,3,0,0.002534488879
0.4277322564,1,4.15614389,1,0,0
0.3501975524,0.7830255071,3.669671041,3,1,0.1176252274
0.4043427332,0.5108211949,1.563668164,1,1,0
0.3310478305,1,4.46973452,3,0,0.2812677483
0.5523067878,0.3599748919,3.894492378,3,1,0
0.4521905523,0.4307001067,1.846550045,3,1,0
0.3702223114,0.1418115282,2.178600968,3,1,0
0.3031123919,1,4.158153222,3,0,0.260442916
0.5086103528,0.3556667488,4.823649237,5,1,0.08791103804
0.5043259752,0.4569294229,1.270526131,3,1,0
0.4129071855,0.06980291652,3.131477983,3,1,0
0,0.3435345347,3.141858847,1,1,0
0,1,3.936195567,5,0,0.7340488918
0.7340488918,0.8646308409,4.058244171,5,1,0.1668100582
0.7677984602,1,2.289524792,1,0,0
0.6286202115,0.2441222236,4.794402833,5,1,0.01582266192
0.5304933611,0.09285045994,2.402406142,3,1,0
0.434331229,0.21412583,3.438953341,5,1,0
0.3556003342,0.7249206796,3.599340793,1,1,0
0.2911409294,0.1796466778,1.921581877,5,1,0
0.2383660324,0.08190399357,2.187688878,5,1,0
0.1951576012,0.8296922872,4.596015718,1,1,0
0.1597815298,0.4776185995,2.81054355,1,1,0
0.1308180522,0.4723589584,2.733569383,5,1,0.06328209253
0.170386855,0.4660535571,3.700569563,1,1,0
0.1395009581,0.679364183,4.06237033,1,1,0
0.1142137245,0.02332205745,3.058219527,5,1,0
0.09351028864,1,4.814309265,5,0,0.8644080262
0.9409677752,1,1.271450513,1,0,0
0.7703992552,0.4075191839,4.68481488,3,1,0.00835121979
0.6391007822,1,1.311112121,5,0,0.02807003031
0,0.8143974612,2.307768999,3,1,0.0319161821
0.0319161821,0.8455841255,3.689091299,3,1,0.2109605234
0.2370912832,0.1079841713,2.017152521,3,1,0
0.1941139248,0.480627964,1.015440105,5,1,0
0.1589270398,1,3.872746104,5,0,0.6040472674
0.7341657225,1,4.27902805,1,0,0
0.6010840548,0.9427684581,3.049396583,1,1,0
0.4921260009,1,2.22409123,5,0,0.155421027
0.5583397183,0.4811904358,4.551337225,1,1,0
0.457129898,1,2.145945393,1,0,0
0.3742663057,1,2.027252147,3,0,0.03384457271
0.340267907,0.3053180162,3.734406001,3,1,0
0.2785877998,0.007274729915,4.641638207,3,1,0
0.2280883991,1,4.711012317,5,0,0.7161433647
0.9028863515,1,3.84193268,3,0,0.03168720286
0.7709080253,0.3540767775,3.541255595,1,1,0
0.6311661081,0.1399876415,4.54209055,5,1,0
0.516755103,1,3.482134296,3,0,0.1315973201
0.5546806148,1,1.241517928,3,0,0
0.4541340775,0.04665886463,2.989919399,5,1,0
0,1,2.394738759,3,0,0.1092108138
0.1092108138,1,4.52201652,5,0,0.7843435574
0.8737578092,0.446769295,4.11691227,1,1,0
0.7153723892,0.1329211496,4.461984221,5,1,0
0.5856973749,0.02207937234,3.080368058,3,1,0
0.4795284528,0.4045366082,2.49229213,1,1,0
0.3926046913,0.5742868861,3.215559612,5,1,0.1285633739
0.4500009085,0.2500363074,1.324961933,3,1,0
0.3684295827,0.6692153671,2.724085242,1,1,0
0.3016446297,1,2.305066369,3,0,0.06687447908
0.3138402139,1,4.991800519,5,0,0.6847532475
0.9417038822,1,4.599376812,5,0,0.05245742369
0.8234593523,0.1318589538,2.669533486,3,1,0
0.6741914957,0.03973275532,1.232231967,5,1,0
0.551981311,1,2.806698604,1,0,0
0.4519240744,0.8416071002,3.607445354,1,1,0
0.3700041378,1,2.931504807,3,0,0.1195264192
0.4224601856,0.4982844566,1.645620364,3,1,0
0.3458811459,1,2.921802321,5,0,0.3142717829
0.597455314,1,2.182830071,1,0,0
0,1,3.425530499,1,0,0
0,1,1.545679096,1,0,0
0,1,4.361078386,5,0,0.8402695966
0.8402695966,0.5088176121,4.967398313,5,1,0.06099703775
0.7489515974,1,1.991233046,1,0,0
0.6131897053,0.3609236395,4.052522816,1,1,0
0.5020372692,0.1042166672,4.741786052,3,1,0
0.4110333515,0.4808560095,4.9006324,1,1,0
0.3365256454,0.4426386587,3.342895879,3,1,0
0.2755238951,1,1.739207434,1,0,0
0.2255798861,1,1.086511742,1,0,0
0.18468919,0.5302142131,1.573421979,3,1,0
0.1512107197,1,1.747349357,1,0,0
0.1238008664,0.248693495,1.55998154,5,1,0
0.1013595766,1,3.960448978,1,0,0
0.08298620245,0.0003555507277,3.351191841,5,1,0
0.06794335602,1,3.987788137,3,0,0.3245125032
0.3801398182,1,3.668461847,5,0,0.4135183114
0.724750471,0.2244191036,4.31116916,5,1,0
0.5933754989,1,1.876087233,5,0,0.08905963348
0,0.8114368401,4.865110921,3,1,0.3421595349
0.3421595349,1,1.563501923,3,0,0
0.2801365337,0.8437171981,2.412987829,1,1,0
0.2293563952,0.3471507718,4.816177514,3,1,0.0006095491479
0.1883906833,1,2.677672404,3,0,0.1230812514
0.2773224974,1,1.773624408,3,0,0.01159439305
0.2386468502,1,1.544220782,1,0,0
0.1953875154,0.734830079,4.120499613,1,1,0
0.1599697676,1,3.962699793,3,0,0.2893105861
0.4202827544,1,3.141492093,5,0,0.3103649744
0.6544633904,0.5849412982,4.20635199,1,1,0
0.5358293045,1,3.390675885,1,0,0
0.43869993,1,1.460846107,3,0,0
0.359177124,0.06757567898,2.397494144,3,1,0
0.2940693573,1,4.572415994,3,0,0.3076886235
0.5484522498,0.07137941266,2.901966307,5,1,0
0.4490347235,0.4244119005,1.874183134,3,1,0
0.3676385374,1,3.405631561,5,0,0.3803071731
0.6813041497,0.3293178478,3.114847204,5,1,0.002053578652
0.5598582382,0.4974749908,2.652731289,3,1,0
0,0.9360678148,4.851829432,3,1,0.4312462061
0.4312462061,1,2.132121943,5,0,0.1609746625
0.5140491936,0.8661492033,3.125510156,1,1,0
0.4208678834,0.1417671799,3.207749097,3,1,0
0.3445774791,1,2.739515442,1,0,0
0.282116179,1,2.031383422,1,0,0
0.2309771917,0.1892298671,3.083805335,5,1,0
0.1891081301,1,2.795875619,5,0,0.3640652346
0.5188938764,0.1460427048,2.246514864,3,1,0
0.4248343742,0.02339348758,4.083794549,1,1,0
0.3478249671,0.1064671731,3.230888777,5,1,0
0.2847749973,1,1.887656336,5,0,0.1587185013
0.3918725493,0.08367647067,4.091524052,3,1,0
0.3208381074,1,1.879618682,1,0,0
0.2626800253,0.1824137429,4.660563939,5,1,0
0.2150642149,0.05563817374,3.82027168,3,1,0
0.1760796866,1,2.479100771,5,0,0.3046652928
0.4488271472,1,3.537374741,5,0,0.3496330187
0.7171016069,0.2488211703,1.050780125,5,1,0
0.5871131387,0.1182391096,2.725467625,5,1,0
0,1,2.303278108,5,0,0.3258195271
0.3258195271,1,2.031271901,5,0,0.1738158445
0.4405743113,1,3.875328426,3,0,0.1853373189
0.5460490566,1,4.882768923,1,0,0
0.4470671553,1,1.235657875,5,0,0.03257574485
0.3986033736,1,1.517755963,5,0,0.07784417231
0.4041930125,1,4.574840801,3,0,0.2599065705
0.59083182,0.1551543954,2.87748845,3,1,0
0.483732181,0.1681028681,4.458722861,5,1,0
0.3960464128,1,2.776079261,1,0,0
0.3242553778,1,2.059466177,5,0,0.1789821429
0.4444599926,1,3.431859959,3,0,0.1470953242
0.5109883887,1,1.277555623,3,0,0
0.4183619083,0.220274995,3.867811343,5,1,0
0.3425257602,1,3.022290509,3,0,0.1336931633
0.4141295369,1,3.677319041,5,0,0.3921405366
0.7312011242,0.0369979871,3.835336823,5,1,0
0.5986568471,0.8711665735,3.294211409,1,1,0
0.4901387713,0.2819075013,3.255807791,1,1,0
0.4012916853,0.1150109399,3.370245557,1,1,0
0,1,1.594954224,3,0,0
0,0.726524962,3.51359086,5,1,0.3881778666
0.3881778666,0.2584574276,2.847907867,3,1,0
0.317813157,0.7663862109,3.130483191,3,1,0.07495451033
0.3351579157,1,3.920580929,3,0,0.2247745584
0.4991786511,0.108652307,1.833319855,5,1,0
0.408692913,0.8497951672,2.593915082,3,1,0.04768564968
0.3822951061,1,2.483701306,1,0,0
0.3129967601,0.6293269066,4.468611312,5,1,0.311249795
0.5675098681,1,1.681046416,1,0,0
0.4646377817,1,3.052784209,1,0,0
0.3804132409,0.5690526267,4.921948387,5,1,0.278945341
0.5904013602,0.105896392,4.164544155,5,1,0
0.4833797503,0.3591774163,2.36026101,1,1,0
0.395757867,1,2.406542081,1,0,0
0.3240191365,1,1.381096004,3,0,0
0.2652844316,1,3.497960149,3,0,0.2018219748
0.4190184973,0.7972279806,1.849974522,1,1,0
0.3430633298,1,2.790660173,3,0,0.1107588827
0.3916353811,0.59506591,1.22906442,3,1,0
0,0.5957517044,2.759382115,3,1,0
0,0.02842851895,4.072947279,1,1,0
0,1,4.192505398,3,0,0.3788758097
0.3788758097,0.7430752308,2.347627801,5,1,0.1156011607
0.4257984377,1,2.944633066,1,0,0
0.3486142756,1,3.608802391,3,0,0.1897619229
0.4751831512,0.4075211077,1.528151308,3,1,0
0.3890470593,1,2.851315816,1,0,0
0.3185247918,1,2.246480694,5,0,0.2123614227
0.4731474654,1,3.636008808,1,0,0
0.3873803806,0.04811152502,2.803241154,3,1,0
0.3171602308,0.1546055933,1.218181528,5,1,0
0.2596688346,0.595696766,1.768326483,3,1,0
0.2125988605,1,4.165691295,5,0,0.6231672334
0.7972284585,1,2.572535683,1,0,0
0.6527154562,0.09175330844,1.838991077,3,1,0
0.534398217,1,2.493527613,3,0,0.05774818964
0.4952764443,1,1.489893714,1,0,0
0.4054980562,0.1219920268,2.762124826,3,1,0
0.3319937289,0.5296223489,4.253156675,3,1,0.0587077473
0,0.6651357369,4.44446553,1,1,0
0,1,1.4195469,3,0,0
0,0.7190673712,4.913861099,3,1,0.2800095774
0.2800095774,0.3344962252,3.796077637,5,1,0.04855860931
0.2778110615,1,3.734483874,5,0,0.4937035015
0.7211559612,1,3.361328299,1,0,0
0.5904325632,1,3.28904961,3,0,0.09967128354
0.5830765806,0.495318312,2.484520757,3,1,0
0.4773827279,0.454382075,4.875944089,5,1,0.1588157578
0.5496636782,0.7006326251,1.235983416,3,1,0
0.4500265572,0.7122808438,1.72084065,1,1,0
0.3684505821,0.4484077538,2.832898202,5,1,0.04267592874
0.3443377513,1,2.040271905,5,0,0.1705167542
0.4524366606,1,2.667086968,1,0,0
0.3704238079,0.5720582139,3.465743262,3,1,0.02983626737
0.3331136305,1,4.77619767,3,0,0.3110555762
0.5837859498,0.4229337501,1.776851083,5,1,0
0.4779635103,1,4.142683987,3,0,0.1938857085
0.5852091333,1,4.063351453,5,0,0.3176625511
0.7967912655,0.1340170624,4.575898316,1,1,0
0,1,1.173649437,5,0,0.04341235932
0.04341235932,1,3.334590178,5,0,0.5583100276
0.5938530613,0.5851303107,3.506965514,3,1,0.02347723164
0.5096829957,1,3.277237673,1,0,0
0.4172931429,0.342687295,1.03657484,3,1,0
0.3416507291,0.7562620193,3.16758191,5,1,0.229685205
0.5094051638,0.2208877713,2.321138194,5,1,0
0.4170656734,0.7912993757,2.11286243,3,1,0.0004581912048
0.341922684,1,2.868633564,3,0,0.1186480725
0.3985906891,0.9463078285,1.113479557,1,1,0
0.326338455,1,3.53589825,1,0,0
0.2671833291,1,4.69833237,3,0,0.3332482752
0.5519994834,1,3.486775402,5,0,0.2785191662
0.730458119,0.009479028314,1.533693716,3,1,0
0.5980485258,1,3.37998624,1,0,0
0.4896407199,0.3390197202,2.508846359,5,1,0
0.4008839154,0.3540364748,3.709655488,1,1,0
0.3282159899,1,4.346279879,3,0,0.2700181964
0.538738721,0.4266554553,3.412539047,3,1,0
0.4410819587,1,2.047220917,5,0,0.1463276659
0,1,4.074818186,3,0,0.3612227279
0.3612227279,0.184502924,4.712106634,1,1,0
0.295744156,1,2.160652917,1,0,0
0.2421348356,1,3.803955644,3,0,0.2429665293
0.4412097656,0.7027220026,4.569737433,3,1,0.1294651349
0.4906971385,0.5178959438,2.742481642,1,1,0
0.4017488378,0.9378824761,2.245098843,1,1,0
0.3289241285,1,4.534573057,3,0,0.288687417
0.5579877165,1,4.553892933,3,0,0.1914284213
0.6482701246,0.7625933084,4.268726706,3,1,0.08381559842
0.6145742857,1,1.883813202,5,0,0.08516108363
0.5883319514,0.3722325453,4.913735213,5,1,0.08532357176
0.5670090334,0.1671030221,1.54832822,1,1,0
0.4642277329,0.1520322377,3.544359905,3,1,0
0.3800775214,1,1.605115635,5,0,0.09378119607
0.4049623514,1,1.334143895,3,0,0
0.3315551309,1,1.692654042,5,0,0.1157502601
0.3872046421,1,2.251846851,1,0,0
0.3170163482,0.04315417993,2.039313723,1,1,0
0.2595510335,0.4347165506,1.986628641,3,1,0
0,1,2.134027038,5,0,0.2835067595
0.2835067595,0.131670248,2.813954734,1,1,0
0.2321157027,0.2032519037,4.464955904,1,1,0
0.1900402641,1,4.181611695,5,0,0.6442443421
0.7998361506,1,2.181955175,1,0,0
0.6548504539,1,1.853319473,3,0,0.009663469723
0.545809675,1,3.965902521,1,0,0
0.4468711663,1,4.900415632,5,0,0.5393580875
0.905225254,1,4.685739343,5,0,0.08732875256
0.8284645064,0.3188529966,1.077985203,3,1,0
0.6782893693,0.5257014373,2.6994263,5,1,0.03370661088
0.589042977,0.2414748377,1.728644206,1,1,0
0.4822676001,0.5829359267,4.73376269,1,1,0
0.3948473154,1,3.017994838,1,0,0
0.3232736399,0.1952301874,2.019797364,5,1,0
0.2646740707,1,4.63019699,5,0,0.6673444939
0.8840412951,1,1.182517928,3,0,0
0.7237917953,0.1557793653,4.828693265,5,1,0
0.5925906016,0.2125369337,2.29464481,3,1,0
0.4851721495,1,1.3151928,5,0,0.04056750787
0,1,4.784262397,3,0,0.4676393595
0.4676393595,0.7842687396,1.105695471,5,1,0
0.382870725,0.5613807212,4.780550091,5,1,0.2597664758
0.5732345128,0.6612223034,2.544577519,3,1,0.00101557864
0.470340303,0.03807285904,1.815146545,1,1,0
0.3850820705,0.7743847818,4.452011723,1,1,0
0.3152785336,0.5242422831,3.38194416,5,1,0.1323152557
0.3904434869,0.174453469,1.420591713,3,1,0
0.31966809,0.4464732791,2.560980564,1,1,0
0.2617220961,0.2388520016,3.198768176,5,1,0
0.2142799288,1,1.040763792,1,0,0
0.1754375675,1,2.757719458,3,0,0.1349461715
0.2785823033,0.3705760165,3.96448515,5,1,0.08461203629
0.3126959352,0.7115791254,3.767689301,1,1,0
0.2560137785,0.02351866033,1.091681267,5,1,0
0.2096063537,0.5855647833,4.466685139,1,1,0
0.1716111678,0.3837742112,1.317285293,5,1,0
0.1405033407,0.1883689747,2.412260841,5,1,0
0.1150344059,1,2.803214932,1,0,0
0.09418220578,1,4.6917251,1,0,0
0,0.1887881189,3.343354699,5,1,0
0,0.6687323029,1.137256007,3,1,0
0,0.4937711154,3.789426634,5,1,0.2177773539
0.2177773539,1,4.649545824,5,0,0.7136893478
0.8919903648,0.4228939548,2.663061481,3,1,0
0.7302999431,1,3.833157952,5,0,0.1910257152
0.7889447376,0.7548758941,3.589342662,3,1,0.03301458064
0.6789478998,1,1.286547215,3,0,0
0.5558755253,0.8552318035,2.183482261,1,1,0
0.4551123874,0.6343753764,2.15594686,3,1,0
0.3726145077,1,4.477160879,5,0,0.5453800725
0.850451029,0.369949597,2.996922158,3,1,0
0.6962904114,0.7439741449,3.938314432,3,1,0.05755315437
0.6276275273,0.4112409631,4.537410339,5,1,0.08061575428
0.5944737123,1,3.114609333,5,0,0.2143824182
0.7010963284,1,4.329130571,5,0,0.2487723378
0.8227814627,0.1196859791,4.41413223,3,1,0
0.6736364866,1,4.231471778,1,0,0
0.551526908,0.6107679392,3.85062425,1,1,0
0.4515520407,1,4.644781068,3,0,0.2450011149
0,1,3.983908259,1,0,0
0,0.3197048822,3.118897821,1,1,0
0,1,4.054475643,5,0,0.7636189107
0.7636189107,1,4.920337176,3,0,0.1153659269
0.7405642127,0.4875660407,3.412793827,5,1,0.04306390031
0.6493865959,1,1.655159871,3,0,0
0.5316727767,0.2732906752,4.966593174,3,1,0
0.4352968529,0.2977360731,3.413044118,5,1,0.002285121148
0.3586760413,0.5720809731,4.014599748,1,1,0
0.2936591054,0.2751131057,4.354560328,3,1,0
0.2404277405,1,2.768051575,1,0,0
0.1968455851,0.08086632605,3.446762795,3,1,0
0.1611635341,1,4.587348326,5,0,0.7522996479
0.8842491895,1,1.193715113,3,0,0
0.7239620048,1,2.118874577,5,0,0.07721297375
0.6699429312,0.2356327326,2.839507079,3,1,0
0.5485028806,1,4.898433955,3,0,0.2188700432
0.6679462196,1,4.301021753,1,0,0
0.5468681114,1,2.89920568,1,0,0
0.4477377407,0.2720162935,4.686699739,1,1,0
0,1,4.451635686,3,0,0.4177453529
0.4177453529,0.6635852167,3.061513748,3,1,0.03187045899
0.3738914264,1,3.479497715,3,0,0.1702543592
0.4763707683,1,1.96589039,3,0,0.02350234327
0.4135217412,1,3.658846313,3,0,0.1752555075
0.5138184741,0.4634535544,1.094216815,5,1,0
0.4206789862,0.3089108786,1.204916405,5,1,0
0.3444228232,1,2.795923484,3,0,0.1110472495
0.3930368069,0.7471563991,4.691039875,3,1,0.1673646798
0.4891560007,1,3.045273134,3,0,0.1056379262
0.5061249871,0.05614040076,2.204981926,1,1,0
0.4143800918,1,2.796209986,3,0,0.09922245828
0.4384881829,0.4015143046,1.980918605,3,1,0
0.3590037602,0.2092977702,1.25748671,3,1,0
0.2939274189,1,3.219279075,5,0,0.3917430261
0.6323904431,1,2.473426235,5,0,0.1354113913
0.653168895,1,3.096340459,1,0,0
0.5347694613,1,3.866812364,5,0,0.3334321651
0.7712643688,0.857171779,4.842439118,1,1,0
0.6314578575,0.239900715,3.773900037,5,1,0
0,0.1613473719,4.215324923,5,1,0
0,1,1.268918989,1,0,0
0,1,3.881450892,1,0,0
0,0.7353475336,1.302224757,1,1,0
0,0.1384260183,2.891647016,3,1,0
0,0.1706416822,1.969653036,5,1,0
0,1,2.477277158,3,0,0.1215915736
0.1215915736,0.2702826916,2.153062071,1,1,0
0.09955076066,0.09390253456,2.761815474,5,1,0
0.08150526925,0.6823173413,1.526942083,1,1,0
0.06673087047,1,1.641252409,5,0,0.1496152693
0.2042498852,0.356512157,2.533622861,3,1,0
0.1672256623,1,4.727491532,3,0,0.3823464599
0.5192592524,1,2.758388681,1,0,0
0.4251335187,1,1.594129372,3,0,0
0.348069886,0.3712860914,1.083788021,5,1,0
0.2849755199,0.1117416369,4.180692994,1,1,0
0.233318222,1,2.101516913,1,0,0
0.1910248036,1,1.578697252,5,0,0.1170379308
0.2734358121,0.00975360927,1.932342749,1,1,0
0,0.4644507213,2.932144027,3,1,0
0,0.3994184519,2.125661501,3,1,0
0,1,1.855096534,5,0,0.2137741334
0.2137741334,1,1.373368317,3,0,0
0.1750234572,1,3.280697065,5,0,0.470380395
0.613677482,1,2.35166587,3,0,0.03969459256
0.5421312195,1,2.060641327,1,0,0
0.4438595016,1,3.070240214,5,0,0.287836106
0.6512375301,1,2.470564293,3,0,0.04205539826
0.5752435917,1,4.648022896,3,0,0.1899525246
0.6609221436,0.2760048526,3.404987277,3,1,0
0.5411172843,1,2.402852813,3,0,0.05067346472
0.4937028264,1,1.31619698,1,0,0
0.4042096869,0.1108347957,2.472568253,5,1,0
0.3309389013,0.4378183605,1.159503484,1,1,0
0.2709498559,1,1.036896389,1,0,0
0.2218349796,1,4.724025261,5,0,0.7244765482
0.9060996681,1,2.759366987,5,0,0.041301286
0.7831529496,1,4.004840269,1,0,0
0.6411914042,0.8787148414,4.703230635,1,1,0
0,1,2.121257624,5,0,0.2803144061
0.2803144061,1,1.889891718,5,0,0.1601105624
0.3896125872,1,3.08880183,5,0,0.3187445862
0.6377323932,1,1.443332993,5,0,0.04015129561
0.5622824181,0.6356877836,4.570775122,1,1,0
0.4603579076,0.5838894627,3.720812022,3,1,0.04094881898
0.4178579954,0.5996562522,2.738079323,5,1,0.09342016743
0.4355333587,1,1.774284326,1,0,0
0.3565845547,0.007502973914,1.282743681,5,1,0
0.291946741,1,3.812417975,3,0,0.2278959311
0.4669217062,0.4585210707,2.269758469,1,1,0
0.3822831602,0.761946286,4.370715777,3,1,0.1541435765
0.4671305561,1,3.578904792,3,0,0.15284599
0.5353001419,0.01674565151,1.00708857,3,1,0
0.4382666883,0.1466988006,4.265069775,5,1,0
0.3588224158,0.603647505,2.881112337,1,1,0
0.2937789467,0.244482976,1.71685779,5,1,0
0.2405258583,0.7084985964,4.445892482,1,1,0
0.1969259171,0.1512787475,3.63722673,3,1,0
0.1612293044,0.5654504155,3.989341181,3,1,0.07411897419
0,1,4.918918574,3,0,0.487837786
0.487837786,1,4.012191177,5,0,0.3856826255
0.7850904235,1,4.24902736,1,0,0
0.6427776736,1,3.437078699,1,0,0
0.5262618488,0.284270597,4.781815138,1,1,0
0.4308667598,0.5685619006,4.205521538,3,1,0.06184480541
0.4146086721,0.007164245118,3.733567027,3,1,0
0.3394528704,0.3111252515,4.077231767,3,1,0
0.2779205042,0.5910356744,1.14045734,1,1,0
0.2275420637,0.1121874456,4.312556831,5,1,0
0.1862956852,0.2761562471,2.220338,1,1,0
0.1525260066,1,1.152299475,5,0,0.03226746106
0.1571451933,0.1384062899,2.892373479,5,1,0
0.1286596025,0.2896742901,2.490236804,5,1,0
0.1053375732,0.4733443054,1.581048503,3,1,0
0.08624311065,1,2.082106819,5,0,0.2471956403
0.3178055272,0.6984714168,2.132125298,1,1,0
0.2601971586,0.3916276604,2.92556349,5,1,0.02695316014
0.2399845758,0.3048175004,3.178725207,5,1,0
0.1964827525,0.5195791459,1.82063448,1,1,0
0,1,3.714172278,1,0,0
0,1,2.744024599,3,0,0.1616036899
0.1616036899,1,3.744111533,1,0,0
0.1323099107,0.7474962308,4.515622404,1,1,0
0.1083261928,1,1.075718098,3,0,0
0.08868998545,1,1.620298093,1,0,0
0.07261321858,0.08439296995,2.974205717,1,1,0
0.05945067513,1,3.479771887,1,0,0
0.04867409602,0.08133931501,1.553148716,1,1,0
0.03985097929,0.007257893162,4.391108174,1,1,0
0.03262722228,0.344008183,1.61230356,1,1,0
0.02671291027,0.0872867184,3.919009606,3,1,0
0.02187068114,1,4.881258026,5,0,0.9490930674
0.9669992667,1,2.990419259,5,0,0.0164213238
0.8081333616,0.1604547834,3.824897982,1,1,0
0.6616436357,1,1.312725716,5,0,0.02645318406
0.5681611762,0.2968454738,3.115217696,5,1,0
0.4651710277,0.6543812374,2.321612777,1,1,0
0.3808498258,1,4.653087721,3,0,0.2773564674
0.5891699321,0.321339936,3.589337549,1,1,0
0,1,1.928069086,3,0,0.03921036292
0.03921036292,0.2105910861,1.900040476,5,1,0
0.03210272996,0.4109701403,1.518654524,5,1,0
0.02628349228,1,4.124506018,3,0,0.3589858124
0.3805049158,1,3.932592999,5,0,0.4541817367
0.765712813,0.6331534532,4.549847394,3,1,0.04266668118
0.6695793092,0.1769295795,1.037269288,5,1,0
0.5482051721,1,4.135041903,5,0,0.3540989293
0.8029313627,1,1.255216341,3,0,0
0.6573845992,1,2.368945145,5,0,0.1172554224
0.6554764104,0.1919526316,1.327785595,5,1,0
0.5366586951,0.07893151473,2.878650039,3,1,0
0.4393789776,1,4.358534927,3,0,0.2263676905
0.5861007717,1,2.026513891,1,0,0
0.4798587262,1,1.586565536,3,0,0
0.3928750963,1,1.645571584,3,0,0
0.3216589234,1,4.029383677,5,0,0.5137388462
0.7770908988,0.0137548165,1.010144909,3,1,0
0.6362282168,1,4.403199826,3,0,0.1493210321
0.6702206391,1,3.92013079,5,0,0.2407497164
0,1,2.492447339,5,0,0.3731118347
0.3731118347,1,3.202781787,5,0,0.3452244583
0.6507025916,0.1488349179,2.685004548,1,1,0
0.5327502229,0.07650526476,4.401243928,5,1,0
0.4361789912,1,3.775984491,1,0,0
0.3571131539,1,4.75924234,5,0,0.6041918628
0.8965713843,0.1760705959,3.700361826,5,1,0
0.7340505646,1,4.675810907,1,0,0
0.6009897716,0.3179621031,2.090579285,5,1,0
0.4920488083,1,1.63788691,3,0,0
0.4028554914,0.5659110254,1.757611563,5,1,0
0.3298301798,0.6633628024,1.672491138,1,1,0
0.2700421115,0.3307281795,1.501188086,5,1,0
0.2210917813,1,1.494490861,1,0,0
0.1810146406,1,1.323429815,3,0,0
0.148202253,0.229490361,3.313461299,5,1,0
0.1213377422,1,2.165069862,1,0,0
0.09934294107,1,2.612759992,3,0,0.1278158448
0.2091509658,1,1.744364783,1,0,0
0.1712383277,1,4.818900803,5,0,0.7912396539
0,1,1.120007758,3,0,0
0,1,2.373739301,5,0,0.3434348254
0.3434348254,1,3.823131203,5,0,0.4633924078
0.744573061,1,4.224961301,3,0,0.09801860513
0.7076234681,0.8557696673,4.509743129,1,1,0
0.5793530949,1,2.488874107,1,0,0
0.4743341957,1,4.496750447,3,0,0.22315174
0.6115037333,0.8398167216,3.611331599,1,1,0
0.500656912,0.2111258126,2.670164271,1,1,0
0.4099032106,1,3.961976482,3,0,0.2031682429
0.5387686072,0.2917968415,4.644280539,3,1,0
0.4411064275,0.6038982383,1.566576195,1,1,0
0.3611473976,0.1727665819,1.290208188,1,1,0
0.2956824808,0.4187060546,2.048060305,1,1,0
0.2420843402,0.1103601206,2.246151204,5,1,0
0.1982018942,1,1.702845516,3,0,0.00435121994
0.166625206,0.4259489437,4.427473518,1,1,0
0.1364211804,0.372674875,3.270207728,5,1,0.04722140878
0.1589136245,0.1170926551,1.47858615,3,1,0
0.1301074715,0.6953140448,3.379211647,1,1,0
0,1,1.982725005,5,0,0.2456812513
0.2456812513,0.03540374601,2.886572194,5,1,0
0.2011467959,0.5179069449,1.151122046,5,1,0
0.1646850677,0.1040603994,1.350884467,3,1,0
0.1348327295,0.7569900649,3.237505457,5,1,0.3137874019
0.4241791041,1,4.563396009,5,0,0.5129694707
0.860257948,1,1.777832519,5,0,0.02717397806
0.7314936157,1,2.262532016,5,0,0.08474947671
0.6836457955,0.697106101,4.262198538,3,1,0.06190440923
0.6216262462,1,1.489101754,1,0,0
0.5089445247,1,2.088924712,1,0,0
0.416688534,0.2808318824,4.473572503,3,1,0
0.3411557172,1,4.333605125,1,0,0
0.2793146773,0.1852238439,3.716069891,5,1,0
0.2286835161,0.2131860875,1.790206642,3,1,0
0.1872302273,0.3487147968,2.184517394,5,1,0
0.153291145,1,1.258483809,5,0,0.0547151325
0.1802193071,0.1488544699,1.247011024,5,1,0
0.147551089,0.3476463671,4.618338795,1,1,0
0.1208046142,0.5547582549,4.114091122,3,1,0.08119272831
0,1,4.204029817,1,0,0
0,0.763460023,1.533908565,3,1,0
0,1,1.931229861,5,0,0.2328074653
0.2328074653,1,2.391155435,3,0,0.08337335619
0.2739799875,1,4.665607546,3,0,0.3265936641
0.5509095057,1,1.67094482,1,0,0
0.4510465545,1,4.499588338,1,0,0
0.3692856852,1,2.462963548,1,0,0
0.3023455471,0.4839655316,4.429421636,1,1,0
0.2475395975,1,1.231664364,1,0,0
0.2026682811,1,3.03977198,3,0,0.164223063
0.3301538174,0.4310238512,2.551762047,1,1,0
0.2703070835,0.3321538071,4.833167262,5,1,0.1104307968
0.3317395188,1,4.728960082,1,0,0
0.2716053461,0.01911934386,1.213584185,3,1,0
0.2223716495,1,1.441774517,3,0,0
0.1820625081,0.6307198798,1.485578648,3,1,0
0.1490601744,1,1.590950864,3,0,0
0.1220401488,1,2.86068073,3,0,0.1572444614
0.2571624844,1,3.620963502,5,0,0.4867375041
0,1,4.532940404,5,0,0.8832351011
0.8832351011,1,3.830550577,1,0,0
0.7231317395,0.342258786,2.061906365,3,1,0
0.5920501936,0.8172411894,3.446240941,3,1,0.07035563834
0.5550853392,1,4.071926679,1,0,0
0.4544654378,1,1.258760331,1,0,0
0.3720848302,1,2.494137764,1,0,0
0.3046372932,0.6615812043,2.672152708,5,1,0.1334828694
0.3828987899,1,2.667426861,5,0,0.2572427835
0.5707337981,0.008887652654,2.59975192,3,1,0
0.4672773123,1,4.210636661,5,0,0.4275947478
0.8101690536,0.3841461622,1.039321209,5,1,0
0.6633103194,0.4380818339,2.088489664,3,1,0
0.5430725573,1,1.498088697,5,0,0.05689759866
0.5015278025,0.6288926485,1.464991655,3,1,0
0.4106162354,0.244763966,2.208532187,3,1,0
0.3361841396,1,4.214306993,3,0,0.2536746083
0.5289189021,0.1875248822,1.905155749,5,1,0
0.4330421711,0.6865128913,4.845592309,1,1,0
0.3545449428,0.660849678,1.788857157,3,1,0
0,1,3.3636012,3,0,0.2545401801
0.2545401801,0.2822997366,1.974019381,3,1,0
0.2083998733,0.5918156621,2.303180467,5,1,0.07184924377
0.242472629,1,3.740308138,1,0,0
0.1985197981,0.4997212242,3.383732302,3,1,0.002916127432
0.1654503913,1,1.150324209,5,0,0.03136325248
0.1668225759,0.009205073576,2.591981804,5,1,0
0.1365827732,1,3.950897098,3,0,0.2958365856
0.4076611024,0.5380944796,4.325835709,3,1,0.05873410214
0.3924987835,1,1.88432035,3,0,0.01983373161
0.3411845562,0.06553164739,1.990335487,3,1,0
0.2793382886,0.2210568317,3.382698765,5,1,0
0.2287028474,1,3.863560739,3,0,0.2541687214
0.4414147759,1,1.533153874,3,0,0
0.3613998519,0.1596203352,4.113687509,5,1,0
0.2958891729,0.7682283448,3.153175763,1,1,0
0.2422535654,0.1612837738,4.723790895,5,1,0
0.198340444,1,1.896260554,3,0,0.02760842003
0.1899958411,1,3.592913005,3,0,0.2340401318
0.3895955698,0.2072103169,4.802895246,5,1,0
0,0.02497032869,1.482030016,1,1,0
0,1,1.213058166,1,0,0
0,0.6476765315,2.886194405,1,1,0
0,0.05743768681,2.145700636,5,1,0
0,0.507517277,3.201070331,5,1,0.1561496244
0.1561496244,1,1.994293745,1,0,0
0.1278444996,0.3446982463,2.45910305,5,1,0
0.1046702234,0.6819939213,1.827591665,3,1,0
0.08569673084,1,3.63157853,3,0,0.269478801
0.33964135,0.2285377915,1.584877951,1,1,0
0.2780748182,1,1.026708905,3,0,0
0.2276684053,0.7457615039,1.1458274,1,1,0
0.186399125,1,1.062446619,3,0,0
0.1526106959,0.2077975388,4.63236779,3,1,0
0.12494707,0.1014840734,4.865795111,3,1,0
0.1022980087,1,4.337569309,3,0,0.3596511931
0.4434057189,0.06888067128,3.008864208,5,1,0
0.3630298981,1,2.687025042,1,0,0
0.2972237419,0.6427289693,1.789305444,1,1,0
0.243346218,0.6725997134,3.914213697,3,1,0.109642804
0,0.7616604296,3.75990857,3,1,0.1795660365
0.1795660365,0.5411574051,1.535149515,5,1,0
0.1470162363,0.2917449955,4.643727135,1,1,0
0.1203667139,0.02228280394,2.563709607,5,1,0
0.09854793028,1,3.108523055,1,0,0
0.08068422118,1,2.282970832,5,0,0.2948638324
0.3609224856,1,1.858444788,1,0,0
0.2954983384,1,2.648231152,3,0,0.1037270717
0.3456606488,0.5448569149,3.894184184,1,1,0
0.2830030033,1,2.818610467,5,0,0.3259845607
0.5576878227,0.08517524411,2.238838871,5,1,0
0.4565961711,1,1.770866122,1,0,0
0.373829327,0.6865604567,3.490912407,1,1,0
0.3060655664,0.07215010308,4.65426668,5,1,0
0.2505852917,1,4.365239692,3,0,0.3033525475
0.5085144321,1,4.375285075,5,0,0.4147259754
0.8310623794,1,3.188105028,1,0,0
0.6804163277,1,4.668581469,1,0,0
0.5570777724,1,3.902471306,5,0,0.3213922641
0.7774889682,1,4.055568225,3,0,0.07973354257
0,1,1.035781342,5,0,0.008945335396
0.008945335396,1,2.649014288,1,0,0
0.007323821185,0.8130686973,3.471965414,3,1,0.1721717015
0.1781679391,0.2706219768,2.423501962,5,1,0
0.145871571,0.2270974627,2.423438357,1,1,0
0.1194295411,0.5614050199,4.052412638,3,1,0.08035797149
0.1781386097,0.4219638486,2.983911045,3,1,0
0.145847558,1,1.021194729,1,0,0
0.119409881,0.1441740738,2.632608807,5,1,0
0.09776454181,0.4662511625,1.374712523,5,1,0
0.08004283694,0.1935707116,1.884108672,5,1,0
0.06553353217,1,2.96811735,3,0,0.1824243034
0.2360786216,0.4167250064,3.877979491,3,1,0
0.1932848276,0.3616110049,1.214463225,3,1,0
0.1582482325,1,4.512888485,1,0,0
0.1295626946,1,1.411535772,5,0,0.08955402207
0.1956309846,1,3.71617805,3,0,0.2472845181
0.4074536214,0.4900807729,2.717912014,3,1,0
0.3335948103,0.3308598931,2.796120859,5,1,0
0.2731243303,0.6963596384,1.99058741,1,1,0
0,1,1.517649631,5,0,0.1294124076
0.1294124076,0.07371181921,3.373521643,1,1,0
0.105953918,1,3.690897913,3,0,0.2714634023
0.3582111333,0.4760497714,3.614856198,1,1,0
0.293278471,1,1.090396093,5,0,0.01597121627
0.2560873197,0.6085905702,2.61732752,3,1,0
0.2096665641,0.3656046639,2.398819097,5,1,0
0.1716604639,1,2.196072535,3,0,0.06577917167
0.2063228726,1,2.360217584,1,0,0
0.1689228808,0.4829937997,4.436717648,5,1,0.2374609881
0.3757633455,1,1.016003622,3,0,0
0.3076490069,1,4.797428389,3,0,0.3251378982
0.5770196013,1,2.867415431,5,0,0.1974700309
0.6698937235,1,1.605180797,3,0,0
0.5484625928,1,1.114140737,3,0,0
0.4490431916,1,1.19885352,5,0,0.02738992516
0.3950353956,0.1278140259,1.506122402,3,1,0
0.3234276269,0.007940391292,2.020349221,3,1,0
0.2648001446,1,2.273689201,3,0,0.06694243191
0.2837424537,0.2911261289,2.087285659,5,1,0
0,0.5886145456,1.19538418,3,1,0
0,0.8994898042,4.202576991,1,1,0
0,0.3824798222,3.858046206,5,1,0.1189062067
0.1189062067,1,4.240185225,5,0,0.7137267727
0.8110789408,0.2816952718,3.261890578,5,1,0
0.664055272,0.5296970143,1.329774275,5,1,0
0.543682473,0.494305664,4.633981222,3,1,0.04270697396
0.4878365345,0.5134634859,4.017343266,5,1,0.1360765931
0.5354833663,0.3497355,1.151834966,3,1,0
0.4384166998,0.6914512441,4.162937469,3,1,0.1020791334
0.4610243682,0.8361655302,3.378923707,1,1,0
0.3774548281,0.7992909206,4.077416114,1,1,0
0.3090338757,0.1265856563,1.627628082,5,1,0
0.2530155378,1,3.285073319,3,0,0.1813386934
0.3884902952,0.3272508792,2.888887949,3,1,0
0.3180689519,0.2200703713,4.502720338,3,1,0
0.2604128325,0.350458658,3.056620537,3,1,0
0.2132079945,0.2215519635,4.416339814,5,1,0
0.1745599419,0.2908649136,4.343658164,5,1,0.05435889212
0.1972764848,0.5692161323,3.866023962,1,1,0
0,1,4.709063741,5,0,0.9272659354
0.9272659354,1,4.634544173,3,0,0.03237986916
0.7915610067,0.6022599556,4.625974354,5,1,0.09307004847
0.7411453876,1,1.900743192,3,0,0.009088768231
0.6158872896,1,4.893477781,3,0,0.1859188745
0.6901647389,1,1.643393572,5,0,0.04983650385
0.6148956003,0.6687029466,3.194701737,3,1,0.02712905289
0.5305629908,1,1.217051158,3,0,0
0.434388237,0.7059532869,1.164647826,3,1,0
0.3556470084,0.5573274401,3.658967544,1,1,0
0.291179143,0.285864993,4.407515012,5,1,0.04606524822
0.2844625673,0.9338968025,3.211147519,1,1,0
0.2328982519,1,2.150784781,1,0,0
0.1906809612,0.1481610923,1.930651123,5,1,0
0.1561163669,1,1.672134168,5,0,0.1418007558
0.2696180265,0.4199894336,3.870029974,5,1,0.1141900535
0.3349346234,0.1902514103,4.695902627,3,1,0
0.2742212765,0.4795730834,2.454879416,3,1,0
0.2245133922,0.09782658116,2.583378712,1,1,0
0.1838160187,0.1051282308,4.499714082,3,1,0
0,1,2.596867805,5,0,0.3992169511
0.3992169511,0.3540204702,2.014944333,3,1,0
0.326851195,0.05670515837,3.934873774,5,1,0
0.2676031251,1,2.345382798,5,0,0.2463385392
0.4654334473,0.5998214217,4.650179123,3,1,0.09001649463
0.4710811715,1,2.496444599,3,0,0.06583277581
0.4515214181,1,2.072067799,1,0,0
0.3696744707,1,2.028610218,1,0,0
0.3026638578,1,3.370065188,3,0,0.178176203
0.4259764112,1,2.150152853,5,0,0.1650537171
0.5138137051,0.4846200954,4.741331279,3,1,0.046023203
0.4666982847,0.3740756192,2.789054788,5,1,0.0057753105
0.3878755486,1,1.018592293,1,0,0
0.31756564,1,3.882737951,1,0,0
0.2600007556,0.3395265008,3.852522122,5,1,0.05698611254
0.269856727,1,3.458402844,1,0,0
0.2209400013,0.000149237959,3.918359301,5,1,0
0.1808903736,0.2770339867,2.687650374,5,1,0
0.1481005118,1,3.100660808,1,0,0
0.1212544436,0.3737654853,1.739898873,5,1,0
0,1,3.685461649,1,0,0
0,0.1455711024,1.857739014,3,1,0
0,1,3.061500665,5,0,0.5153751662
0.5153751662,1,3.948967875,3,0,0.1659089766
0.5878624745,1,2.765241523,1,0,0
0.4813010864,0.4600567487,1.379561297,1,1,0
0.394056001,0.359026385,2.236800315,3,1,0
0.3226257664,1,3.043719054,3,0,0.1399169709
0.4040606076,1,2.34237569,1,0,0
0.3308168455,0.4135187844,1.099674756,1,1,0
0.2708499251,0.08284719082,4.249273523,3,1,0
0.2217531631,1,1.601078003,1,0,0
0.1815561342,0.2654724037,1.489246518,5,1,0
0.1486455905,1,1.583872092,3,0,0
0.1217007163,1,2.361018548,3,0,0.091477314
0.1911174331,1,4.613087351,5,0,0.7306408428
0.8871145627,1,4.188339485,1,0,0
0.726307974,1,4.658705027,1,0,0
0.5946506745,1,3.008875078,1,0,0
0.4868587946,0.3632046418,4.840434782,1,1,0
0,0.7400687318,1.664229773,5,1,0.0579111044
0.0579111044,0.6288544643,4.875115052,3,1,0.197707416
0.2451210181,1,1.98446824,3,0,0.03598525926
0.236673375,0.1321803314,1.990962236,3,1,0
0.1937717705,0.7938565819,1.609594345,5,1,0.05598994346
0.2146368511,0.1879386439,1.560360875,3,1,0
0.1757297907,1,4.438626418,5,0,0.7085893292
0.8524647131,0.5321865718,4.039075658,3,1,0.01068616881
0.7086252454,0.3956779584,2.25942493,1,1,0
0.5801732808,1,4.957299723,3,0,0.207224352
0.6822300591,0.58849018,3.684062987,5,1,0.0927915945
0.6513543246,1,4.690816207,5,0,0.3216967773
0.854980594,0.03702098537,2.401903745,3,1,0
0.6999989056,1,3.06794956,5,0,0.1550967828
0.7282074139,0.3499771762,2.400525267,1,1,0
0.5962058044,0.3255195052,3.169946864,1,1,0
0.4881320272,1,1.346717069,1,0,0
0.3996487023,0.327304032,2.365493073,5,1,0
0.327204683,1,2.889849009,1,0,0
0.2678925365,0.3352069598,1.778099939,5,1,0
0,1,3.80572343,5,0,0.7014308575
0.7014308575,0.3744260793,4.908400668,3,1,0.007665757561
0.5819487718,0.6403860023,4.167761437,1,1,0
0.4764593562,0.5678671539,2.769356368,3,1,0
0.3900919275,0.1687227723,2.030999232,1,1,0
0.3193802576,1,1.935692818,1,0,0
0.2614864388,0.6080893145,2.929345548,5,1,0.1442508493
0.3583378382,1,1.454600615,1,0,0
0.2933822081,0.05714695524,2.882111924,1,1,0
0.2402010362,1,1.164473352,5,0,0.03124167062
0.2279016459,0.06703700278,4.417447127,5,1,0
0.1865900862,1,1.798226479,1,0,0
0.1527670418,0.1294919224,2.990536679,1,1,0
0.1250750751,0.06624670411,1.96341588,5,1,0
0.1024028105,1,1.527365241,5,0,0.1183403895
0.2021807196,1,4.681783344,5,0,0.7343494344
0.8998810073,1,3.947733821,5,0,0.07378103525
0.81054129,1,1.715006782,3,0,0.00137376839
0.6649888492,0.04206549336,1.175750004,5,1,0
0.5444468213,0.05633414441,3.87265349,3,1,0
0,0.1351565118,4.967937299,3,1,0
0,1,2.033272529,1,0,0
0,1,4.54982241,1,0,0
0,1,3.852300854,5,0,0.7130752135
0.7130752135,1,3.083724998,5,0,0.1494680875
0.7332846941,1,4.641030608,1,0,0
0.6003627298,1,3.669902642,5,0,0.2667481509
0.7582835807,0.5280208269,2.246265642,1,1,0
0.6208300871,1,2.637519875,3,0,0.05521774896
0.5635104337,1,1.790058855,3,0,0.008078910424
0.4694422322,1,4.570992789,3,0,0.2311369176
0.6154837099,0.8210042904,1.999680626,1,1,0
0.5039154413,0.5120619867,3.998897903,3,1,0.02835249295
0.4409235617,1,4.571852777,1,0,0
0.3609976797,0.7026773811,1.903685831,3,1,0
0.2955599022,1,4.806437388,1,0,0
0.2419839813,0.5744126432,4.681766784,1,1,0
0.1981197272,0.4933244632,3.133599329,1,1,0
0.1622067135,1,3.167928896,1,0,0
0.1328036247,1,2.56070878,1,0,0
0,1,4.44673325,3,0,0.4170099875
0.4170099875,1,4.802248205,1,0,0
0.3414189011,0.8425933241,1.175599203,1,1,0
0.279530154,0.4916689922,3.24604997,3,1,0
0.2288599335,0.7983439655,2.758842894,3,1,0.06198102786
0.2493556936,0.6799629413,1.208433465,1,1,0
0.2041551748,1,3.16519991,5,0,0.4307907861
0.5979389061,1,2.286647576,5,0,0.1293277329
0.6188787038,0.9533544867,3.891955987,1,1,0
0.5066950272,0.6119304472,3.172497968,3,1,0.02032525756
0.4351720588,1,2.707877614,1,0,0
0.3562887474,1,2.643769825,3,0,0.0943458447
0.3860503992,0.2805939823,2.611500682,5,1,0
0.316071334,1,3.125806699,5,0,0.363475035
0.6222523563,1,4.961295407,3,0,0.1866807365
0.6961378768,1,4.561433188,5,0,0.2705461625
0.8404956507,0.1078947191,4.786576464,5,1,0
0.688139637,1,3.45528943,1,0,0
0.5634010833,0.5541689187,4.631161448,1,1,0
0.4612737932,0.7471064677,4.839593818,1,1,0
0,0.1745428228,3.191292601,3,1,0
0,0.856935761,1.095989999,5,1,0
0,0.3491500955,4.299301017,5,1,0.1252753402
0.1252753402,1,2.009118052,1,0,0
0.1025667737,1,1.180894756,1,0,0
0.08397457184,0.1408789332,4.972472474,5,1,0
0.06875256444,1,4.861329483,1,0,0
0.05628983886,0.575273753,3.501144056,5,1,0.2392579597
0.2853441819,1,3.454700943,5,0,0.4385665777
0.6721866346,1,3.083501778,1,0,0
0.5503398695,1,4.319547607,1,0,0
0.4505801758,1,4.71788819,1,0,0
0.3689038467,1,2.758950076,1,0,0
0.3020329242,1,4.896603501,3,0,0.3381584351
0.5854420786,1,1.25309812,1,0,0
0.4793194339,0.0844782676,3.686864629,5,1,0
0.3924335611,0.05381219574,2.32950643,5,1,0
0.321297425,1,2.388281093,5,0,0.2355574881
0.4986135709,1,1.48073003,3,0,0
0.4082302644,1,1.263208147,5,0,0.0389396539
0,0.7164554069,1.101889435,5,1,0
0,1,2.058173073,3,0,0.05872596096
0.05872596096,0.70317445,3.194348901,3,1,0.08182276826
0.1299035185,0.8069856247,2.29826354,1,1,0
0.1063560055,1,4.975766569,3,0,0.4435735882
0.5306505207,0.6715400155,4.212158982,3,1,0.0818052657
0.5162651662,1,1.581233674,1,0,0
0.4226821683,0.1270251642,3.29272155,1,1,0
0.3460628899,1,2.512992898,5,0,0.2473505509
0.5306828814,1,1.332790078,5,0,0.03904602019
0.4735324153,0.05096485738,4.824560247,3,1,0
0.387695551,0.3091331737,4.031412676,1,1,0
0.3174182704,1,1.899110468,3,0,0.02379928374
0.2836793833,1,1.720608496,5,0,0.1290466805
0.3613037157,0.5249326413,4.505503298,1,1,0
0.2958104632,1,3.039198151,5,0,0.3589955003
0.6011846236,1,1.061169528,5,0,0.006098837087
0.4983071767,1,1.341250326,1,0,0
0.40797941,0.1029529022,3.99827837,5,1,0
0.3340252896,0.2143610243,3.551239216,5,1,0
0,0.2561395774,4.442204695,1,1,0
0,0.2608108295,3.367740633,1,1,0
0,1,2.824562267,3,0,0.1736843401
0.1736843401,1,2.134075386,3,0,0.0579340717
0.2001347822,1,1.345507921,1,0,0
0.163856501,1,4.114781584,3,0,0.3070463059
0.4412006624,0.3289169266,1.713469397,3,1,0
0.3612245506,1,1.788217121,1,0,0
0.2957456483,0.5916977315,3.860714996,5,1,0.2261319005
0.4682679579,1,2.95364024,1,0,0
0.3833853778,0.4175664816,3.582280978,3,1,0
0.3138893991,0.1034130261,3.144709979,3,1,0
0.2569909041,0.8513400277,2.570702706,1,1,0
0.2104063564,1,3.1752238,5,0,0.4293857215
0.6016518762,1,1.331886991,3,0,0
0.4925908937,0.2235336184,2.596101287,5,1,0
0.4032993133,1,3.320788423,5,0,0.3462040114
0.6763975619,1,3.544244222,5,0,0.2058309083
0.7596183936,1,1.039065742,3,0,0
0.6219229394,1,2.832555309,3,0,0.06611936263
0,0.657695262,2.978172628,5,1,0.2396825066
0.2396825066,0.6513476417,3.537687112,1,1,0
0.1962354392,0.7265462183,4.997827768,1,1,0
0.1606639889,1,2.164952465,1,0,0
0.1315405486,1,4.825148403,5,0,0.8304965708
0.9381928632,0.3253172918,4.901630291,3,1,0
0.7681273494,1,1.409245734,1,0,0
0.6288894833,1,3.076836156,5,0,0.1926839347
0.707575095,1,2.737485608,5,0,0.127021016
0.7063345063,0.4228834698,3.679546764,3,1,0
0.5782977823,0.120555515,3.311202175,5,1,0
0.4734701788,1,2.957223924,3,0,0.1019275323
0.4895721283,0.4812140732,3.153446753,3,1,0
0.4008277573,0.8374462344,1.064559254,1,1,0
0.3281700116,0.03485518737,1.778838808,3,1,0
0.2686828807,1,1.628106286,5,0,0.1148362199
0.3348151572,0.1245014917,2.574317331,5,1,0
0.2741234658,1,3.632120395,3,0,0.2140015111
0.4384348227,0.3255859317,4.706417591,5,1,0.07473637281
0.4336964454,0.5543659966,4.654007665,3,1,0.07758559151
0,0.406485946,4.795665373,1,1,0
0,1,4.703573294,1,0,0
0,0.4417785605,4.499427454,3,1,0.04816258752
0.04816258752,0.6170259024,3.08238279,3,1,0.03358701409
0.07301920564,1,4.363653897,5,0,0.7795106403
0.8392937096,0.1078021152,4.250386157,5,1,0
0.6871555709,1,4.199377923,3,0,0.1188516911
0.6814470891,1,3.373703408,1,0,0
0.5579216884,1,4.778001924,3,0,0.2063180756
0.6631057197,0.6148100848,1.193224804,3,1,0
0.5429050453,1,3.0991901,1,0,0
0.4444930566,1,1.460234333,5,0,0.06391584194
0.4278359769,0.2361920641,3.567476958,3,1,0
0.3502824715,1,3.065697926,5,0,0.3355300378
0.6223170695,0.3169581257,2.680087306,1,1,0
0.509510123,1,1.74196844,3,0,0.005540213614
0.4226918203,1,3.108433458,5,0,0.3043039704
0.6503747628,0.3411700769,3.10886321,5,1,0.005301288866
0.5377831082,1,2.777842399,3,0,0.07704062897
0.5173401981,1,2.304390743,3,0,0.04617056646
0,1,1.515665797,5,0,0.1289164493
0.1289164493,1,2.72350293,1,0,0
0.1055478616,0.2392535871,3.776097483,5,1,0
0.08641528022,1,3.970341008,1,0,0
0.07075084745,1,1.666328569,3,0,0
0.05792589461,1,4.472579066,5,0,0.8178567042
0.8652824155,0.1582342364,3.351001019,1,1,0
0.7084333237,1,4.983942119,1,0,0
0.5800161486,1,4.378569647,1,0,0
0.4748770581,0.4630063023,4.172616365,3,1,0.02089577146
0.4096922229,1,3.101433043,5,0,0.310123067
0.6455506892,0.7624475426,1.227857116,3,1,0
0.5285322019,1,4.782512875,3,0,0.2203531726
0.6530787403,0.2429794493,4.339699636,3,1,0
0.5346956489,0.2646232365,1.544407198,3,1,0
0.4377717713,0.05999109473,1.23141535,5,1,0
0.358417212,1,3.153326852,1,0,0
0.2934471939,0.02211067209,4.120379889,5,1,0
0.240254242,1,3.882385796,1,0,0
0.1967035365,1,1.900913398,1,0,0
0,0.61066528,3.188330896,3,1,0.04205044691
0.04205044691,1,1.087274096,1,0,0
0.03442799406,0.4285042401,3.095206272,1,1,0
0.02818725751,1,3.336982623,3,0,0.2434851495
0.2665629241,1,1.790427184,5,0,0.1449321506
0.3631754141,1,2.918312369,5,0,0.30540712
0.6027500003,0.2147321817,2.626462285,5,1,0
0.4934899617,1,4.319705788,5,0,0.4203660765
0.8244014845,1,1.493252695,3,0,0
0.6749628482,0.03555921121,3.513932279,1,1,0
0.552612841,1,3.499126808,5,0,0.2795193106
0.7319604381,0.7670397759,4.452529656,1,1,0
0.5992785207,0.3887917339,2.418495974,3,1,0
0.4906477546,1,2.765185463,5,0,0.2247752948
0.6264837004,0.6742274009,2.703974205,1,1,0
0.5129214718,0.6749901073,3.040604634,1,1,0
0.4199445829,1,1.181577431,5,0,0.02633124308
0.3701527877,1,1.996770586,1,0,0
0.3030554706,1,2.31994906,3,0,0.06829523848
0.3164160722,1,3.884852885,5,0,0.4930097665
0,0.5061224639,2.170426146,3,1,0
0,1,2.315129635,3,0,0.09726944519
0.09726944519,0.1012705613,2.588104119,1,1,0
0.07963748611,1,1.11292341,1,0,0
0.06520165898,0.4079131787,2.968329603,3,1,0
0.05338260336,1,3.421957143,5,0,0.5731666914
0.6168726705,1,3.580490281,5,0,0.2471640876
0.7522167136,1,4.805692036,1,0,0
0.6158629564,0.5557581218,1.799137498,5,1,0
0.5042259421,0.3257638458,2.572422463,5,1,0
0.4128252853,1,3.187150468,5,0,0.3210598631
0.6590526198,1,1.854626193,3,0,0.009612646226
0.5491992939,0.3978150702,3.122789032,1,1,0
0.4496463515,1,4.287140537,1,0,0
0.368139296,0.4230790913,3.046386647,5,1,0.04563021473
0.3470371778,0.2575509183,4.234399016,3,1,0
0.2841300099,1,2.210941347,1,0,0
0.232625977,1,1.891037214,3,0,0.02582641942
0.2162844607,0.2411164897,2.65320979,5,1,0
0.1770787394,1,2.374968292,1,0,0
0,0.05147969751,2.031656614,5,1,0
0,0.9124255162,1.83349382,1,1,0
0,1,1.98695355,1,0,0
0,0.2356142915,2.623130937,1,1,0
0,0.263951637,4.375685375,3,1,0
0,0.1872526931,4.489172407,1,1,0
0,1,4.335681714,5,0,0.8339204286
0.8339204286,0.2675381493,4.77505262,5,1,0.01152213318
0.6942784337,0.7619379371,3.87838471,3,1,0.05908474865
0.6275118535,0.1586114694,3.917088683,5,1,0
0.5137632524,1,2.656006322,3,0,0.07215799447
0.492791769,0.4532255069,2.794366425,5,1,0.03378997642
0.4372537526,1,1.057930067,3,0,0
0.3579930941,1,2.644533967,3,0,0.09416963399
0.3872695895,1,2.63472231,5,0,0.250411018
0.5674805406,0.02919456902,4.509926279,1,1,0
0.4646137704,1,3.646583879,1,0,0
0.3803935821,1,1.882932658,1,0,0
0.311439924,0.4268661786,2.791719025,3,1,0
0.2549854435,0.04980266456,2.624962368,5,1,0
0,1,4.280702768,1,0,0
0,0.7541492752,4.801200829,3,1,0.2931233188
0.2931233188,0.928581413,3.284617688,1,1,0
0.2399890755,1,1.220390399,5,0,0.04187477775
0.2383612143,1,3.880593964,3,0,0.2529319348
0.4480855913,0.6122722076,4.885150772,3,1,0.1096412783
0.4765027319,0.5520851694,2.67916502,5,1,0.06270545477
0.4528328953,0.538867985,2.538930371,1,1,0
0.3707482174,1,1.312056204,5,0,0.04909048067
0.3526334479,1,2.443618801,5,0,0.2336376315
0.5223494798,0.9433592179,3.262891746,1,1,0
0.427663583,1,4.810973034,3,0,0.269940156
0.6200814834,0.6134206484,2.693996748,1,1,0
0.5076797799,1,1.288088733,1,0,0
0.4156530485,0.5695033214,4.923999851,1,1,0
0.3403079334,1,2.694781516,1,0,0
0.2786205706,1,1.068916674,1,0,0
0.2281152296,1,2.725558646,1,0,0
0.1867649537,0.1696983941,1.282871569,5,1,0
0.1529102112,1,2.674806575,1,0,0
0,1,1.624279681,3,0,0
0,0.7766506102,4.83710739,5,1,0.6891856016
0.6891856016,0.5574169145,2.168138745,1,1,0
0.5642574466,0.1068160839,1.775265093,1,1,0
0.4619749242,0.9133902885,2.199981542,1,1,0
0.3782330776,0.3159858304,1.634856586,5,1,0
0.3096710524,0.3967912555,3.324730813,3,1,0
0.253537214,1,3.3428857,5,0,0.4372192467
0.6447979608,0.3329162678,1.35957274,1,1,0
0.52791592,1,3.651023344,3,0,0.1405174794
0.5727384782,0.5877373911,2.098678162,3,1,0
0.4689186056,0.4460430379,2.679453541,5,1,0.02591034562
0.4098284287,0.1866844077,4.508906438,3,1,0
0.3355391381,0.5690995822,3.326451592,1,1,0
0.2747162112,1,1.748352357,3,0,0.008886796048
0.2338054065,1,1.920423268,5,0,0.1763058329
0.3677295094,0.5977016086,2.793730475,3,1,0.0002987982485
0.3013702564,1,1.469469408,5,0,0.08199632296
0.32873742,0.2591326993,2.971815204,3,1,0
0.2691474354,0.3847857833,4.412949775,5,1,0.1275411424
0,1,1.723052338,5,0,0.1807630845
0.1807630845,0.5634889654,2.308381374,5,1,0.06159584966
0.2095921459,0.1474182602,1.324049738,5,1,0
0.1715995355,1,1.532282288,5,0,0.1102357237
0.2507295406,1,2.872263307,3,0,0.1354976923
0.3407776779,1,4.410314861,5,0,0.5620389205
0.8410440853,0.5906991035,1.220277284,3,1,0
0.6885886574,0.07050874438,4.852567574,3,1,0
0.56376871,1,2.457533509,5,0,0.1589554308
0.6205302113,1,3.813070572,5,0,0.2668688239
0.7749159911,1,4.701052097,5,0,0.2082619108
0.8427094638,0.1168384692,1.357355522,3,1,0
0.6899521539,0.5235840803,2.709047079,3,1,0
0.5648850465,0.7104836203,3.985483498,3,1,0.07603334088
0.5385221004,1,1.872668784,1,0,0
0.4409046048,0.1633043148,3.676421748,5,1,0
0.3609821592,1,4.127602602,1,0,0
0.295547195,0.8844243034,2.362625736,1,1,0
0.2419735775,0.4020409638,2.503718882,5,1,0.001250279764
0.1993614891,0.2960561199,1.670767122,5,1,0
0,1,2.025465316,1,0,0
0,1,2.478224089,1,0,0
0,0.219031013,2.346401924,1,1,0
0,0.04619286461,3.358129541,3,1,0
0,0.1294269615,4.377580772,3,1,0
0,1,2.773037222,5,0,0.4432593056
0.4432593056,1,1.153147648,3,0,0
0.3629100251,1,2.687163686,1,0,0
0.2971255981,1,2.060403404,5,0,0.1863326021
0.4295984668,0.2049332565,1.35843344,3,1,0
0.3517254763,0.5556170054,4.223124728,5,1,0.2182156736
0.5061841377,1,2.522919167,3,0,0.06342466004
0.4778531803,0.3101792296,4.761162843,1,1,0
0.3912330941,0.2753255632,3.977871334,5,1,0.01449012333
0.3348046891,1,3.77600546,3,0,0.2104683411
0.4845832364,1,1.151324259,5,0,0.01949876489
0.416241963,1,2.492471168,1,0,0
0.3407900958,0.5362704898,4.892317639,1,1,0
0.2790153318,0.8739684728,1.034119398,1,1,0
0.2284384327,0.3243311506,4.091860605,3,1,0
0,1,4.470119071,3,0,0.4205178607
0.4205178607,1,1.693321354,1,0,0
0.3442909048,1,1.005981754,3,0,0
0.2818815518,1,2.923612709,5,0,0.3453454434
0.5761305386,1,3.120731754,5,0,0.2247283567
0.6964241464,1,4.731759949,5,0,0.283218053
0.8534019188,1,4.401225935,5,0,0.1246532989
0.8233596946,0.6641064883,2.286365288,5,1,0.02289214297
0.6970020458,0.4571609384,3.030150293,5,1,0.02918372908
0.5998407389,1,3.919046504,1,0,0
0.4911080599,0.02369775734,2.509033843,5,1,0
0.4020852717,0.682050617,1.831222953,1,1,0
0.3291995773,0.1121350203,4.871147606,1,1,0
0.2695258179,0.404895707,2.092569112,3,1,0
0.2206690758,1,4.896741544,3,0,0.3775945858
0.5582631445,1,2.282042962,3,0,0.04077515848
0.4978423632,0.5287399698,1.339982215,3,1,0
0.4075988529,1,2.721341795,5,0,0.2549312135
0.5886449293,1,4.49809127,3,0,0.1747081302
0.6566498365,0.301054236,3.905596571,1,1,0
0,1,4.747511227,5,0,0.9368778068
0.9368778068,0.8523110444,3.38286073,5,1,0.02971871069
0.796769383,1,2.956817598,5,0,0.09942131196
0.7517609089,1,1.369297907,3,0,0
0.6154897751,0.3946589375,2.881587724,3,1,0
0.5039204071,0.6583424383,3.475763233,5,1,0.1597676965
0.5723428309,1,2.629026472,3,0,0.06173401049
0.5303286874,0.6969918593,3.882029521,3,1,0.07320364994
0.5074000556,0.6957308669,4.992231311,3,1,0.1334883844
0.548912414,1,3.11779595,1,0,0
0.4494114741,0.3942897178,2.73784901,1,1,0
0.3679469947,1,2.246068415,3,0,0.05493189246
0.3561814125,0.9321572538,2.696656068,1,1,0
0.2916166761,0.4027022542,1.099308512,3,1,0
0.2387555408,0.7560117873,2.136120016,1,1,0
0.1954765037,1,1.545098204,1,0,0
0.1600426251,1,4.895626193,1,0,0
0.131031819,0.1088480604,3.588518125,5,1,0
0.1072797798,0.195101662,4.551577084,5,1,0
0.08783325493,1,3.253485139,3,0,0.2171164562
0,1,3.742089639,1,0,0
0,0.4305746278,2.750342053,5,1,0.04605687644
0.04605687644,1,3.217607928,1,0,0
0.03770818113,1,1.240050757,5,0,0.0577497199
0.08862256743,1,2.065611027,1,0,0
0.07255802137,1,4.668909406,1,0,0
0.05940548348,1,1.863409251,3,0,0.02775824943
0.07639534566,0.4925197074,4.589055546,5,1,0.2909817144
0.3535289333,0.1204495305,1.014149613,5,1,0
0.2894450098,0.5639616624,3.24789051,5,1,0.1477396117
0.3847171425,0.4580303206,4.66377067,1,1,0
0.3149797558,0.1717492553,1.759479258,5,1,0
0.2578836127,1,4.826830861,5,0,0.7099884734
0.9211257178,1,4.299424027,1,0,0
0.7541539526,0.3813681809,1.758003846,5,1,0
0.6174490336,1,3.837660024,5,0,0.2713873962
0.7769119084,0.3914659824,2.94371855,1,1,0
0.6360816718,1,4.87224664,3,0,0.1749853957
0.6957650219,0.09498504846,1.270947857,5,1,0
0.5696442203,1,4.083485668,5,0,0.3317489697
0,0.3933508089,1.00345032,3,1,0
0,0.7443362732,4.527503341,5,1,0.5924962409
0.5924962409,0.6994659719,2.463550459,1,1,0
0.4850948935,0.3146356403,1.366820752,1,1,0
0.3971621075,1,1.986185112,1,0,0
0.3251688313,0.4457719898,4.179503875,5,1,0.145612667
0.4118383891,0.2351252088,2.623642051,1,1,0
0.3371847545,0.09496840733,4.368388168,1,1,0
0.276063528,1,1.867051221,3,0,0.0217598531
0.2477815532,1,3.370282638,3,0,0.192223704
0.3950900817,0.5288225306,2.133914101,1,1,0
0.3234724001,1,3.779557783,3,0,0.2144143734
0.4792511752,0.04870782591,1.606113969,1,1,0
0.3923776756,1,3.103387755,3,0,0.1309475711
0.4521992409,0.02134048501,3.673362479,1,1,0
0.370229425,0.1205165448,2.246716625,3,1,0
0.303118216,0.2827542623,4.499587099,5,1,0.04743629546
0.2956085007,1,1.879555954,5,0,0.1548879343
0.3969117047,0.719116493,3.027665389,1,1,0
0.3249638189,1,2.246426491,5,0,0.2103457447
0,1,3.131091408,5,0,0.5327728519
0.5327728519,0.7795316117,3.388840037,5,1,0.1917626292
0.6279601474,0.1853204531,3.181384215,3,1,0
0.5141302844,0.4285302638,2.379866521,1,1,0
0.4209342749,0.7341871845,3.256032919,3,1,0.06287533062
0.4075071665,0.1991547923,2.457116532,3,1,0
0.3336386493,1,3.813052835,3,0,0.2145403179
0.4877005406,1,3.86219751,1,0,0
0.3992954309,0.2444870116,3.529675267,3,1,0
0.3269154488,0.8152074248,1.802503358,1,1,0
0.2676557316,0.4114217042,3.774143985,1,1,0
0.2191379787,1,1.299810239,1,0,0
0.1794150023,0.7656766077,4.973570486,3,1,0.2635899432
0.4104825232,0.2677900626,2.897522023,5,1,0
0.3360746653,0.7519201409,1.587287412,1,1,0
0.2751546638,0.00941343586,4.991710988,3,1,0
0.2252775851,0.3421337184,3.364102839,3,1,0
0.1844416869,0.1158492011,3.666824312,3,1,0
0.1510080812,0.07606065899,3.523402338,5,1,0
0.1236349601,0.1583655726,4.487267233,3,1,0
0,0.6910805015,4.037443108,1,1,0
0,1,2.798138149,3,0,0.1697207223
0.1697207223,0.1861894672,1.648892725,1,1,0
0.1389555748,1,1.493817971,1,0,0
0.1137672024,0.5838861711,1.778285022,1,1,0
0.0931447073,1,2.360639191,5,0,0.3084757128
0.3847361492,1,1.661554792,3,0,0
0.3149953172,0.4117887559,4.142804295,3,1,0.004037440904
0.2619337941,0.7842979149,3.258990739,1,1,0
0.2144532525,0.470365557,1.776832429,3,1,0
0.175579473,0.3813982685,4.968578363,3,1,0.02823729155
0.1719896057,1,1.078795842,5,0,0.01631094407
0.1571241234,1,2.006131587,5,0,0.2120110108
0.3406533627,1,3.431097479,5,0,0.4007339869
0.6796373711,0.3149893333,4.886209554,5,1,0.04317718485
0.5996172015,0.0929591708,2.18198223,3,1,0
0.490925043,1,1.83033881,1,0,0
0.4019354301,0.07077237049,2.028025495,5,1,0
0.3290768974,0.6457019958,3.930476059,1,1,0
0.269425376,1,2.963162968,1,0,0
0,0.41011428,4.45309015,5,1,0.2065689651
0.2065689651,1,3.973001983,1,0,0
0.1691243644,0.5849533124,2.866632249,1,1,0
0.1384673182,0.659942362,4.870121633,3,1,0.1999616804
0.3133291321,0.2517628132,2.848289079,1,1,0
0.2565321963,1,2.664684437,1,0,0
0.2100307983,1,1.83785921,1,0,0
0.1719586736,0.1214258809,2.710199723,5,1,0
0.1407878544,1,4.235185539,5,0,0.6949276772
0.8101950232,1,2.583898155,3,0,0.0261142652
0.6894458467,0.01188935535,3.721844939,5,1,0
0.5644705172,0.2099772904,4.686827112,5,1,0
0.4621493717,1,2.850658514,5,0,0.2488444612
0.6272203643,0.4748050418,4.250620631,1,1,0
0.5135246012,1,1.702674361,5,0,0.08545844752
0.505896831,1,1.312210081,3,0,0
0.4141932934,1,3.573496459,1,0,0
0.339112787,1,3.429829818,5,0,0.4014608641
0.6791029316,0.8861038897,4.699861971,1,1,0
0.5560024546,0.2547170978,4.212743918,5,1,0.008109382585
0,1,4.0395379,1,0,0
0,1,4.694416258,1,0,0
0,0.4775576401,4.531612507,1,1,0
0,1,4.964045168,1,0,0
0,0.1126684518,3.26273957,1,1,0
0,0.284907725,4.807459362,1,1,0
0,0.6442303351,3.062002436,1,1,0
0,1,3.401914177,1,0,0
0,0.7880676265,2.394921458,1,1,0
0,1,3.149281335,1,0,0
0,1,2.312091213,1,0,0
0,0.3679555011,1.375221954,5,1,0
0,0.7221974608,2.437880516,3,1,0.01409466776
0.01409466776,1,4.267076491,3,0,0.3845636868
0.3961034248,1,3.733830559,3,0,0.1872529793
0.5115550345,1,2.004176835,1,0,0
0.4188258387,0.1153324224,2.136249485,5,1,0
0.3429055943,1,4.800590647,5,0,0.6243367131
0.9050840686,0.7252759895,4.230398312,1,1,0
0.7410201611,0.5610208861,1.831326149,3,1,0
0,0.5005374588,3.455391374,5,1,0.1823882043
0.1823882043,0.2243126604,1.938199608,5,1,0
0.1493268319,1,1.412213015,1,0,0
0.1222584695,1,1.392999654,5,0,0.0862380294
0.1863347982,0.6130335119,2.1495159,1,1,0
0.1525580297,0.1077134023,3.491155976,5,1,0
0.1249039505,0.06191973207,3.501512719,3,1,0
0.1022627055,0.6177872879,1.905965112,5,1,0.03983283207
0.1235584539,0.9566294069,2.297091502,1,1,0
0.101161106,1,4.070220896,3,0,0.3240612038
0.4068849123,0.3488225249,3.917541873,5,1,0.05434815081
0.3874773415,0.282472683,4.984401761,5,1,0.06247077843
0.379710394,0.6984193706,1.06636301,3,1,0
0.3108805769,0.4737419498,2.194359391,1,1,0
0.2545274888,1,1.039650396,3,0,0
0.2083894826,1,1.492718595,3,0,0
0.170614878,0.2627216214,3.265773989,3,1,0
0.1396876476,1,2.526557282,5,0,0.3283290215
0.4426955944,1,3.185315683,3,0,0.1269524681
0.4894009655,1,4.262470346,5,0,0.4164535522
0,0.05582210541,2.031966635,1,1,0
0,1,3.876793994,3,0,0.3315190992
0.3315190992,1,4.649507474,3,0,0.2990958165
0.5705206982,0.4179407831,1.76232939,1,1,0
0.4671028409,1,1.155128805,1,0,0
0.3824314607,1,1.449053674,5,0,0.06933035537
0.3824387532,1,1.331938733,1,0,0
0.3131143684,0.05522410072,3.195223565,1,1,0
0.2563563626,0.4165281695,3.202286482,1,1,0
0.2098868378,1,2.692305611,3,0,0.1215556245
0.2933964333,0.2766551698,4.062660513,1,1,0
0.2402126828,1,2.445730954,3,0,0.08878847476
0.2854579854,0.6577671715,2.945146625,1,1,0
0.2337132314,0.5308137653,2.41827064,3,1,0
0.1913482099,1,1.07400941,5,0,0.01496196047
0.1716246245,0.4611478331,2.288204793,5,1,0.01143172136
0.1519460794,0.06734342535,4.601065175,1,1,0
0.124402928,1,1.709094122,5,0,0.1552201843
0.2570726873,1,2.499403411,1,0,0
0.2104733148,0.07012530371,4.121888488,5,1,0
0,0.8304075704,3.108726762,5,1,0.3953775593
0.3953775593,0.4988242039,4.097916639,5,1,0.1578276196
0.4815353864,0.7174858122,4.893103699,3,1,0.1434124305
0.5376602601,1,1.881677355,3,0,0.01491119787
0.4551101875,1,3.734782357,1,0,0
0.3726127065,1,4.439507424,1,0,0
0.3050694818,0.8449683417,3.66197219,3,1,0.1488107431
0.3985805097,1,1.854709035,3,0,0.01696385179
0.3432939727,0.525354523,4.194275353,5,1,0.1975833932
0.478648726,0.4063998273,2.090056914,3,1,0
0.3918844319,0.1480995188,3.583436798,1,1,0
0.3208478361,0.07755827627,2.496220305,5,1,0
0.2626879904,0.4289128605,1.979537159,1,1,0
0.2150707362,1,4.473750262,3,0,0.330504309
0.5065893348,0.009962417715,3.218947694,1,1,0
0.4147602676,0.1380589347,2.638107763,1,1,0
0.3395769862,0.0833503948,2.646989958,3,1,0
0.2780221217,1,3.033944286,5,0,0.367115695
0.5947409561,1,3.083047771,1,0,0
0.4869327108,0.2012269234,4.416186844,5,1,0
0,0.1148529146,2.422678239,3,1,0
0,0.7840422368,4.307553942,3,1,0.2565956341
0.2565956341,0.1886504201,2.798478398,3,1,0
0.2100827368,1,2.625552749,3,0,0.1136161004
0.2856172977,0.9075857229,2.080249732,3,1,0.02371803689
0.2575617021,0.3753197094,2.43617243,5,1,0
0.2108736864,1,2.717069984,5,0,0.3387462767
0.5113950488,1,2.166282924,3,0,0.03661724653
0.4553120999,0.1283166151,3.215596842,3,1,0
0.3727780185,0.3625698212,2.95176503,5,1,0.01101102599
0.3162158538,0.778442519,1.027804612,1,1,0
0.2588956441,1,4.347348149,1,0,0
0.2119658257,1,1.596366614,3,0,0
0.1735429401,0.2283104185,3.395453549,3,1,0
0.142084942,1,3.714211018,5,0,0.5821406257
0.6984699372,1,2.493954904,5,0,0.112618079
0.6844768967,0.1748103301,2.433356374,1,1,0
0.5604022851,1,2.162066397,3,0,0.0326664884
0.4914850733,0.03438967592,4.410769374,1,1,0
0.4023939442,1,2.534598046,5,0,0.2292712714
0,0.6977085804,2.524417049,3,1,0.0141961154
0.0141961154,1,4.393681568,3,0,0.4032452825
0.4148680788,1,3.193277351,5,0,0.3208391476
0.6605044022,1,1.903276068,1,0,0
0.5407752666,0.001842466318,4.061367258,5,1,0
0.4427493413,0.255644103,2.514863378,1,1,0
0.3624925016,1,3.942008934,5,0,0.4688881889
0.7656719477,0.6854648877,3.639000081,3,1,0.02909440934
0.6559735797,0.03612585736,2.535399532,1,1,0
0.5370657429,0.3107412033,1.047150957,3,1,0
0.4397122402,0.3306548509,1.784688378,5,1,0
0.3600059335,1,2.401734137,3,0,0.07056582289
0.365313752,1,2.330944336,3,0,0.06324118522
0.3623347885,0.5214282628,4.371654028,1,1,0
0.2966546342,0.06965702378,4.706403188,1,1,0
0.2428802721,1,4.019347338,1,0,0
0.1988535481,0.7252445134,2.771920123,1,1,0
0.1628075152,1,1.174118861,1,0,0
0.1332955195,1,4.526593657,5,0,0.7641286308
0.8732617719,1,1.619635553,3,0,0
0,1,3.561499165,1,0,0
0,1,1.798451945,5,0,0.1996129862
0.1996129862,1,4.95303888,1,0,0
0.1634292905,0.7347257254,2.092273118,5,1,0.1123612518
0.2461658379,1,1.12644897,1,0,0
0.2015435418,1,3.295217234,5,0,0.4581577558
0.6231676516,0.01997652246,4.779151436,3,1,0
0.5102065207,1,2.842543651,5,0,0.2256164665
0.6433382354,1,1.230745077,3,0,0
0.5267207979,0.6532117794,4.099023784,1,1,0
0.4312425155,0.493400693,3.364132727,3,1,0
0.3530715095,0.5547199136,2.16684651,3,1,0
0.2890705029,1,2.85236874,5,0,0.3292258942
0.5658968047,0.05879528898,3.407519593,5,1,0
0.4633171171,0.7024573486,3.744224591,3,1,0.07756340233
0.4568953745,1,3.278576664,3,0,0.1313153663
0.5053896603,1,4.509026383,1,0,0
0.4137780572,1,4.978473282,1,0,0
0.3387728204,0.1567230196,4.406769715,5,1,0
0.2773637264,1,3.739299595,5,0,0.4948793128
0,0.4700524002,2.13423086,3,1,0
0,1,4.790813175,3,0,0.4686219762
0.4686219762,0.4254496595,2.846557445,1,1,0
0.3836752235,0.1800674479,4.231622712,3,1,0
0.3141267047,0.7014043035,3.416107733,3,1,0.0750420144
0.3322272079,1,2.284030109,5,0,0.2143600928
0.4863647249,1,2.860367137,3,0,0.09196900038
0.4901707579,1,3.099204799,5,0,0.2675589979
0.6688768717,1,1.712263545,5,0,0.0589617333
0.6065917982,0.3618339236,3.211543042,3,1,0
0.4966353597,0.5962601965,3.629940385,5,1,0.1465280584
0.5531387005,0.07753369727,4.535301786,1,1,0
0.4528716648,1,3.314710497,3,0,0.1352537216
0.5060336808,1,2.338540525,5,0,0.165298484
0.5796038206,0.003393502233,4.433910274,3,1,0
0.4745394725,0.1989186375,2.056817057,5,1,0
0.3885200597,0.4104952499,2.044875811,3,1,0
0.3180933211,0.1131784619,1.868668257,3,1,0
0.2604327843,0.148760645,4.953625366,5,1,0
0.2132243296,1,3.973360903,5,0,0.5848420044
0,1,4.90792637,1,0,0
0,1,1.018899515,1,0,0
0,0.689430788,3.870658757,5,1,0.4171378292
0.4171378292,0.6906426919,2.3322338,3,1,0
0.3415235691,0.1307865159,1.276753669,3,1,0
0.2796158489,1,1.528495127,1,0,0
0.2289300945,0.1276325987,2.553633073,5,1,0
0.1874321087,1,3.782182061,1,0,0
0.1534564315,1,2.095052565,5,0,0.2317524266
0.3573919263,1,1.181896164,5,0,0.02922198595
0.3218297469,0.411040061,2.920468604,3,1,0
0.2634919111,0.1059455784,3.388728034,5,1,0
0.2157289308,1,4.739915764,1,0,0
0.17662391,1,4.021782331,3,0,0.2908718891
0.4354793159,1,4.016584764,5,0,0.4257311236
0.7822714319,1,2.865272336,1,0,0
0.6404696785,0.6051376185,4.765876506,1,1,0
0.5243722222,0.405295129,4.273639353,5,1,0.08705001575
0.5163696801,1,4.427024149,5,0,0.4143531963
0.8371209334,1,4.301816734,5,0,0.1344492069
0,1,2.327253376,3,0,0.09908800636
0.09908800636,1,1.523129405,5,0,0.1178233889
0.198949787,0.3822809769,4.980871675,1,1,0
0.1628863089,0.3849058684,3.211782166,3,1,0
0.1333600304,1,1.326212788,3,0,0
0.1091859581,0.9563754611,3.425954901,1,1,0
0.08939390169,1,4.325034116,3,0,0.3631088416
0.4362983781,0.488469485,4.021830971,1,1,0
0.3572108996,1,4.984957898,5,0,0.6403718756
0.9328314244,0.5581285396,1.933976937,1,1,0
0.7637377746,1,4.050614957,5,0,0.1801862696
0.805481873,0.7600804769,2.041207169,1,1,0
0.6594727805,0.5002075208,3.011587758,5,1,0.04311235041
0.5830429966,0.1262269034,4.622827136,5,1,0
0.4773552317,0.6063777281,3.13277947,3,1,0.01826494754
0.4090903559,1,4.415033962,3,0,0.2436055111
0.5785403662,0.3206680844,1.673027694,5,1,0
0.4736687897,0.2348638362,4.96822446,5,1,0.02195541373
0.4097626186,0.2793638197,2.01333334,5,1,0
0.3354852574,1,3.99791683,1,0,0
0,0.6163686135,4.967198975,5,1,0.5154063863
0.5154063863,1,3.57098336,3,0,0.1384229562
0.560402015,1,2.026129724,5,0,0.1127711398
0.5715895035,1,2.726476027,1,0,0
0.4679779047,0.02801094677,4.40924781,3,1,0
0.3831479023,0.8813635128,3.430409417,3,1,0.1255390582
0.4392340287,1,1.442496627,1,0,0
0.3596144071,1,2.867264013,3,0,0.1153267865
0.4097541609,1,4.797732641,5,0,0.5603989723
0.8958773051,0.01262049637,3.328842964,3,1,0
0.7334823007,0.2651741292,1.415842977,1,1,0
0.6005245164,0.5484114091,1.376172971,3,1,0
0.4916678895,0.6660400922,3.913072305,1,1,0
0.4025436215,1,1.294035096,1,0,0
0.3295748424,1,2.449999714,1,0,0
0.2698330589,1,4.376427474,3,0,0.2967866639
0.5177072874,0.1540463051,4.868779188,3,1,0
0.4238628773,0.4560465855,1.640625905,3,1,0
0.3470295727,1,2.839049012,3,0,0.1148296501
0.3989534335,0.1088329254,2.014219292,5,1,0
0,0.8525246032,3.920398451,3,1,0.2513354201
0.2513354201,0.9472898508,2.065817003,3,1,0.03259619854
0.2383722363,0.4395564433,4.882299552,5,1,0.2182151561
0.4133778367,0.6318466126,1.266581826,3,1,0
0.3384451475,0.2526739718,3.002077742,3,1,0
0.2770954505,0.4183887472,1.294414417,5,1,0
0.2268665669,1,2.874146404,5,0,0.3622413108
0.547983946,1,3.155744517,3,0,0.1009630641
0.5496143729,0.001822607072,2.519697505,1,1,0
0.4499861894,0.5109329388,2.56504279,5,1,0.04270373926
0.411121271,0.6920785282,2.861561266,3,1,0.02771485096
0.3643124788,1,3.411105356,3,0,0.1663376859
0.4646115161,1,1.802041098,1,0,0
0.3803917364,1,4.301628746,1,0,0
0.3114384128,0.9062149656,2.352466473,1,1,0
0.2549842063,1,1.665835468,3,0,0
0.2087634112,1,4.220758233,5,0,0.6370954395
0.8080164644,1,4.165966352,3,0,0.07197365855
0.7335215869,1,3.960619272,5,0,0.1972352814
0.7977919626,1,2.850981447,1,0,0
0,0.6954578689,4.432160527,1,1,0
0,0.1584675422,3.488246541,3,1,0
0,0.6703374923,3.44030514,5,1,0.3265413801
0.3265413801,0.7806720992,1.552095726,5,1,0.03563906464
0.3029885347,1,2.09016788,3,0,0.04427778022
0.2923438114,0.7897365266,2.511123265,3,1,0.03359163596
0.2729425048,0.1114689043,1.711648388,5,1,0
0.2234664225,0.2880268525,2.195141314,3,1,0
0.1829588324,1,1.942311202,1,0,0
0.1497940226,0.432096109,2.721517838,3,1,0
0.1226409729,0.1005342115,4.268104602,3,1,0
0.1004099361,0.3226310603,4.625293906,1,1,0
0.08220870263,0.4376090201,2.031801581,1,1,0
0.06730679301,0.739380101,2.399645007,3,1,0.0150513041
0.07015744543,1,3.13804474,3,0,0.2052224919
0.26266255,0.3206976633,2.42984033,5,1,0
0.2150499074,1,2.970435809,5,0,0.3866734428
0.5627414154,0.08901337358,1.344759827,3,1,0
0.4607337028,1,4.293923536,3,0,0.2125186626
0.589735514,1,2.804302476,1,0,0
0,1,4.669088356,5,0,0.917272089
0.917272089,1,1.356128355,3,0,0
0.7509988682,1,1.345661058,3,0,0
0.6148658689,0.2662827557,1.369263074,1,1,0
0.5034095959,1,4.594925659,1,0,0
0.4121569175,1,1.254162359,1,0,0
0.3374455435,0.04826497799,3.647416461,1,1,0
0.2762770439,1,1.820443871,3,0,0.01669381397
0.2428903262,0.1949636373,4.566821381,1,1,0
0.1988617797,1,1.151618635,1,0,0
0.1628142547,1,2.739039111,3,0,0.1346662386
0.2679672759,0.233472695,2.710439533,1,1,0
0.2193930496,1,2.200304367,5,0,0.2342414829
0.4138653196,1,2.263210447,5,0,0.1851028629
0.5239471276,0.4644669275,2.466345547,5,1,0.01732070038
0.4462923268,0.3231048202,4.376707189,5,1,0.05732745806
0.4227207108,0.6886907859,3.911983271,3,1,0.08897145304
0.435065899,0.2690196569,3.002762356,3,1,0
0.3562018311,0.5457461334,2.981963408,1,1,0
0.2916333934,0.3774428127,1.068204377,5,1,0
0,1,2.451610828,5,0,0.3629027069
0.3629027069,0.9189903866,4.937868495,5,1,0.5634892503
0.8606088568,1,1.442671509,5,0,0.01542612192
0.7200330593,1,1.042710238,5,0,0.002989363636
0.5925025726,0.07000989595,3.400455728,3,1,0
0.4851000774,1,1.987823493,5,0,0.12715756
0.5243239118,1,2.344390185,3,0,0.0483565308
0.4776366419,1,1.685595038,1,0,0
0.3910558076,0.2690954843,3.541278926,5,1,0
0.3201694158,0.5555810378,2.117230698,3,1,0
0.2621325469,0.6676625946,2.173913426,3,1,0
0.2146159775,0.555198561,1.277142167,3,1,0
0.1757127009,1,4.382930897,1,0,0
0.1438613919,0.6490382603,2.082953736,3,1,0
0.1177837458,1,4.672098707,5,0,0.8098962916
0.9063294664,0.07367423925,3.469994756,1,1,0
0.7420398066,1,1.446444306,5,0,0.02879121488
0.6363220245,0.5187509191,4.993460905,3,1,0.05038917098
0.5713655813,1,3.245156359,1,0,0
0.4677945727,1,4.988114218,5,0,0.5306240078
0,1,1.239010178,3,0,0
0,1,4.236357215,1,0,0
0,1,1.756666654,5,0,0.1891666635
0.1891666635,0.3589491635,2.535699718,3,1,0
0.1548765649,0.9014370366,1.110331867,3,1,0
0.1268022066,1,3.129219032,5,0,0.4648073402
0.5686242063,0.3028188182,2.460566236,3,1,0
0.4655501246,0.8257327647,2.905909885,1,1,0
0.3811602041,1,2.26780648,5,0,0.1961422759
0.5082098569,0.5606246027,2.872614224,1,1,0
0.4160870388,1,3.217526318,3,0,0.1358350577
0.4764983123,1,1.474720388,1,0,0
0.3901238221,1,3.478467451,1,0,0
0.3194063707,1,3.122814349,5,0,0.3611934806
0.622701299,0.1650212463,3.940839318,1,1,0
0.5098247035,1,4.435809922,5,0,0.4210372868
0.8384464502,1,3.363760821,3,0,0.04112573773
0.7275876313,0.4307622149,1.29508794,1,1,0
0.5956983693,0.08390487011,4.345525384,1,1,0
0.4877165745,1,4.735180554,5,0,0.4783677722
0,1,1.033412469,1,0,0
0,1,2.409902901,3,0,0.1114854352
0.1114854352,0.3752253766,1.997533075,1,1,0
0.09127655432,0.2763372829,2.876360584,1,1,0
0.07473092205,0.4812140889,1.450227664,1,1,0
0.06118450409,1,2.421454023,3,0,0.1062909099
0.156384545,1,1.341962632,1,0,0
0.1280368363,1,1.181945001,1,0,0
0.1048276954,1,3.484470057,5,0,0.5560071966
0.6418328546,1,2.053419856,5,0,0.09432509566
0.6198133921,0.7427912112,2.68152516,1,1,0
0.5074602852,0.6519695483,1.016949327,3,1,0
0.4154733415,0.2332744671,1.623046073,5,1,0
0.3401608018,1,4.050796677,3,0,0.2359713652
0.5144714746,0.2407929702,1.291502016,3,1,0
0.4212136178,0.4773282503,1.432793049,3,1,0
0.3448605425,1,2.193547426,3,0,0.05177705623
0.3341249879,1,4.387641077,1,0,0
0.273558403,0.2987502584,2.47992586,5,1,0
0.2239706773,0.08289220406,1.860071595,5,1,0
0,1,2.32176229,3,0,0.09826434356
0.09826434356,1,2.027071266,1,0,0
0.08045204,0.8533905697,2.31860463,5,1,0.224984725
0.2908532843,1,4.147816575,3,0,0.2639248963
0.5020554248,0.1968968827,1.409785127,5,1,0
0.411048216,1,1.882113199,5,0,0.1298805355
0.466418351,0.2607674768,2.453927059,1,1,0
0.3818710478,1,4.201022414,3,0,0.2349837994
0.54763337,0.6020762756,4.549452248,5,1,0.1966796542
0.6450439356,0.01153874743,1.475729091,5,1,0
0.5281173072,1,3.362341516,5,0,0.278687019
0.7110728996,0.472002603,2.452895848,3,1,0
0.5821772506,1,4.935415319,3,0,0.2048636323
0.6815100511,1,3.40685422,1,0,0
0.5579732374,0.3959045833,1.542193732,5,1,0
0.4568298489,0.3409228366,4.617759032,1,1,0
0.3740206462,1,3.827487238,3,0,0.2028943597
0.509116565,1,3.875924404,3,0,0.1626732041
0.5795025928,1,4.645803501,3,0,0.1879078972
0.6623644914,1,1.000242274,1,0,0
0,1,1.349194261,1,0,0
0,0.2956257168,2.626376723,5,1,0
0,1,1.135232402,1,0,0
0,0.06144486192,3.019453564,1,1,0
0,1,3.909943807,1,0,0
0,0.4901096799,4.374334926,3,1,0.07158558355
0.07158558355,1,2.715281481,3,0,0.1460323666
0.2046416853,1,2.943136618,3,0,0.1522876483
0.3198340894,1,3.400165975,1,0,0
0.2618580049,0.5395093068,3.905210956,3,1,0.04874294711
0.2631341487,1,1.238131456,1,0,0
0.2154360197,1,4.632490559,3,0,0.3490317897
0.5254158843,0.4639612233,2.983297778,5,1,0.04557603141
0.4757501741,0.172886991,1.278035028,5,1,0
0.3895112983,0.3213022013,3.235076841,1,1,0
0.3189048786,0.03164832065,4.919010622,5,1,0
0.2610972314,1,1.251372578,5,0,0.04643497345
0.2602033063,0.3305705039,3.90404545,3,1,0
0.213036449,0.1362209635,2.569135017,5,1,0
0.1744194923,0.1331388691,1.811305044,1,1,0
0,0.5394152277,4.80064477,5,1,0.3973852229
0.3973852229,1,1.797148995,5,0,0.120093441
0.4454449439,0.1496035528,1.370405949,3,1,0
0.3646994744,0.6324263594,1.178411199,3,1,0
0.2985906753,0.6022721609,2.876300686,3,1,0.006907040273
0.2513724087,0.2015985,4.883963179,5,1,0
0.2058063215,0.7208985047,2.177635034,3,1,0
0.1684999646,0.7719915655,1.024957045,1,1,0
0.1379561029,0.5372025007,3.681924594,1,1,0
0.112948904,1,3.309780979,5,0,0.5122234372
0.6046981784,0.8084532261,1.363278841,1,1,0
0.495084995,0.3366155849,3.697747037,3,1,0
0.4053413108,1,2.005758207,5,0,0.1495207142
0.4813861108,0.5184830913,4.940806568,1,1,0
0.3941256131,0.118058953,2.663440626,5,1,0
0.32268276,1,4.732963212,1,0,0
0.2641902991,1,1.048018406,3,0,0
0.2163007225,0.2994229981,3.464867592,5,1,0.007339547958
0.1844316014,1,3.217156135,3,0,0.1896795319
0.3406793558,0.6290434457,1.904203202,3,1,0
0,0.2789099282,1.455611804,1,1,0
0,1,1.420704843,3,0,0
0,1,4.594949626,3,0,0.439242444
0.439242444,0.4687207622,1.746670636,5,1,0
0.3596212969,1,1.450327533,3,0,0
0.2944330153,0.1361273431,1.217293603,1,1,0
0.2410613643,0.725179649,2.134197776,5,1,0.1039132697
0.3012776221,0.5480664025,2.801263883,5,1,0.09350278734
0.3401680418,1,1.0150459,1,0,0
0.278506037,1,1.895967253,5,0,0.161608741
0.3896301984,1,4.989028123,5,0,0.6086955759
0.9276978017,1,3.971159179,1,0,0
0.7595347198,1,3.127080641,3,0,0.05267682834
0.6745312615,1,2.638057794,1,0,0
0.5522594877,1,3.972648613,1,0,0
0.4521518263,0.338345662,4.063663339,1,1,0
0.3701906052,1,4.300681555,3,0,0.2488390984
0.5519255314,1,1.686652216,5,0,0.07691783167
0.5287962377,0.5860409577,4.511449542,3,1,0.06907099429
0.5020127362,1,2.554916153,5,0,0.1935821102
0,0.8814360813,3.764589363,1,1,0
0,1,2.501573596,5,0,0.3753933991
0.3753933991,1,2.664212274,5,0,0.2598694929
0.5672156132,0.5313479683,1.030491928,1,1,0
0.4643968661,0.4233036031,4.66264687,5,1,0.1303812308
0.5105972268,1,4.461011777,1,0,0
0.418041652,1,3.745938126,1,0,0
0.3422635566,1,3.631962817,3,0,0.193897035
0.4741187344,0.124047126,4.842594922,3,1,0
0.3881755885,1,4.020771321,5,0,0.4620454089
0.7798567008,1,3.651942827,1,0,0
0.638492664,0.1137836127,2.112295354,1,1,0
0.5227535796,0.07682790318,3.050182331,1,1,0
0.4279944319,0.5118321033,3.100762015,5,1,0.08395176198
0.4343639655,0.2955010681,3.905093917,3,1,0
0.3556271366,0.634363882,1.635305642,3,1,0
0.2911628734,0.2438946898,4.21685758,5,1,0.00504500142
0.243429,0.0789085742,3.659123835,1,1,0
0.1993028085,1,4.674909463,3,0,0.3613037337
0.5244790722,1,2.236011434,5,0,0.146937326
0,1,2.804602562,5,0,0.4511506405
0.4511506405,1,4.136834458,1,0,0
0.3693709036,0.8411177314,3.035086171,3,1,0.08382934873
0.3862446668,1,4.15370042,5,0,0.483900113
0.8001304999,1,1.982997821,3,0,0.00948374245
0.6645751892,0.3008271125,2.591988826,3,1,0
0.5441081451,0.4908628263,4.767446743,3,1,0.04605618166
0.4915342531,0.09867562052,1.12334152,1,1,0
0.4024342092,0.9463333958,3.410190929,1,1,0
0.3294852631,0.9162155637,1.622698445,1,1,0
0.2697597176,1,4.704586881,1,0,0
0.2208605768,0.105786697,2.257049404,1,1,0
0.1808253463,0.9281404731,3.505082535,1,1,0
0.148047272,0.3998897561,4.637070733,5,1,0.1819594426
0.3031702971,1,4.875774404,1,0,0
0.2482148457,0.5846696795,2.713517368,1,1,0
0.2032211275,1,1.735508972,1,0,0
0.1663833868,1,3.87301046,1,0,0
0.1362231956,1,1.774165738,5,0,0.1671766019
0.2787067214,0.0486906778,2.326191636,1,1,0
0,1,4.059125969,5,0,0.7647814923
0.7647814923,0.732643611,4.435946067,3,1,0.05586325047
0.6820133776,0.8810491792,1.751639421,3,1,0
0.5583853262,1,4.799525305,3,0,0.2075274519
0.6646946905,0.2441391717,1.459050467,1,1,0
0.5442059845,0.6476183573,1.656619301,5,1,0.008301954194
0.4538601297,0.1320155231,2.509569327,1,1,0
0.3715892458,1,4.124012241,3,0,0.2316333579
0.5358649009,1,4.429417028,1,0,0
0.4387290739,0.6514949215,2.376591338,1,1,0
0.3592009851,1,2.768846784,1,0,0
0.294088893,0.3926339509,2.658186469,3,1,0
0.2407796209,1,3.827142886,1,0,0
0.1971336803,1,1.979958479,5,0,0.1966939144
0.3580933209,0.09424082392,1.568626009,3,1,0
0.2931820143,0.7158884277,4.241296015,1,1,0
0.2400371314,0.6922383577,2.829156444,1,1,0
0.1965257813,1,2.4330296,5,0,0.2878505846
0.4487522855,1,3.007345347,1,0,0
0.3674072967,1,3.758030443,3,0,0.1984472197
0,1,2.735514437,3,0,0.1603271655
0.1603271655,1,1.179169242,1,0,0
0.131264781,0.08843162686,1.872622993,1,1,0
0.107470513,0.2931931329,4.238317041,1,1,0
0.08798941402,0.6424226089,1.274398364,5,1,0
0.07203963921,0.2520065415,4.753425423,3,1,0
0.05898106806,1,2.152107317,3,0,0.06852132639
0.1168109407,0.2772195225,3.289267825,3,1,0
0.09563670942,1,3.3688731,5,0,0.5355804679
0.613881183,1,2.143499539,1,0,0
0.5026034033,1,3.599163427,1,0,0
0.4114968629,0.5000882186,4.668131714,3,1,0.05895133086
0.3958564673,1,1.432451007,3,0,0
0.3240998636,1,1.526265523,3,0,0
0.2653505254,0.9091339897,4.170681408,1,1,0
0.2172506355,1,1.266109234,3,0,0
0.1778697764,1,1.494973314,5,0,0.1017331303
0.2473605862,0.08471031091,1.7990485,3,1,0
0.202521719,1,1.452400224,3,0,0
0.1658107595,0.5392326167,2.000634889,3,1,0
0,0.3650184099,2.652348396,5,1,0
0,1,4.339414542,1,0,0
0,0.09370606949,4.096440212,3,1,0
0,1,4.936044572,1,0,0
0,1,1.657489098,3,0,0
0,0.6703344686,3.234262181,5,1,0.2920093551
0.2920093551,1,2.756340859,5,0,0.3108682243
0.5499452636,1,1.365687303,5,0,0.04114482567
0.4914019255,1,1.063278121,3,0,0
0.4023258685,1,1.958058096,5,0,0.1431516351
0.4725481964,0.5776087439,4.393105416,1,1,0
0.3868897407,1,1.315842963,3,0,0
0.3167585288,0.5054852909,4.872476522,5,1,0.249889626
0.5092295748,0.5134296156,1.815924063,3,1,0
0.4169219132,0.1927041592,1.937751537,3,1,0
0.341346792,1,1.979513792,5,0,0.1612899753
0.4407610914,1,3.666289233,1,0,0
0.3608646603,1,1.173821044,3,0,0
0.2954509951,1,1.265040203,5,0,0.04668345288
0.2885782686,0.3118594592,3.322841709,1,1,0
0,1,3.951807832,1,0,0
0,1,2.041196654,3,0,0.05617949813
0.05617949813,0.6915412943,2.828570149,5,1,0.2255903393
0.2715862221,1,4.334925536,5,0,0.6073014272
0.8296574193,1,2.900326336,5,0,0.08092662307
0.7601926668,1,4.492047258,1,0,0
0.6223931146,1,3.776005635,1,0,0
0.5095723834,1,3.263248252,5,0,0.2774898615
0.6946924427,1,3.373498526,1,0,0
0.5687660667,0.06074733208,4.725115591,3,1,0
0.4656662701,1,3.489386968,1,0,0
0.381255296,0.05750377619,2.2962767,3,1,0
0.3121454356,0.131660755,3.896074258,5,1,0
0.2555630676,0.6433934881,1.683360748,1,1,0
0.2092373428,1,3.996665983,1,0,0
0.1713090472,0.2755110408,3.97329059,5,1,0.01961623897
0.1598722242,1,4.095338213,3,0,0.3060591637
0.4369514702,0.2965278342,1.197987155,5,1,0
0.3577456063,0.1602797236,4.776967009,5,1,0
0.2928973296,1,2.727721644,3,0,0.1125412212
0,1,1.98512717,5,0,0.2462817925
0.2462817925,0.3538428812,3.64426789,3,1,0
0.2016384774,1,2.086691319,5,0,0.216893134
0.3819807565,0.1642187395,3.186212202,3,1,0
0.3127393924,0.1544541122,2.223095476,3,1,0
0.2560493583,1,2.116683205,5,0,0.2076892968
0.4173247807,1,2.966246078,3,0,0.1135849078
0.4552615398,0.1090204033,3.124988385,5,1,0
0.3727366233,0.7434892801,1.177984144,3,1,0
0.3051709363,0.516138155,1.223292915,5,1,0
0.2498528305,0.04335998706,3.507974429,5,1,0
0.2045621961,0.146771614,3.589557452,3,1,0
0.1674813608,0.4328288586,4.061138269,1,1,0
0.1371221407,0.3297269292,1.684871815,1,1,0
0.1122661135,1,4.442039424,1,0,0
0.09191571965,0.3496766046,1.453411179,5,1,0
0.07525422637,0.6392287106,2.95352927,3,1,0.0306988835
0.09231183293,1,1.433543719,1,0,0
0.07557853649,1,1.761941755,5,0,0.1760888281
0.2379673002,1,2.745274708,5,0,0.3324890994
0,1,4.923564452,1,0,0
0,1,1.877482962,1,0,0
0,1,3.820834824,5,0,0.705208706
0.705208706,1,1.521062474,3,0,0
0.5773760549,1,3.963265462,3,0,0.1455896465
0.6183051787,0.6104778927,1.684449019,5,1,0.002702293161
0.5089277578,1,4.016851886,5,0,0.3703730551
0.7870478615,0.0943562882,4.924247433,5,1,0
0.6443802883,0.811848004,2.930388405,1,1,0
0.5275739587,0.02007292935,4.901153483,5,1,0
0.4319410245,1,4.576120125,1,0,0
0.3536434003,0.2557470167,1.750359473,1,1,0
0.2895387275,0.1315243854,1.43082418,3,1,0
0.2370542604,1,4.098152279,5,0,0.5909305206
0.7850141337,0.3915961463,3.905145445,1,1,0
0.6427152129,0.4499975348,2.640992311,5,1,0.01683168894
0.5430423992,0.2306550711,4.340912971,5,1,0.0001432093581
0.4447487218,1,4.769571007,1,0,0
0.3641294559,1,1.095295297,3,0,0
0.2981239837,0.02604081124,3.078474586,5,1,0
0,1,1.716010816,1,0,0
0,1,4.807626776,5,0,0.9519066941
0.9519066941,0.8095258588,2.404685738,1,1,0
0.7793552845,1,3.393891218,3,0,0.05716544544
0.6952475844,0.6121512956,1.666275869,3,1,0
0.5692205784,0.09030503949,3.283299106,5,1,0
0.4660383928,1,3.804573759,5,0,0.374383678
0.7559436423,1,2.24688265,5,0,0.07607740952
0.694991717,1,2.183951433,5,0,0.09027874844
0.6592898403,0.6421684832,2.163545004,3,1,0
0.5397808675,0.4392258323,1.72589027,5,1,0
0.4419351961,0.7719446363,2.909073608,1,1,0
0.3618259359,0.7476950213,3.624952794,1,1,0
0.296238021,0.3120165374,3.006513731,5,1,0
0.242539178,0.09536805494,3.528585685,3,1,0
0.1985742839,0.4597539805,2.11631471,3,1,0
0.162578873,1,4.798477405,3,0,0.3933966717
0.5265049948,1,3.882583084,5,0,0.3412221731
0.772288004,0.6934034202,4.376178648,1,1,0
0.6322959391,0.5500563488,3.235190856,3,1,0.006225446861
0,0.9678093082,1.260872045,5,1,0.0550709253
0.0550709253,1,2.321895624,5,0,0.3122744023
0.3573626625,0.2764214865,2.780529811,5,1,0
0.2925838018,1,4.775627055,1,0,0
0.2395473563,1,3.913702106,5,0,0.5539331174
0.7500579048,0.5387906341,3.228151977,5,1,0.04619542593
0.6602908992,0.3850203166,3.693865472,3,1,0
0.5406004651,0.6596056501,1.928182527,5,1,0.03122080262
0.4738270286,1,4.335961287,3,0,0.2106766023
0.5986133622,1,2.565544144,3,0,0.05411961127
0.5442227801,1,2.707656405,5,0,0.1945777222
0.6401496488,1,4.787280149,5,0,0.3407135229
0.864823727,1,1.305297526,3,0,0
0.7080577813,1,4.607482846,5,0,0.2632941366
0.843002817,1,1.35595334,1,0,0
0.6901923312,1,4.106376996,3,0,0.1133761454
0.6784578325,1,1.740395162,3,0,0.003556023046
0.5590303152,1,1.780973303,1,0,0
0.457695311,1,1.777316932,1,0,0
0.3747292266,0.1033772911,2.898627787,3,1,0
0,1,2.05569148,5,0,0.2639228701
0.2639228701,0.9204947739,3.339094031,1,1,0
0.2160817702,0.3679665224,4.536735894,1,1,0
0.1769127904,0.05244481514,4.431910189,3,1,0
0.1448439421,1,1.485776506,5,0,0.1038536805
0.2224418703,1,4.107502231,3,0,0.2846837305
0.4668037304,1,3.794630153,5,0,0.3725215931
0.7547081629,0.03495492201,1.021063994,1,1,0
0.6179027826,1,3.868895806,5,0,0.2740492761
0.7799452866,0.452509047,2.445640698,5,1,0.005868558914
0.6444337508,1,1.96699752,3,0,0.01601812726
0.5436358574,1,2.319114383,3,0,0.04466306141
0.4897544563,1,3.76622537,3,0,0.1606935708
0.5616706056,0.2868855715,4.060318593,3,1,0
0.4598569979,1,4.921120072,5,0,0.5294913918
0.905990458,0.1429616268,3.308243992,5,1,0
0.7417622499,1,2.46389741,1,0,0
0.6073035655,1,2.544115248,1,0,0
0.4972181055,1,1.94375646,3,0,0.02089735967
0.4279851137,1,2.559235155,3,0,0.07658436933
0,0.4210875272,4.114438262,1,1,0
0,1,3.71899261,5,0,0.6797481526
0.6797481526,1,4.654040856,1,0,0
0.5565307168,1,3.677076843,5,0,0.2968003371
0.75244915,0.8636339782,3.433108748,3,1,0.04820864786
0.6642619071,0.1907433017,1.872929814,3,1,0
0.5438516514,1,4.581550956,1,0,0
0.4452680721,0.2241656136,1.610832789,1,1,0
0.364554664,1,4.599802331,3,0,0.2795771067
0.5780492213,1,4.678278325,1,0,0
0.4732666743,0.1976621042,3.091964503,3,1,0
0.3874779806,1,1.108936431,1,0,0
0.3172401389,1,2.030180571,3,0,0.03722890544
0.2969631632,0.8307388958,3.218136766,1,1,0
0.2431328743,1,2.905809528,3,0,0.1406799744
0.3397403356,1,1.061921706,1,0,0
0.2781558608,0.4089290239,1.56807783,5,1,0
0.2277347574,0.05962646507,4.252743778,5,1,0
0.1864534494,1,4.459200275,3,0,0.3407784126
0.4934335857,0.9012165071,1.408129882,1,1,0
0,0.1627748022,4.99419392,5,1,0
0,1,1.514050406,1,0,0
0,0.7117648946,1.862641829,1,1,0
0,1,1.527619227,5,0,0.1319048067
0.1319048067,1,3.198281744,5,0,0.4770794539
0.5850739756,1,1.538999947,1,0,0
0.4790180567,0.3149782145,3.123308308,5,1,0
0.3921868143,0.8024724408,1.062243646,3,1,0
0.3210954058,1,2.103933695,1,0,0
0.2628906834,0.8248702904,1.101771257,1,1,0
0.2152366872,1,1.833545386,1,0,0
0.176220895,0.9440690584,2.451203319,1,1,0
0.1442774661,0.7607568798,2.119737538,3,1,0
0.1181243984,0.01211290518,4.197174691,3,1,0
0.09671207769,0.2905210958,1.605287954,3,1,0
0.0791811522,1,2.941634558,1,0,0
0.06482804437,1,4.588724088,5,0,0.8390185308
0.8920952444,1,3.668231754,5,0,0.07197872381
0.8023645351,0.2223095383,4.859664185,5,1,0.003969987626
0.6608905077,0.2515261971,3.321904708,5,1,0
0,1,1.377666044,1,0,0
0,1,2.61077465,5,0,0.4026936625
0.4026936625,0.4750419691,1.412390911,5,1,0
0.3296976855,0.3135223715,2.055964471,5,1,0
0.2699336344,0.1479183917,1.694256965,1,1,0
0.2210029678,0.007238475649,1.912685005,3,1,0
0.1809419262,1,2.268357591,1,0,0
0.1481427195,1,4.448515812,3,0,0.3554607672
0.4767497675,0.6942457121,2.387592721,3,1,0
0.3903296962,0.09072950075,3.086506958,5,1,0
0.3195749261,0.02786294388,3.366410573,5,1,0
0.2616458199,0.1050927392,2.88079061,1,1,0
0.2142174792,0.2341701469,4.705751063,3,1,0
0.175386438,0.2882748521,4.854876201,1,1,0
0.1435942705,1,3.818323935,1,0,0
0.1175650452,1,3.656940574,3,0,0.2634430899
0.3596972079,1,2.218320791,1,0,0
0.2944951659,1,4.545854663,1,0,0
0.2411122489,0.3275544828,1.251578029,3,1,0
0.1974060131,1,4.623851491,1,0,0
0,1,3.752065858,5,0,0.6880164644
0.6880164644,1,4.323738799,3,0,0.1243444137
0.6876446517,1,4.22271127,3,0,0.1197591303
0.6827549539,0.3435348953,4.599993068,3,1,0
0.5589924776,0.1462607879,3.790972595,1,1,0
0.4576643321,0.04133286632,2.047542246,3,1,0
0.3747038633,1,4.815877077,5,0,0.5965132985
0.9032948747,1,1.414093745,5,0,0.01001124686
0.7495665399,1,3.547231998,5,0,0.1594780307
0.7731712084,1,2.225212907,3,0,0.01900415532
0.652023201,0.1559608974,3.343729892,5,1,0
0.5338314464,1,2.739866035,1,0,0
0.4370642221,0.7089109585,3.53905661,3,1,0.0711164661
0.4289543858,1,4.79878858,3,0,0.2682876722
0.6194858196,0.07840192078,3.539514943,5,1,0
0.5071920916,0.5481437729,2.988302745,3,1,0
0.4152537631,0.160893091,1.791525308,3,1,0
0.3399810262,0.2232568443,4.128347473,5,1,0
0.2783529216,0.429332208,2.945764094,3,1,0
0.2278960971,1,3.727160494,5,0,0.5264128153
0,0.3948692935,3.005297528,3,1,0
0,0.7018953055,3.475234258,3,1,0.1158875917
0.1158875917,1,2.151964017,1,0,0
0.09488073524,0.07950694347,2.715074804,5,1,0
0.07768177582,1,2.416186648,3,0,0.1036943908
0.1672948496,0.2002067568,3.612803279,3,1,0
0.1369694382,0.8655630361,1.56505562,1,1,0
0.1121410913,0.3401940483,4.224775956,1,1,0
0.09181336011,0.7397682278,2.876996696,3,1,0.06288884795
0.1380592694,0.708316013,1.649971739,3,1,0
0.1130333696,0.02720018851,4.229275835,3,1,0
0.09254389583,1,4.930299839,5,0,0.8916436451
0.9674121786,1,4.465529304,3,0,0.01368132535
0.8057314269,1,1.046856337,3,0,0
0.6596770979,0.1683350272,1.686518709,5,1,0
0.5400979272,1,1.717961044,1,0,0
0.4421947826,1,1.895698752,3,0,0.01916329384
0.3812017612,0.1172244129,3.433011463,3,1,0
0.3121016051,1,3.485913606,1,0,0
0.2555271821,1,4.969585596,1,0,0
0,1,2.898925174,3,0,0.1848387761
0.1848387761,0.6344176511,2.464536769,5,1,0.1148451359
0.2661783263,0.9638380747,2.484398759,1,1,0
0.2179283815,1,2.01464003,1,0,0
0.1784246679,1,3.848992084,1,0,0
0.1460817627,0.6653003906,3.787876137,1,1,0
0.1196016316,0.5854596568,4.478923988,1,1,0
0.09792153391,1,1.650554242,5,0,0.1467127431
0.2268841143,0.7818257429,4.424728785,1,1,0
0.1857570018,1,1.220982741,5,0,0.04498341235
0.1970683823,1,3.199228115,1,0,0
0.161345945,0.09722739092,1.61428495,5,1,0
0.1320988871,1,3.130845413,1,0,0
0.1081534213,1,2.688094643,3,0,0.1366435569
0.225192089,0.4697218056,1.484394043,3,1,0
0.1843716886,0.02753285937,1.176042264,5,1,0
0.1509507715,1,1.837434246,5,0,0.177755725
0.3013437638,1,3.275881695,3,0,0.1686432172
0.4153626239,0.6305945879,3.979378842,3,1,0.07390179737
0.4139719512,0.2916691214,4.721094771,5,1,0.05523278673
0,0.890759348,1.827556799,3,1,0
0,0.2473102534,1.774671435,3,1,0
0,0.8365517794,4.314497348,3,1,0.291395065
0.291395065,0.676789544,4.578874484,1,1,0
0.238574101,1,3.011737241,5,0,0.3829472093
0.5782751627,0.8457399783,4.029641756,3,1,0.1101563703
0.5836080297,0.2969401305,4.623986933,1,1,0
0.4778178417,0.1918069155,1.638071015,5,1,0
0.3912041614,0.4676637211,2.241208019,3,1,0
0.3202908776,1,3.826567241,5,0,0.4803108847
0.7425428761,1,3.377710889,1,0,0
0.6079426882,1,1.227976783,5,0,0.02234499114
0.5200863661,1,3.3298788,3,0,0.1197297268
0.545540429,0.1736814949,1.336096814,5,1,0
0.4466507262,1,1.573876496,1,0,0
0.3656866855,0.2138178974,1.946645717,1,1,0
0.2993989354,1,3.875544498,3,0,0.2321313241
0.4772584399,1,2.393408615,1,0,0
0.3907461619,0.04823563643,4.845565867,5,1,0
0.3199158994,0.5755658237,1.701440848,3,1,0
0,1,2.508450854,1,0,0
0,0.6953477964,2.424337239,3,1,0.002863633574
0.002863633574,1,2.127993724,3,0,0.0690008978
0.07134544267,1,4.522514794,3,0,0.3978144568
0.4562271648,1,3.577615619,3,0,0.1558683194
0.5293955297,0.7752740332,1.750857501,1,1,0
0.4334324007,1,3.14940424,5,0,0.3044457
0.6593101358,0.305559872,1.601767002,3,1,0
0.539797484,1,1.039196981,1,0,0
0.4419488006,0.1925926524,4.806692818,1,1,0
0.3618370743,0.1698154635,4.512054614,3,1,0
0.2962471404,0.4471463257,1.639901286,3,1,0
0.2425466443,1,3.922409648,1,0,0
0.1985803968,0.05028426163,4.217286276,3,1,0
0.1625838778,0.6817687901,1.108228635,3,1,0
0.1331124207,0.07518121702,4.944447721,5,1,0
0.1089832324,1,4.600669483,3,0,0.3921368559
0.4813647798,0.3522934748,4.826199478,5,1,0.09079209807
0.4849002468,0.05657873182,4.5136699,5,1,0
0.3970027442,0.1481245513,2.787979195,1,1,0
0,0.2694330349,3.763029111,5,1,0.003471088438
0.003471088438,0.07604778729,2.886242656,3,1,0
0.002841886851,1,4.761012384,1,0,0
0.002326740162,0.5072058664,4.094437791,3,1,0.06136531595
0.06327028968,1,4.593778749,5,0,0.8415998316
0.8934011635,0.3226166131,3.976498232,1,1,0
0.7314550074,0.007115361753,3.673157144,1,1,0
0.598864709,0.9404163929,3.466783964,1,1,0
0.4903089542,1,3.18249358,1,0,0
0.4014310193,0.7244056854,3.178617831,3,1,0.05709828776
0.3857622085,0.4612653531,3.844038836,5,1,0.1187201769
0.4345555604,0.128309819,3.662623228,5,1,0
0.3557840012,1,2.870562944,3,0,0.1163353864
0.4076266896,1,1.217061542,1,0,0
0.3337365066,1,4.610134936,3,0,0.2941688177
0.5674091591,1,1.776268944,3,0,0.007111941182
0.4716672693,1,2.598146529,1,0,0
0.3861684986,1,1.811366575,1,0,0
0.3161680257,0.2522777122,1.576530474,5,1,0
0.2588564858,1,4.848800735,3,0,0.3537627039
0,0.03312613973,2.667213227,1,1,0
0,1,4.567684185,3,0,0.4351526277
0.4351526277,1,2.32160895,3,0,0.05549136412
0.4117642027,1,3.340216516,5,0,0.344149782
0.6812737978,0.7397567151,3.411846754,1,1,0
0.5577798095,0.4042034893,4.432905861,5,1,0.08753704634
0.5442085298,1,2.229052522,3,0,0.03844960137
0.4840098608,0.4691212446,1.232061829,5,1,0
0.3962737578,1,4.822419006,1,0,0
0.3244415122,0.4248754429,2.688278361,3,1,0
0.2656302436,0.009344481751,3.727063457,5,1,0
0.2174796494,1,2.546969344,5,0,0.3026337484
0.4806910256,0.3264785359,1.724066301,1,1,0
0.3935565253,1,1.367724317,1,0,0
0.3222168304,1,3.010321468,5,0,0.3406405142
0.6044493424,1,3.662745715,5,0,0.2633127046
0.7581939699,0.1902184977,4.209703334,3,1,0
0.62075672,0.5756565461,1.8195951,3,1,0
0.5082326168,1,4.183138978,3,0,0.1856278505
0.6017335236,1,4.066819756,3,0,0.1433850771
0,1,2.367990995,3,0,0.1051986493
0.1051986493,1,4.424047824,5,0,0.7659606543
0.8520900237,0.01969873786,1.687955904,5,1,0
0.6976323068,0.02459469013,4.430670002,3,1,0
0.5711730239,0.7591665269,1.19929021,5,1,0
0.46763692,1,2.561364264,1,0,0
0.3828687277,1,4.128406314,5,0,0.4826593422
0.7961257439,1,4.772458848,3,0,0.09497866059
0.7467912904,1,3.135820301,5,0,0.1352020756
0.7466230712,1,3.434174672,3,0,0.06717686252
0.6784601319,0.5186500348,2.475977782,3,1,0
0.5554761747,1,2.010310806,5,0,0.112276806
0.5670622328,0.5919370369,3.410757889,1,1,0
0.4642712889,0.04163594076,4.594107716,5,1,0
0.380113182,1,4.167378417,1,0,0
0.3112103518,0.6550818146,1.855470894,3,1,0
0.2547974857,1,4.877587946,3,0,0.3589179916
0.5675285289,0.37226269,4.985074943,5,1,0.09252266632
0.5571757262,0.2019874032,1.206054425,5,1,0
0.4561769019,0.2716495683,1.445350568,3,1,0
0,0.05108977066,3.192572111,1,1,0
0,0.8222078317,2.107311161,3,1,0.009897161091
0.009897161091,1,2.116017149,1,0,0
0.008103110154,1,2.511580932,1,0,0
0.006634265478,1,2.248583935,5,0,0.3100751245
0.3155068017,1,1.668735005,3,0,0.0002123645666
0.2585274859,0.7335023033,3.403239349,5,1,0.2773633466
0.4890277498,0.5279789439,2.176407815,3,1,0
0.4003820578,0.8331586578,2.697456348,1,1,0
0.3278051037,1,1.310628508,3,0,0
0.2683841194,0.8103370596,2.408066064,1,1,0
0.2197343322,0.1733013037,4.103259391,5,1,0
0.1799032553,0.04760752113,3.154063591,3,1,0
0.1472923277,0.6323103615,1.151550383,3,1,0
0.1205927584,1,1.744411774,5,0,0.1636602762
0.262393276,0.7123629336,1.225244019,3,1,0
0.2148294445,1,1.706523438,3,0,0.004694154507
0.1805816274,0.3982904726,2.203115419,5,1,0
0.1478477318,0.2107968782,4.304467187,1,1,0
0.1210474848,0.2837626053,3.198900449,1,1,0
0,0.181591665,1.214237414,1,1,0
0,0.6652698214,3.197626228,5,1,0.2818210575
0.2818210575,1,4.737423311,1,0,0
0.2307355666,1,1.070223755,5,0,0.01350515918
0.2024154634,1,1.294359365,5,0,0.0586941195
0.2244178843,1,4.105312819,3,0,0.2837055514
0.4674433748,1,1.436048121,3,0,0
0.3827102663,0.8689531983,4.45909975,3,1,0.2044539823
0.5177906468,1,4.566639707,5,0,0.4299667566
0.8538978828,0.5379555947,3.676622118,3,1,0.006819888414
0.705932345,1,2.979775616,3,0,0.05792143044
0.6358899509,0.4738191289,1.465803127,5,1,0
0.5206226584,1,4.148782378,3,0,0.1784805047
0.6047302858,1,2.239978722,3,0,0.03399193385
0.5291032162,1,1.203737678,1,0,0
0.4331930746,1,3.068050547,1,0,0
0.3546684922,0.1816956798,2.802265022,1,1,0
0.2903780017,0.376149886,1.753569648,5,1,0
0.2377414,0.4539538191,2.585774401,1,1,0
0.1946461955,1,4.573789803,1,0,0
0,0.3936333276,4.621987147,1,1,0
0,0.5443539836,3.485252475,1,1,0
0,0.9442716222,2.363759634,3,1,0.08480467157
0.08480467157,0.6969837017,1.714188003,3,1,0
0.06943219262,1,2.158815416,5,0,0.2695890802
0.3264353516,1,4.541675717,3,0,0.2904756691
0.5577383303,1,1.275635078,5,0,0.03047570744
0.4871132306,1,2.664370215,5,0,0.2134083656
0.6122229477,0.7879209581,2.899788226,1,1,0
0.5012457551,1,2.92347793,3,0,0.09402599293
0.5044113074,0.6034310416,4.181794679,3,1,0.06368994043
0.47666699,1,1.647554782,3,0,0
0.3902619237,0.5244330633,4.77792555,3,1,0.07673878062
0.3962582193,0.3769704309,1.530303212,3,1,0
0.3244287903,1,3.811140731,3,0,0.2173117407
0.4829315685,0.215593206,3.936598719,3,1,0
0.3953909268,0.1000795303,3.012458369,3,1,0
0.3237187112,1,1.604820705,1,0,0
0.2650384642,0.3273246984,1.458383201,5,1,0
0.2169951414,0.6504946633,2.511584393,3,1,0
0,1,2.54462231,3,0,0.1316933465
0.1316933465,0.4692962529,1.876676501,1,1,0
0.1078213927,1,1.700145821,5,0,0.1561637808
0.2444404709,1,2.855247645,1,0,0
0.2001309308,0.2760480415,2.537635548,1,1,0
0.1638533477,1,1.303256617,3,0,0
0.1341517747,1,2.813709065,5,0,0.3925991937
0.5024333773,0.413706839,4.414284073,5,1,0.1027748128
0.5141324702,0.08912030746,4.169543752,5,1,0
0.4209360645,0.349548345,4.408467546,5,1,0.0783144212
0.4229477223,0.5975094149,4.06600803,5,1,0.2062208954
0.5525012026,1,3.192105426,5,0,0.2452411355
0.6975908612,1,3.158507832,5,0,0.1631881237
0.7343272148,0.01880123489,4.510121266,1,1,0
0.6012162736,0.1346325378,2.699456399,1,1,0
0.4922342524,1,1.370250262,5,0,0.04700010021
0.4500074204,0.4198962642,4.130260997,1,1,0
0.3684349142,0.3805788766,2.001403041,5,1,0
0.3016489948,0.3936589203,4.369217649,3,1,0.005584870339
0.252554179,0.5648008683,4.642277573,3,1,0.107104771
0,0.3940922553,3.085419886,5,1,0.05398502034
0.05398502034,0.3508191122,4.149613926,3,1,0
0.04419919636,0.5386437606,3.680568007,1,1,0
0.03618724132,0.6929071387,3.991144261,3,1,0.158859332
0.1884869393,1,4.817972325,3,0,0.383598855
0.5379189088,1,2.805066554,5,0,0.2085217807
0.648932534,0.4907148871,4.742775977,5,1,0.1164974186
0.6477984408,0.4673732719,2.59203453,3,1,0
0.5303725053,1,3.654954938,1,0,0
0.4342322807,1,2.093471654,5,0,0.154662741
0.5101820631,0.5985788474,1.200943179,1,1,0
0.4177017448,0.02066264736,2.414151363,1,1,0
0.3419852641,1,4.573330985,3,0,0.2868941931
0.5668880458,0.4203736185,3.321331471,1,1,0
0.4641286767,0.2982260054,2.769930352,3,1,0
0.379996421,0.1820921339,2.820287591,1,1,0
0.3111147559,0.1721280929,1.320851471,5,1,0
0.2547192184,1,3.3311396,3,0,0.1860749533
0.3946214108,1,1.981519886,1,0,0
0.3230886848,0.1712831299,3.986434129,3,1,0
0,0.1883995228,3.384532079,1,1,0
0,1,2.743364853,3,0,0.1615047279
0.1615047279,1,4.90988439,3,0,0.4079134091
0.5401422966,1,1.126421771,1,0,0
0.4422311093,0.4623026037,4.846300577,1,1,0
0.3620682091,1,1.54310316,5,0,0.08661569289
0.3830520704,0.57824768,4.090416575,1,1,0
0.3136165101,0.6078684645,2.048925252,3,1,0
0.2567674815,0.9245483763,4.564249257,1,1,0
0.2102234335,0.525954516,2.40962848,5,1,0.05278767475
0.2249040647,0.004511566884,2.124479504,3,1,0
0.1841358743,0.8838717116,4.241163052,1,1,0
0.150757703,1,4.095415566,1,0,0
0.1234299677,0.07456937208,3.950402179,3,1,0
0.1010559104,1,3.627755848,3,0,0.2644364292
0.3471740109,1,2.329718163,3,0,0.06492858735
0.3491706267,1,3.592729114,3,0,0.1880307023
0.4739074325,1,3.238282136,5,0,0.294385899
0.6823884881,0.3527320515,4.145275909,5,1,0.03669776115
0.5953902019,0.037774622,2.252395527,5,1,0
0,1,4.797909082,1,0,0
0,1,2.922954138,3,0,0.1884431207
0.1884431207,0.01090750026,1.415714788,5,1,0
0.1542841781,0.126140949,4.05991018,3,1,0
0.1263172013,0.3000948854,1.94417086,3,1,0
0.1034197774,0.3732727048,4.805302033,3,1,0.01708273399
0.1017556862,1,3.316307259,3,0,0.2222670423
0.3055775519,1,2.005969657,3,0,0.03534294195
0.2855286811,1,3.529953079,5,0,0.4518947282
0.6856658403,0.06215357716,4.720266391,3,1,0
0.5613757098,0.5307850899,2.954993448,5,1,0.06233579974
0.5219513574,1,3.837415619,5,0,0.3391056713
0.7664432993,1,3.789787219,1,0,0
0.6275106996,1,3.499694348,3,0,0.1024174798
0.6161797874,0.5433397244,2.772334645,3,1,0
0.5044853414,1,4.419250379,3,0,0.2045918368
0.6176295003,0.4417749464,1.589848134,5,1,0
0.5056722659,1,4.13302765,5,0,0.3871856148
0.8011950499,1,1.331934008,3,0,0
0.6559630265,1,4.482534671,1,0,0
0,0.7569212319,1.66682959,3,1,0
0,0.2245601738,3.841158414,5,1,0
0,1,3.702812018,3,0,0.3054218026
0.3054218026,1,1.624296051,5,0,0.1084056064
0.3584638288,0.7724039538,4.806016275,3,1,0.1968411936
0.4903265541,0.6749430975,2.640552529,5,1,0.09966953513
0.501114964,1,3.146720948,3,0,0.11075654
0.5210347719,1,1.794044347,5,0,0.09507990795
0.5216670991,1,4.414566764,3,0,0.1971616537
0.6242665506,1,2.225729312,3,0,0.03150878041
0.5426150035,1,1.044162397,1,0,0
0.4442555905,0.5786952992,4.721177625,1,1,0
0.3637257141,0.003596313153,4.837707306,1,1,0
0.2977934279,0.8741740038,4.976485676,1,1,0
0.2438126374,0.4544424331,1.078573085,1,1,0
0.1996169043,0.802447703,4.377645301,1,1,0
0.1634324984,0.291371205,2.345140037,1,1,0
0.1338072125,0.1692360951,4.000947585,3,1,0
0.1095520798,1,3.749014594,3,0,0.2781333571
0.3678270139,1,1.348159235,1,0,0
0,0.7759950934,3.233527738,1,1,0
0,1,2.940834949,1,0,0
0,1,3.688363571,3,0,0.3032545356
0.3032545356,0.4978088547,4.125218839,1,1,0
0.2482838143,1,4.998220413,5,0,0.7513817495
0.9546593438,1,1.968705428,5,0,0.01098043494
0.7925893984,1,4.278872521,5,0,0.1700182305
0.8189355456,1,1.837765924,1,0,0
0.670487716,0.0435644021,3.388126615,5,1,0
0.5489489126,0.3336867565,2.928165359,3,1,0
0.4494413566,1,2.847588342,5,0,0.2543014328
0.6222728932,1,1.02383721,3,0,0
0.5094739544,0.3585238878,3.332673391,3,1,0
0.4171219944,0.2025508663,4.418599549,5,1,0
0.3415106046,1,2.353117761,5,0,0.2227534241
0.5023586586,0.7246143096,4.063477657,3,1,0.09538197466
0.5066784576,0.343436445,4.718942294,1,1,0
0.4148332351,1,3.824669278,3,0,0.189418711
0.529055438,0.2945982766,4.022921068,3,1,0
0.4331539572,0.1757509772,3.600992452,5,1,0
0,1,3.685423862,1,0,0
0,1,1.247088648,3,0,0
0,1,1.489616042,5,0,0.1224040105
0.1224040105,1,3.929460673,5,0,0.6427207345
0.7429366622,0.696647022,2.233835967,5,1,0.035744347
0.6440094399,0.8235887376,1.192345299,3,1,0
0.5272703337,1,1.203353541,1,0,0
0.4316924374,0.1429379385,4.702307841,1,1,0
0.3534398744,0.4938688616,4.779817475,5,1,0.219927914
0.5093000085,1,2.553661327,3,0,0.06528724087
0.4822668204,0.6023067061,2.51987059,3,1,0
0.3948466771,0.5073050107,1.21003445,3,1,0
0.3232731173,1,1.579809505,5,0,0.0980931697
0.3627668124,1,2.186772816,1,0,0
0.2970083455,0.2559138744,1.720302668,5,1,0
0.2431698664,0.6891066226,2.778308453,1,1,0
0.1990906479,1,1.262878348,5,0,0.05263543184
0.2156370679,1,4.15420357,5,0,0.6185100901
0.7950587891,0.5841072954,2.003792041,1,1,0
0.6509390812,0.2677429597,3.433884498,1,1,0
0,0.002137852617,4.38704273,5,1,0
0,0.2067651953,1.657860409,3,1,0
0,1,3.468411866,3,0,0.2702617799
0.2702617799,0.07084838852,3.395573092,5,1,0
0.2212716306,1,4.690991479,3,0,0.3532691295
0.5344310182,0.4519952474,1.556053155,5,1,0
0.43755511,1,4.881304857,5,0,0.5457550209
0.9039948456,0.1850431168,3.345395923,5,1,0
0.7401283807,0.4842244612,4.62082547,3,1,0.0222521593
0.6282180258,0.3209905839,4.582079577,1,1,0
0.5143414174,1,3.716143847,3,0,0.1493019274
0.5704090634,1,1.175610417,3,0,0
0.467011442,1,1.182392881,1,0,0
0.3823566296,0.5859213742,3.387559356,3,1,0.02947796555
0.3425250969,0.006971292652,3.12194465,5,1,0
0.2804358305,0.1803052401,3.627865191,5,1,0
0.2296014387,1,2.003652386,5,0,0.1933030886
0.3812848474,1,1.179132305,5,0,0.02770796793
0.3398775982,0.1802577585,4.120464984,5,1,0
0.2782682419,0.04715472652,4.833395402,5,1,0
0,0.2958688485,4.871081742,3,1,0
0,1,4.081454532,1,0,0
0,1,4.878775913,3,0,0.481816387
0.481816387,1,2.072550044,1,0,0
0.3944778933,0.775034171,1.927372312,1,1,0
0.3229711827,0.2895348034,4.744947309,1,1,0
0.2644264396,0.02073168205,3.443621295,1,1,0
0.216494058,1,2.458041557,1,0,0
0.1772503432,0.2037539288,3.301905471,1,1,0
0.145120307,0.2614654325,1.490019766,3,1,0
0.1188144582,0.3503565253,4.035295039,5,1,0.09115687061
0.1884339214,1,3.703980344,1,0,0
0.1542766464,1,3.644078918,3,0,0.2508515581
0.377162593,0.1886761239,4.777083839,3,1,0
0.3087946138,1,1.98525258,3,0,0.03303124487
0.2858508915,0.4124309384,2.766644521,5,1,0.02518264655
0.2592175623,1,4.226715996,3,0,0.2844659374
0.4966953274,1,3.403655083,1,0,0
0.4066597394,0.8973751814,4.430469484,1,1,0
0.3329448347,1,4.02627087,3,0,0.2360979258
0,1,2.383750122,1,0,0
0,1,1.769487252,1,0,0
0,0.1811535996,2.856474195,1,1,0
0,0.6039415916,3.703670015,5,1,0.3092000908
0.3092000908,0.7621791755,1.79366883,3,1,0
0.2531516232,1,1.963719031,1,0,0
0.2072630191,1,4.09618659,3,0,0.2888955433
0.458588151,0.00881260658,2.430676869,3,1,0
0.3754602222,0.2614873554,3.509674598,3,1,0
0.3074008305,0.3346043546,3.535462924,1,1,0
0.2516785135,0.6631445224,2.332739214,1,1,0
0.2060569389,1,4.780428092,3,0,0.3708223916
0.5395275444,0.2664317901,3.229424146,1,1,0
0.4417277927,1,4.933584665,3,0,0.2735744283
0.6352305567,1,4.213008899,5,0,0.2930018668
0.8130846589,1,1.0235272,3,0,0
0.6656974151,0.1937767295,2.347857169,3,1,0
0.545026946,0.07159982585,2.006606483,5,1,0
0.4462303219,1,2.069414608,5,0,0.1480523459
0.5133948334,1,3.844044014,5,0,0.3459816278
0,1,2.745656607,3,0,0.1618484911
0.1618484911,1,2.61234197,3,0,0.1188928773
0.2514032143,0.9377052017,2.78983595,1,1,0
0.205831543,0.4719685256,3.046733841,3,1,0
0.1685206142,1,4.039900919,5,0,0.6319037372
0.7698767466,0.8642799663,4.254101551,1,1,0
0.6303217685,0.4786403517,4.411091622,5,1,0.1027082987
0.6187721149,0.4159024619,4.166187737,1,1,0
0.5066077596,0.2712173633,2.87997866,5,1,0
0.4147753526,1,3.525427448,5,0,0.3694855969
0.7090749337,0.3326786439,3.947560524,5,1,0.02278445711
0.6033259115,0.3092990376,2.2672674,1,1,0
0.4939614779,1,1.491122826,3,0,0
0.4044214528,0.7144231002,2.235876943,3,1,0
0.3311122806,0.775012263,2.996209728,1,1,0
0.2710918069,1,1.523498385,1,0,0
0.2219511992,1,4.696836529,3,0,0.3536430041
0.5353612766,1,1.865667478,1,0,0
0.4383167411,0.680158067,4.893457911,3,1,0.1399988395
0.4988622351,1,4.602386947,5,0,0.4513230358
0,1,3.539750924,5,0,0.6349377309
0.6349377309,1,3.921571169,3,0,0.1234770831
0.6433201297,1,2.753392695,1,0,0
0.5267059743,0.5788675245,2.620571407,1,1,0
0.431230379,0.3799642896,2.482099462,3,1,0
0.3530615729,1,1.060141758,5,0,0.00972700364
0.2987893711,0.8080274672,2.830300853,3,1,0.06524352902
0.3098715758,1,3.285766537,5,0,0.3943681145
0.6480695032,1,3.525661029,5,0,0.2222142852
0.7528087176,0.597670043,3.272533804,5,1,0.05907225365
0.6754199019,1,2.728474106,5,0,0.1402570737
0.6932441186,1,3.649931088,5,0,0.2032204866
0.7708007659,0.4420229457,2.815920037,3,1,0
0.6310782916,0.7524540704,2.070900617,3,1,0
0.5166832049,1,3.762155564,5,0,0.3337490437
0.7567734732,1,2.716475747,1,0,0
0.6195937156,0.678567774,4.075658103,3,1,0.06270675657
0.5699871859,0.04333994416,1.857750101,5,1,0
0.466666038,0.2868914975,3.987838263,3,1,0
0.3820738367,0.04209791135,1.898658201,3,1,0
0,0.203862338,1.532561575,3,1,0
0,0.9085491372,2.652365674,1,1,0
0,0.2865169093,4.03018848,5,1,0.03867928683
0.03867928683,0.5053930357,3.857175135,5,1,0.228166936
0.2598348576,1,2.824067396,1,0,0
0.2127347887,1,4.422907835,3,0,0.3254839179
0.4996564316,0.2072829684,4.594589207,5,1,0
0.4090840865,1,2.639155708,5,0,0.2421507982
0.5770805204,0.1497342647,4.916725603,3,1,0
0.4724735691,0.008778409471,4.14125438,5,1,0
0.386828641,0.8243689252,3.767019141,1,1,0
0.3167085046,1,1.433086293,1,0,0
0.2592989924,0.1725456978,1.840006057,1,1,0
0.2122960594,1,2.555700492,3,0,0.1050443172
0.2788576297,1,1.201881005,3,0,0
0.2283093172,0.05759336751,4.189230228,5,1,0
0.1869238592,1,3.27467119,1,0,0
0.153040312,1,4.106627301,3,0,0.3099822446
0.4352810545,1,3.91612379,3,0,0.1905466582
0.5469246437,0.8511482175,1.948011431,1,1,0
0,0.6685163472,4.55828528,3,1,0.2070932337
0.2070932337,0.6555161891,1.935858318,5,1,0.05332029754
0.2228738968,0.02128905785,2.27839242,1,1,0
0.1824737133,0.8049221072,2.702300136,5,1,0.2401771889
0.3895740296,1,2.094511142,5,0,0.1670295065
0.4859857452,0.2610504002,1.067660097,5,1,0
0.3978914752,0.5020368683,1.800729717,5,1,0
0.3257659871,0.6369548988,1.793382655,3,1,0
0.266714632,1,3.603849499,1,0,0
0.2183674715,1,2.111614116,1,0,0
0.1787841644,0.1860019644,3.140256307,3,1,0
0.1463760935,0.4012671666,4.506417031,3,1,0.01813231966
0.1379749289,0.3337773529,2.085857676,5,1,0
0.1129643175,1,1.498198741,5,0,0.1104800151
0.2029673758,0.6181794071,2.696083156,1,1,0
0.1661756324,0.2665815468,3.553382264,5,1,0
0.1360531007,1,4.973197241,1,0,0
0.1113908576,0.08998723925,2.753334193,3,1,0
0.09119912072,0.3787706765,1.315110598,5,1,0
0.07466752479,0.4820770494,3.125228464,3,1,0
0,0.8425727326,3.84692205,3,1,0.2361967435
0.2361967435,0.6010783974,1.680535698,3,1,0
0.1933815377,1,3.65125988,5,0,0.5346387919
0.6929662039,0.1698614749,4.117048284,1,1,0
0.5673527419,1,2.157644574,3,0,0.03186303683
0.4963721745,1,4.538805739,3,0,0.2169733733
0.6233685375,0.4442030297,4.545844501,1,1,0
0.5103709922,1,4.39548006,5,0,0.4156313832
0.83348781,0.6885080468,2.204848481,1,1,0
0.6824021024,1,2.10178355,5,0,0.08748103475
0.6461846219,0.7500290531,2.003583411,3,1,0
0.5290512221,0.3314607798,2.340783676,5,1,0
0.4331505055,0.65337892,3.438546862,3,1,0.04931653253
0.4039501721,1,2.14603773,1,0,0
0.3307264286,1,3.38396826,5,0,0.3988817378
0.6696576358,0.318332905,3.440796437,5,1,0.007871953259
0.5561412537,1,3.858528452,5,0,0.3171957138
0.7725256612,1,3.632559485,3,0,0.06707852533
0.6995690417,0.2305919799,2.745984413,3,1,0
0.5727586884,1,2.862825889,5,0,0.1989690441
0,1,4.383246439,5,0,0.8458116097
0.8458116097,1,2.205156751,5,0,0.04645529487
0.738947271,1,3.295265263,3,0,0.06377251619
0.6687713719,1,4.359399516,3,0,0.1337865311
0.6813302201,1,3.585823645,5,0,0.206005963
0.7638319672,0.3119022445,2.201364729,3,1,0
0.6253727217,0.4138084853,1.358469155,5,1,0
0.5120118794,0.29299773,4.236798369,5,1,0.02944670433
0.4486465759,0.3940537763,1.472631618,3,1,0
0.367320749,0.1746075443,2.587278767,5,1,0
0.3007367934,0.4453731602,2.294276842,5,1,0.003812615041
0.2500350764,0.5359584349,3.867900292,1,1,0
0.2047114064,0.3739649092,1.316948104,3,1,0
0.1676035239,1,3.07480191,5,0,0.4317644496
0.5689866089,0.4195143879,3.879408111,5,1,0.06761172578
0.5334585606,1,1.892006057,5,0,0.1040394474
0.5407983765,1,4.463221026,1,0,0
0.442768262,1,3.60902774,5,0,0.3634582655
0.7259662581,1,2.688860125,5,0,0.1157011649
0.7100720661,0.2556933503,3.318761239,5,1,0
0,0.9015789619,4.845370662,5,1,0.8421210628
0.8421210628,0.952255592,1.290142708,3,1,0
0.689470412,0.5024935843,4.734873892,5,1,0.1070739986
0.6715646282,1,2.774999216,1,0,0
0.5498306138,0.6334619111,4.975925293,3,1,0.100301733
0.5504649656,0.5993283409,1.613214843,3,1,0
0.4506825958,0.395633324,4.557753546,3,1,0.01124995331
0.3802376544,1,1.151970618,5,0,0.02354641662
0.3348586777,0.1248177638,1.696372527,5,1,0
0.2741590974,1,2.094789473,3,0,0.04661235659
0.2710748409,0.2226548467,1.455197549,5,1,0
0.2219373086,1,2.156301391,5,0,0.2249187431
0.4066256429,0.02672840206,4.409563022,1,1,0
0.3329169188,1,2.415496798,1,0,0
0.2725693197,0.8126157099,1.118083817,1,1,0
0.2231608843,1,3.551086902,5,0,0.4954460233
0.6781547022,1,3.898540418,5,0,0.233220401
0.788446511,0.3439421129,2.51441651,5,1,0
0.6455254057,1,4.379772132,1,0,0
0.5285115016,0.2766102308,4.994926443,1,1,0
0,1,4.323254708,5,0,0.8308136769
0.8308136769,1,3.601965543,1,0,0
0.6802127073,0.6484412644,2.013536927,1,1,0
0.5569110621,0.4113036762,3.405139223,1,1,0
0.4559602133,0.786029266,1.672664233,5,1,0.0428109042
0.416119553,1,2.601339196,1,0,0
0.340689875,1,3.155760976,1,0,0
0.2789332779,1,1.236821176,1,0,0
0.2283712527,1,2.019958655,1,0,0
0.1869745677,0.8260398778,3.008586212,1,1,0
0.1530818286,1,4.993325414,3,0,0.4226111614
0.5479439623,1,1.366538457,1,0,0
0.4486185729,1,4.304633021,5,0,0.4555283178
0.8228261398,0.7056739979,4.106265683,3,1,0.03271563841
0.7063887035,1,3.172457678,5,0,0.1594645288
0.737806684,1,2.43390559,3,0,0.0301747376
0.6342397597,0.01056557026,2.659995006,3,1,0
0.5192715961,1,1.152094934,5,0,0.01827908866
0.4434227135,1,4.104447725,1,0,0
0.3630438122,0.3924023267,1.281337624,1,1,0
0,0.8066323087,1.124490409,1,1,0
0,0.9072017534,2.985661378,1,1,0
0,0.6552279393,1.80883753,3,1,0
0,0.6702882787,2.80518291,5,1,0.2200703061
0.2200703061,1,4.953578435,1,0,0
0.1801783274,1,1.026936363,1,0,0
0.1475175377,1,1.149923845,5,0,0.03195186212
0.1527290068,0.700885682,4.500848715,5,1,0.4563783733
0.5814223081,1,3.718186039,3,0,0.1288080365
0.6048363607,1,2.34933443,5,0,0.133301976
0.6285001051,1,1.820085989,5,0,0.07616546471
0.590737829,0.283460299,2.100313616,5,1,0
0.4836552276,1,2.009978178,3,0,0.0265900656
0.4225734744,0.2826243636,2.273774586,5,1,0
0.3459738989,1,2.593354455,1,0,0
0.2832594708,1,1.687942047,5,0,0.1232689868
0.3551822266,0.5654595284,1.016338258,1,1,0
0.2907986119,0.2003403834,3.90897364,5,1,0
0.2380857665,1,4.456106316,5,0,0.6583141487
0.8532422876,1,3.485793111,3,0,0.04004562535
0,0.3866487693,1.26782278,3,1,0
0,0.4336317658,3.194521469,5,1,0.09631149632
0.09631149632,1,3.597442647,3,0,0.2617230085
0.3405761925,0.03374987493,4.465585105,5,1,0
0.2788402025,1,4.969533326,5,0,0.7156669623
0.9439620113,0.7144837766,3.956757775,5,1,0.02559590103
0.7984466294,1,2.025047137,5,0,0.05165042635
0.7053632366,1,3.83600273,1,0,0
0.5775025739,1,3.824892808,1,0,0
0.4728191172,0.4577869086,3.231143493,5,1,0.06315300003
0.4502645519,1,4.158652252,3,0,0.2054899218
0.5741353575,1,4.892390639,5,0,0.414407887
0.8844701606,1,1.84467108,1,0,0
0.7241429207,0.1721158369,2.140185712,5,1,0
0.5928780788,1,1.889963166,3,0,0.01363633496
0.4990438509,0.037081896,1.403286152,3,1,0
0.4085825479,0.09649341888,1.578483763,5,1,0
0.3345190971,0.1475460032,2.545797259,1,1,0
0.2738810723,1,2.312422438,1,0,0
0.2242348566,1,4.343273769,1,0,0
0,1,2.908685593,3,0,0.186302839
0.186302839,1,1.474149406,1,0,0
0.1525318636,0.493606063,1.23402008,1,1,0
0.1248825276,0.2084770423,4.543003081,3,1,0
0.1022451659,0.7471577778,3.605413601,3,1,0.1383188129
0.2220300745,0.2208724868,2.823055954,5,1,0
0.1817828501,0.449335945,3.581054174,5,1,0.1245932722
0.273424482,0.6931001471,1.078393753,5,1,0
0.223861032,1,4.360835687,3,0,0.3136574344
0.4969393458,1,4.706415006,3,0,0.2293766683
0.6362361931,1,1.807719361,5,0,0.0734547674
0.5943609049,0.576682067,3.262968531,3,1,0.01308361137
0.4997051626,0.5160390354,3.699597981,5,1,0.1137091336
0.5228331177,1,1.737337401,3,0,0.005058260114
0.4331178123,0.6195723245,4.643167643,3,1,0.1028985984
0.457505471,0.7237600158,4.470397343,1,1,0
0.3745737988,0.0596296849,3.413418631,5,1,0
0.3066750884,1,3.871131952,5,0,0.4976568267
0.7487411528,0.4948278701,1.465089975,1,1,0
0.6130174079,0.2585143404,3.910183303,1,1,0
0,0.5523474516,3.43028404,3,1,0.03420629714
0.03420629714,0.6552703161,3.072721907,5,1,0.2446991558
0.2727049032,0.2135298155,2.583751889,1,1,0
0.2232718908,0.9066620908,3.790558905,1,1,0
0.1827995633,0.2845383791,1.045315413,3,1,0
0.1496636241,0.6366446923,1.245698819,5,1,0
0.1225342117,0.236919326,4.08966198,3,1,0
0.1003225274,1,4.117344302,1,0,0
0.08213713841,1,2.037222985,1,0,0
0.06724820118,0.3642356061,4.26169376,5,1,0.1287805192
0.1838386896,1,3.554441477,3,0,0.2311093145
0.3816237033,1,2.835566928,3,0,0.1084230322
0.4208700942,0.01881478453,1.053214068,5,1,0
0.3445792892,0.3711260909,3.058711043,5,1,0.02214789028
0.3042655512,0.1019033251,1.293365943,3,1,0
0.2491115639,0.1326215723,2.086041233,3,1,0
0.2039552983,1,3.072346049,5,0,0.412420023
0.579404498,0.3892892565,3.517988646,5,1,0.03885410612
0.5132303871,0.873455409,3.394143694,1,1,0
0.4201975013,0.435716794,3.652645092,1,1,0
0,0.2857104028,3.538077901,3,1,0
0,1,4.594915367,1,0,0
0,1,2.585565703,5,0,0.3963914258
0.3963914258,1,2.31950481,5,0,0.1991161042
0.5236539548,0.6893024589,1.795395656,5,1,0.02829145879
0.4570230555,0.3372938604,2.756176118,3,1,0
0.3741788304,0.7765984932,1.717134087,3,1,0
0.3063517156,1,2.423040143,1,0,0
0.2508195708,0.479721586,3.871262102,3,1,0.02140348497
0.2267571811,0.1371677987,4.848894193,5,1,0
0.1856530776,0.1066851676,2.429280834,1,1,0
0.1519998841,0.09477950073,3.335840338,3,1,0
0.1244469795,0.3201806851,4.749743265,3,1,0
0.1018885693,0.3742522881,4.660041834,3,1,0.01042231177
0.09384161683,1,4.008405773,3,0,0.3182979783
0.3951289959,0.2965808118,3.228832038,1,1,0
0.3235042604,1,1.02490882,3,0,0
0.2648628867,0.8057913671,2.529126567,1,1,0
0.2168513907,1,3.447607661,3,0,0.2092112195
0.3867541219,0.2591792193,2.068648493,5,1,0
0,0.2126552198,1.9849706,1,1,0
0,0.3205522542,3.063862409,5,1,0
0,1,4.994529936,5,0,0.998632484
0.998632484,1,2.133367531,5,0,0.0003874745504
0.8179986002,1,3.67451916,1,0,0
0.66972061,0.1752919007,2.70858894,1,1,0
0.5483208594,1,2.473982157,3,0,0.05469713504
0.5036242852,1,1.009981356,1,0,0
0.4123326903,0.7671484103,2.040941651,1,1,0
0.337589454,0.6215277192,4.96295575,5,1,0.3452176685
0.6216125364,0.10599995,2.655803426,3,1,0
0.5089333,0.04855982252,1.456229063,5,1,0
0.416679344,0.1646278387,2.093843955,3,1,0
0.3411481931,0.2981722026,3.405775442,3,1,0
0.2793085171,1,3.941139727,3,0,0.2458790044
0.4745574769,0.2790042031,4.529991322,5,1,0.03466431274
0.4231991132,0.5393083194,4.298160556,3,1,0.05635636634
0.402842495,0.8808746419,1.33945941,1,1,0
0.3298195393,0.1774274823,3.481301369,5,1,0
0.2700333998,0.2532000248,1.472537572,3,1,0
0,1,1.480419089,3,0,0
0,0.1611648703,4.002646332,3,1,0
0,0.3324184048,2.272282269,3,1,0
0,0.5551337356,1.616690402,3,1,0
0,1,3.067068912,1,0,0
0,0.6993396284,4.944575411,5,1,0.6144843826
0.6144843826,1,2.934892108,3,0,0.07333810712
0.5764353684,1,3.303119168,3,0,0.1039715101
0.5759168734,0.6267122348,4.526105623,5,1,0.1947141385
0.6662349939,0.671109396,4.830101778,1,1,0
0.5454670783,0.5155408034,2.823685963,5,1,0.0517855414
0.4983762132,0.672001985,3.469633583,3,1,0.05003200581
0.4580679382,0.6768877841,3.309426658,1,1,0
0.375034308,0.1930127099,3.176550594,5,1,0
0.3070521214,1,3.508408851,5,0,0.434549148
0.6859421626,1,4.265518424,5,0,0.2563904136
0.8179923569,1,2.835283879,1,0,0
0.6697154984,1,1.527672582,3,0,0
0.5483166743,0.8338825555,2.530357391,1,1,0
0.4489237237,1,4.647379409,1,0,0
0,0.2474794393,4.644635775,5,1,0.03736296436
0.03736296436,0.7013597792,1.814270612,1,1,0
0.03059020795,1,3.093307278,3,0,0.2074499068
0.2324950507,1,3.572547717,5,0,0.4936107763
0.6839616243,1,4.646122684,3,0,0.141243366
0.7012237817,1,4.807003317,3,0,0.1407386863
0.7148521612,1,1.452754834,1,0,0
0.5852714483,0.8668141488,4.478453751,3,1,0.1378134938
0.6169932273,0.3361993916,4.593514329,1,1,0
0.5051513297,0.002089944046,1.618251419,3,1,0
0.4135829286,1,1.137655701,3,0,0
0.3386130626,0.1252922317,2.95470706,5,1,0
0.2772329277,0.3361893909,4.303921695,5,1,0.08075708019
0.3077362039,0.5985234109,3.172588534,1,1,0
0.2519530939,1,2.989193585,5,0,0.3720025267
0.578284273,0.2295288964,4.619910606,5,1,0.00636822194
0.4798273403,0.1121553348,3.204513147,5,1,0
0.3928493997,1,2.118793822,5,0,0.1698190852
0.49145697,0.8507192814,3.025802872,1,1,0
0.4023709352,0.1878059343,1.848665241,5,1,0
0,1,2.598979987,3,0,0.139846998
0.139846998,1,4.692643556,3,0,0.3904204658
0.5049175038,0.2600806658,1.289935762,3,1,0
0.4133914881,1,4.495598352,5,0,0.5126369369
0.8510932612,1,2.73195918,1,0,0
0.6968162267,0.6553939097,1.3270656,3,1,0
0.5705048741,1,2.820446089,5,0,0.1954681806
0.6625580658,0.6627817045,1.676037777,1,1,0
0.5424566641,1,3.338567803,3,0,0.1147450835
0.5588710366,1,1.543078276,1,0,0
0.4575649047,0.4722928715,2.124016822,5,1,0.0004282530781
0.3750507121,0.5982737493,3.015579294,3,1,0.0128872602
0.3199528121,1,4.799371974,5,0,0.6459380566
0.9078932634,0.3700588463,2.924739327,5,1,0.001895687001
0.7452158223,1,3.239397306,3,0,0.0601060324
0.6702371438,1,1.39632905,3,0,0
0.5487437615,0.3691502993,4.065168473,3,1,0
0.4492733931,0.3863537645,3.311739329,1,1,0
0.3678339434,1,2.671538857,1,0,0
0.3011569615,1,4.01777155,1,0,0
0,0.4983421766,4.529537811,3,1,0.08858895979
0.08858895979,0.4969253628,3.250564026,3,1,0
0.07253050577,1,2.542507345,3,0,0.1218473266
0.1812302822,1,3.521687181,3,0,0.2278251934
0.3762039989,0.7841632813,3.483668313,1,1,0
0.3080097833,1,1.91713626,1,0,0
0.2521770818,0.5192796001,3.914687374,3,1,0.04107237461
0.2475375067,1,4.583289431,5,0,0.6740727248
0.8767392941,0.9170595722,2.032865063,1,1,0
0.7178134225,1,1.920064967,5,0,0.06490749601
0.65260342,1,3.683606118,1,0,0
0.5343064895,1,2.418736347,5,0,0.1651740774
0.602627232,0.4388393374,1.943062759,5,1,0
0.4933894475,1,4.351483137,5,0,0.4244741809
0.8284272948,1,1.772588217,1,0,0
0.6782589029,1,2.896509001,1,0,0
0.5553114224,1,3.899610559,5,0,0.3223559238
0.7770064628,0.02770754668,2.905430936,1,1,0
0.6361590864,1,1.704468199,3,0,0.002063061633
0.5229060696,0.254895594,3.212814825,5,1,0
0,1,2.939333268,1,0,0
0,1,4.698235733,1,0,0
0,0.6570546231,1.105557327,1,1,0
0,0.9217958648,1.750448317,3,1,0
0,0.791497921,3.725321435,5,1,0.4871460427
0.4871460427,1,3.138832698,5,0,0.2742272032
0.6730686497,0.03896087357,2.084866124,3,1,0
0.5510620024,1,1.691514135,5,0,0.07761174276
0.528783151,0.07224629962,3.044812587,5,1,0
0.4329310274,1,1.923663698,1,0,0
0.3544539461,1,2.520138304,1,0,0
0.2902023462,0.888020152,1.173082706,1,1,0
0.2375975855,1,4.75074543,5,0,0.714894343
0.9094227931,0.2051514605,3.897323917,3,1,0
0.7445724082,1,3.502731509,3,0,0.07034724315
0.6799515717,0.300474349,3.535300453,1,1,0
0.5566972623,0.6986446927,4.192585627,1,1,0
0.4557851688,1,3.932437215,5,0,0.398968956
0.7721342905,1,1.51708078,3,0,0
0.6321700892,1,3.126423272,3,0,0.08054132132
0,1,4.471726505,5,0,0.8679316262
0.8679316262,0.904825877,1.913242874,1,1,0
0.7106023139,1,3.82949114,1,0,0
0.5817919676,1,4.832399744,1,0,0
0.4763309758,0.4136252718,1.488439166,5,1,0
0.3899868185,0.1401395711,3.505258293,5,1,0
0.3192942016,0.5015858644,1.226629115,5,1,0
0.2614159821,0.03911098832,2.756450183,3,1,0
0.2140293039,1,3.710342011,3,0,0.24094034
0.4161727132,1,3.960000051,1,0,0
0.3407333989,0.7659650378,3.666911024,3,1,0.1129382007
0.391907113,0.7464265969,3.403777882,1,1,0
0.3208664058,1,1.588021939,5,0,0.09983636321
0.3625395572,0.05858158669,2.375626077,5,1,0
0.2968222847,1,2.465957096,1,0,0
0.2430175327,1,2.341138894,1,0,0
0.1989659276,1,2.729362657,3,0,0.1276883545
0.2905878782,1,3.099426207,3,0,0.1524625479
0.3903757802,0.2330478616,2.745866035,1,1,0
0.3196126565,1,3.569605916,5,0,0.4370818357
0,0.6477787495,1.521935845,5,1,0
0,1,4.414071462,1,0,0
0,1,4.592624351,5,0,0.8981560877
0.8981560877,1,1.224814401,5,0,0.005723994531
0.7410720046,1,2.219930659,1,0,0
0.6067384404,0.6875465404,3.556275656,3,1,0.04591948238
0.5426749026,0.9404688182,4.291276789,1,1,0
0.4443046317,0.5842097908,3.255791336,3,1,0.01962147915
0.3833873449,0.7050873903,3.543852472,3,1,0.07695871861
0.3908497282,0.2941182605,4.099972837,5,1,0.03135248919
0.3513531815,1,2.588479513,1,0,0
0.2876636549,0.02215026735,2.556884798,5,1,0
0.2355190808,1,1.683769399,1,0,0
0.1928267144,0.2057510176,3.480680536,5,1,0
0.1578731611,0.4116312518,2.460648099,5,1,0.002711576215
0.1319671883,0.1252099992,2.593790018,3,1,0
0.1080455954,0.2920290883,1.534436657,3,1,0
0.08846025172,0.06596253043,1.798660148,1,1,0
0.07242512851,0.2271153507,1.129681038,1,1,0
0.05929668001,1,2.807516763,3,0,0.160980221
0,0.2491241577,2.475838472,1,1,0
0,1,1.024790848,5,0,0.006197712056
0.006197712056,0.7988903968,2.21491816,5,1,0.1911769629
0.1962512204,0.8478302201,1.586938398,5,1,0.06941462428
0.2300915337,0.5385536782,2.962089589,5,1,0.1145708956
0.3029539103,1,1.434361362,5,0,0.07569247218
0.3237301553,1,4.547716303,1,0,0
0.2650478339,1,4.181709326,1,0,0
0.2170028126,1,2.941139306,3,0,0.1496862738
0.32735315,0.05118622655,1.263697815,1,1,0
0.268014091,1,1.645593684,5,0,0.11814137
0.3375727485,1,3.19544341,3,0,0.1519055064
0.4282866971,0.769454985,1.54327379,3,1,0
0.35065149,1,2.978033344,5,0,0.3211082511
0.6081974096,1,1.927726277,5,0,0.09087138963
0.5888213128,1,2.045655165,1,0,0
0.4820861169,1,1.824334351,5,0,0.1067335512
0.5014322807,1,1.846514028,1,0,0
0.4105380288,1,3.988158595,5,0,0.4403514639
0.7764715734,1,2.238587802,1,0,0
0,0.03107278761,3.112048486,1,1,0
0,1,4.415690944,5,0,0.8539227359
0.8539227359,0.7690079889,2.297704366,5,1,0.02800859948
0.7271414041,0.5226719819,4.598838786,3,1,0.0301652347
0.6254982641,0.972265128,1.077877825,1,1,0
0.5121146648,0.7003741709,2.647931398,1,1,0
0.4192840252,1,1.54341747,3,0,0
0.3432807257,0.3501733405,4.679708148,3,1,0
0.2810544871,0.4629149874,1.631539119,1,1,0
0.2301079519,1,3.27375303,5,0,0.4376360943
0.6260325511,0.5823314372,2.84304349,5,1,0.06129266665
0.5738447686,0.08589378086,2.224503108,3,1,0
0.4698243596,1,2.421299874,5,0,0.1883846428
0.5730442945,1,2.738308635,1,0,0
0.4691689868,1,1.100658363,5,0,0.01335814516
0.397481223,1,3.100821134,1,0,0
0.3254301011,0.3186909634,1.712556168,5,1,0
0.2664396317,0.9057886338,1.811438831,1,1,0
0.2181423203,1,2.708549823,3,0,0.122190652
0.3007904782,1,3.116164277,5,0,0.369910553
0,1,4.356594214,3,0,0.4034891322
0.4034891322,0.6089592196,1.743289846,1,1,0
0.330348961,0.8171660603,3.945189111,5,1,0.3723049912
0.6427718449,0.09906515379,1.313704635,3,1,0
0.5262570766,1,3.665562826,1,0,0
0.4308628527,1,1.318211729,3,0,0
0.3527606678,0.3370713881,3.399756672,3,1,0
0.2888160072,1,2.669145911,3,0,0.1069420788
0.3434046259,1,2.937034584,3,0,0.1251176547
0.4062735826,1,1.606450258,1,0,0
0.3326286763,0.7557141724,2.339410554,3,1,0.01013660736
0.282469934,0.4233173642,4.025639308,5,1,0.1263073595
0.3575741813,1,4.822205894,1,0,0
0.2927569787,0.004156628596,3.786218588,5,1,0
0.2396891417,0.1036482045,4.524112923,1,1,0
0.1962408714,0.1463700168,4.523412627,1,1,0
0.1606684365,0.4919807939,2.705198003,1,1,0
0.13154419,0.6879199543,3.395365082,3,1,0.08715901435
0.1948582881,1,3.720436777,5,0,0.5475842809
0.7071207539,0.6421310103,2.075773794,3,1,0
0,0.3225489305,4.651229569,3,1,0
0,1,2.076390134,3,0,0.06145852008
0.06145852008,0.7687112201,2.697916265,1,1,0
0.05031798043,0.5089442073,1.418246185,5,1,0
0.04119687801,1,1.074384873,3,0,0
0.03372915096,1,2.616641039,3,0,0.1376898815
0.1653049746,1,3.64361813,5,0,0.5516537256
0.686993992,0.5860913805,2.095106061,3,1,0
0.5624631084,1,3.774592541,1,0,0
0.4605058443,0.6377641399,3.279863849,3,1,0.03440188712
0.4114321838,1,2.88978981,3,0,0.1079836376
0.4448358194,1,1.854812273,1,0,0
0.3642007654,0.2406156622,2.090689205,3,1,0
0.2981823669,1,4.637055092,5,0,0.6381373491
0.8822684229,1,1.092142,5,0,0.002712005753
0.725052296,1,1.313806345,5,0,0.0215700835
0.6151926959,0.3290276223,3.699456128,3,1,0
0.5036771792,1,2.146984978,1,0,0
0.4123759962,1,2.991953225,3,0,0.116815529
0.454440439,1,1.746096903,3,0,0.006500088745
0,1,1.308980713,3,0,0
0,1,4.08395376,1,0,0
0,0.3554614596,3.347069734,3,1,0
0,1,4.254583416,3,0,0.3881875124
0.3881875124,1,2.546813811,3,0,0.08077275206
0.3985938064,1,4.293568455,1,0,0
0.3263410073,0.1181047102,1.753333966,3,1,0
0.2671854186,0.8596869525,1.711357161,3,1,0
0.218752919,1,3.643056828,5,0,0.5162201079
0.6953198501,1,1.612525663,5,0,0.04665610274
0.6159358472,0.2844427759,4.743873198,5,1,0.03354420737
0.5378298274,1,4.741384813,5,0,0.4322891161
0.8726269358,1,3.352510056,1,0,0
0.7144465083,0.2374866508,2.30298024,5,1,0
0.5849393278,0.3192880345,3.949428344,5,1,0.02708324985
0.5059910662,0.5310657106,3.182955799,1,1,0
0.4142704467,0.2047903404,2.617821061,5,1,0
0.3391759548,0.05586893468,1.611847806,1,1,0
0.2776937849,0.2749275485,2.291679157,5,1,0
0.2273564416,1,4.471569793,5,0,0.6705715095
0,0.9527637547,3.566312394,5,1,0.5994632969
0.5994632969,1,3.484104423,3,0,0.1091925791
0.5999916155,1,2.821056686,1,0,0
0.4912315872,0.3074864924,1.293523516,5,1,0
0.4021864073,1,3.6971099,5,0,0.4030922397
0.7323746199,0.27335441,3.384713884,5,1,0
0.5996176241,0.5152933966,1.030542141,5,1,0
0.4909253889,0.2973741152,1.164450507,1,1,0
0.4019357134,0.05209077134,1.661345221,1,1,0
0.3290771293,1,3.844092452,3,0,0.2191327138
0.4885582796,0.001678267167,3.255709881,1,1,0
0.3999976882,1,4.995145607,5,0,0.5992741501
0.9267645585,1,1.972811892,3,0,0.003363102105
0.7621337471,0.3034993735,2.444404028,5,1,0
0.6239823367,0.4129858825,1.489991141,5,1,0
0.5108735284,0.09052308075,2.120738493,5,1,0
0.4182678686,0.5209753395,1.528251395,1,1,0
0.3424487671,1,1.177422614,5,0,0.02916611461
0.3095394516,0.05839601276,3.37621617,3,1,0
0.2534294683,0.2172448079,4.395581711,1,1,0
0,0.935837139,2.245051656,3,1,0.06515040785
0.06515040785,1,1.342559449,3,0,0
0.05334064248,0.8748706008,1.121415647,3,1,0
0.04367162439,1,3.597430369,3,0,0.2769666173
0.3127219192,1,4.873656639,5,0,0.6655698251
0.9216048776,0.4394878535,4.45215046,5,1,0.01874948801
0.7732957435,0.5372521609,4.788845697,1,1,0
0.6331210064,0.0123119454,4.810892038,3,1,0
0.5183556384,0.1613717573,3.192595458,5,1,0
0.4243937022,0.6617445225,4.388460443,3,1,0.1068359532
0.4543001286,0.6107777924,1.127919585,1,1,0
0.3719494864,0.0268697875,3.571325834,3,1,0
0.3045264831,1,4.558628118,5,0,0.6187329031
0.8680580999,1,3.191448509,5,0,0.07228597004
0.7829918319,0.3438200549,2.354979035,5,1,0
0.6410594922,1,2.2769227,5,0,0.1145848206
0.6394399414,0.09862831741,1.274865331,1,1,0
0.5235291448,0.4668994097,2.427917401,1,1,0
0.428629411,0.2642190867,3.546719855,1,1,0
0.3509320804,0.2074389651,4.415594092,5,1,0
0,0.6452019963,3.291413638,3,1,0.06854399751
0.06854399751,0.6855191096,3.068759955,1,1,0
0.0561190787,0.4309054268,2.392596575,3,1,0
0.04594641557,0.3990071635,2.218286476,5,1,0
0.03761774342,0.2044272807,3.781359624,5,1,0
0.0307988034,0.1774857361,2.275085602,5,1,0
0.0252159275,0.3605317343,3.302442942,5,1,0.0464571077
0.06710216301,1,1.202315366,5,0,0.04718489181
0.1021234963,1,1.944208648,1,0,0
0.083611647,0.5935853338,4.757583011,1,1,0
0.06845542672,0.6550268639,2.228418756,3,1,0
0.05604656307,1,2.316392169,3,0,0.0919965932
0.137883638,0.6698731702,4.488649924,3,1,0.1733060133
0.2861955881,0.7715113699,4.089727394,1,1,0
0.2343171294,1,2.800031329,1,0,0
0.1918426398,1,2.051026798,1,0,0
0.157067469,0.3121943241,2.529468919,5,1,0
0.1285959671,1,3.225673236,3,0,0.2037786918
0.3090641648,0.2136022679,4.643523828,3,1,0
0.2530403364,1,2.406233735,3,0,0.08286401531
0,0.3416909565,4.817230687,3,1,0
0,1,2.577619843,3,0,0.1366429765
0.1366429765,1,2.290065821,1,0,0
0.111873807,1,1.606663714,3,0,0
0.09159452627,1,1.516376249,1,0,0
0.07499125547,1,4.205867588,5,0,0.7413638881
0.8027615352,0.5151260568,3.898972563,1,1,0
0.6572455562,0.2289471349,2.343969977,3,1,0
0.5381071492,1,1.598189665,3,0,0
0.4405648715,0.597290646,4.472885385,5,1,0.2337897025
0.5944937116,1,2.081157906,3,0,0.02521182062
0.5119421048,0.7433414277,4.414310955,3,1,0.1182081255
0.5373508705,0.1079924352,1.993018044,3,1,0
0.4399456828,1,3.072730621,5,0,0.2902104332
0.6504074934,0.7334832008,3.65570168,1,1,0
0.5325086169,1,3.170419906,5,0,0.253663151
0.6896443319,1,4.808620474,1,0,0
0.5646330232,0.1511130895,3.290456262,1,1,0
0.4622824203,1,3.322728998,5,0,0.3122430538
0.6907278879,1,3.715088773,3,0,0.09502797469
0,1,1.194400135,1,0,0
0,1,3.760204906,1,0,0
0,0.5718013801,1.137989116,1,1,0
0,1,4.877977542,1,0,0
0,0.5345413771,1.80123514,5,1,0
0,1,2.812703425,5,0,0.4531758562
0.4531758562,1,2.775281744,1,0,0
0.37102901,0.01316393708,2.13245815,3,1,0
0.3037728608,1,3.040243973,5,0,0.3551183061
0.6038264892,0.09417726815,3.171415121,5,1,0
0.4943713162,0.679659905,4.828224234,1,1,0
0.404757,1,4.929734451,1,0,0
0.3313870034,0.3405671026,2.473703685,1,1,0
0.2713167309,1,2.108489409,1,0,0
0.2221353514,1,1.473410956,1,0,0
0.1818690435,0.07233187724,1.141096847,3,1,0
0.148901779,1,1.651961267,5,0,0.1387207686
0.2606312343,1,3.932620957,1,0,0
0.2133868067,0.6869617463,1.292747195,3,1,0
0.1747063409,1,1.492296259,5,0,0.1015722452
0,1,1.034311263,1,0,0
0,1,3.323164091,3,0,0.2484746136
0.2484746136,1,4.896714156,1,0,0
0.2034338075,0.7145024801,3.433899777,1,1,0
0.1665575144,0.6020165626,3.817994338,5,1,0.2705553974
0.4069211567,1,1.817856095,5,0,0.1212632867
0.4544221517,0.2765268782,1.584472229,3,1,0
0.3720493905,0.5510836252,1.926102604,3,1,0
0.3046082777,0.5035759964,3.3776484,1,1,0
0.2493921646,0.3579329928,3.918912372,1,1,0
0.2041850347,0.7831236156,3.019220611,1,1,0
0.1671725672,0.3053063982,4.348425716,3,1,0
0.1368693219,1,4.813250117,1,0,0
0.112059123,0.2457498593,1.271167386,3,1,0
0.09174625013,1,1.736958337,5,0,0.1673362933
0.2424517697,1,2.788024304,3,0,0.127422374
0.325925094,0.0759548221,3.166207567,5,1,0
0.2668448977,0.5648043906,1.521981302,3,1,0
0.218474124,0.5365752118,2.007935104,1,1,0
0.1788714841,0.1119364448,4.776334954,5,1,0
0,1,2.06678751,1,0,0
0,0.0780557419,4.058247897,5,1,0
0,0.4153314819,4.061082335,3,1,0.003004301635
0.003004301635,0.4080465438,3.087985095,3,1,0
0.00245971414,1,2.300471637,3,0,0.09483689867
0.09685074228,1,4.763126637,5,0,0.8496662572
0.9289609384,0.6784892095,2.599206769,3,1,0.001032201963
0.7616010906,1,1.756250639,5,0,0.04507233191
0.6686185664,1,1.389031979,1,0,0
0.5474185824,0.821757115,2.529760398,1,1,0
0.4481884282,0.4563559978,1.234139689,1,1,0
0.3669456493,0.6878588585,3.033561557,3,1,0.03988199897
0.3403116868,0.2194215547,1.469262257,5,1,0
0.2786236436,1,3.685533915,3,0,0.2184544649
0.4465722105,0.4025704747,2.598669488,1,1,0
0.3656224022,1,3.458110799,5,0,0.389842606
0.6891889107,1,4.655964871,3,0,0.1393660547
0.7036262105,1,3.147692004,3,0,0.06584056374
0.641920981,0.02737253594,4.103212875,1,1,0
0.5255604482,1,3.94901697,3,0,0.1624255883
0,1,1.262984705,1,0,0
0,0.08836457716,1.05289195,5,1,0
0,0.7928977651,1.721478531,3,1,0
0,0.1183807008,1.039290649,3,1,0
0,1,1.664915457,5,0,0.1662288643
0.1662288643,0.1097395507,3.349441076,1,1,0
0.1360966833,0.475090668,3.28992252,3,1,0
0.11142654,1,4.870850556,3,0,0.4270729148
0.5183012498,1,3.869038301,1,0,0
0.4243491725,0.606608929,2.374642521,3,1,0
0.3474277176,0.1879697668,1.385669514,1,1,0
0.2844497569,1,2.708736967,1,0,0
0.2328877637,1,1.906961224,3,0,0.02764993434
0.2183223085,0.002785226244,2.241142396,1,1,0
0.178747188,0.1950280278,3.394535379,1,1,0
0.1463458199,1,2.710106057,1,0,0
0.1198178233,1,2.762412931,5,0,0.3878111125
0.4859096492,1,1.177042471,1,0,0
0.3978291731,1,2.07636735,5,0,0.1620392543
0.4877542327,0.3224571111,2.868155453,5,1,0
0,1,3.608622116,3,0,0.2912933175
0.2912933175,1,2.453254183,5,0,0.2574827378
0.495973535,1,2.050748484,3,0,0.02903811007
0.4351068959,1,4.871428334,3,0,0.2715521649
0.6277875614,1,1.52907457,3,0,0
0.513988983,0.05585378506,4.933085275,3,1,0
0.4208185871,0.7085975713,2.258189455,1,1,0
0.3445371187,1,3.731552406,5,0,0.4476078026
0.7296909373,0.2122038634,4.53658774,1,1,0
0.5974204106,0.3477625318,3.709890792,5,1,0.02920322553
0.5183296882,0.4153017169,1.32668506,5,1,0
0.424372456,1,1.746753615,5,0,0.1074629873
0.4549097678,1,1.75812172,1,0,0
0.3724486167,1,2.96599907,5,0,0.308441359
0.6133764955,1,2.07167275,3,0,0.02348773067
0.5256779307,0.6572066635,1.408828529,3,1,0
0.4303886881,0.02065845936,2.631307971,3,1,0
0.3523724547,1,4.026284604,1,0,0
0.2884981652,1,4.076902736,5,0,0.5473054854
0.7835078055,0.3750985644,3.565331768,1,1,0
0,0.8764598626,1.239290486,1,1,0
0,1,4.525712332,1,0,0
0,1,2.840049058,5,0,0.4600122646
0.4600122646,0.7564023412,4.214992284,5,1,0.2954043449
0.6720305326,1,3.106497588,5,0,0.172716723
0.7229287871,0.008855005405,3.323155668,3,1,0
0.5918840303,0.5771347104,1.266603672,3,1,0
0.4845936579,0.4529864691,1.585532239,3,1,0
0.3967517304,0.4506102014,2.37366822,5,1,0.01049638634
0.3353292294,0.7553512779,3.025561494,1,1,0
0.2745443525,0.44464062,2.307018677,1,1,0
0.2247779045,1,1.884308441,1,0,0
0.184032583,0.2652267019,4.025675295,5,1,0.01381363098
0.1644867663,1,1.815645832,5,0,0.1703707217
0.3050410957,0.4598135693,4.803326604,5,1,0.2099878705
0.4597343964,0.1037750027,2.696697955,5,1,0
0.3763986886,0.00734339502,2.987331134,3,1,0
0.3081691818,0.4040066612,3.48230911,1,1,0
0.2523075863,0.2484302395,2.683386093,5,1,0
0.2065719801,1,1.213895144,5,0,0.04242760023
0,0.8158737902,3.985564391,5,1,0.5629293814
0.5629293814,1,4.124396179,5,0,0.3413954427
0.802283039,1,1.38969491,1,0,0
0.6568537967,0.4258488707,2.738943953,5,1,0.01427283941
0.5520592431,0.7038836266,4.314223283,5,1,0.2280814814
0.6800693612,1,3.772183193,1,0,0
0.5567937002,0.2940370622,3.649330506,3,1,0
0.4558641255,0.5574063647,4.0877051,5,1,0.1739211755
0.5471511543,0.6494549573,3.727106214,3,1,0.05121183412
0.4991813107,0.3889941554,4.842416782,5,1,0.1106398414
0.5193349319,0.5837748863,4.557331294,3,1,0.07165194079
0.4968474207,1,3.80419716,1,0,0
0.4067842629,0.2858730733,4.872455941,1,1,0
0.3330467859,1,3.922746037,3,0,0.2257049081
0.4983805539,0.07970608738,4.898438093,3,1,0
0.4080394862,0.02660432348,3.402726109,5,1,0
0.3340744758,0.04235166611,1.941669135,1,1,0
0.2735170472,0.119669419,3.961479261,5,1,0
0.223936818,0.6038925554,3.123046214,3,1,0.02553065789
0.2088746175,0.5990511509,3.263577068,3,1,0.03422205861
0,0.4822293863,3.200875847,1,1,0
0,0.2863472424,2.326823375,1,1,0
0,0.3055550473,3.53527829,3,1,0
0,0.1401252497,1.580518093,5,1,0
0,0.2827461117,4.730195379,1,1,0
0,1,3.057236023,3,0,0.2085854034
0.2085854034,0.08422195643,3.560412774,3,1,0
0.1707752844,0.2383408416,4.660829556,5,1,0.02298321489
0.1628021921,1,2.605046044,5,0,0.3359352573
0.4692264187,1,3.320967508,3,0,0.1317088773
0.5158789764,0.06459926114,2.829436663,5,1,0
0.4223659829,0.456433259,4.999422506,5,1,0.1851176526
0.5309216719,1,4.353824354,5,0,0.3933015802
0.8279834805,0.4466334577,1.724145321,3,1,0
0.6778955385,1,3.172397046,5,0,0.1749346951
0.7299486199,1,3.083552111,5,0,0.1406665308
0.7382979141,0.02093038858,1.501214402,3,1,0
0.6044672072,0.2812309055,2.824251776,5,1,0
0.4948958917,1,4.870927232,1,0,0
0.4051864861,0.5228539126,4.644003608,3,1,0.06793978899
0,0.9259576056,3.39101477,5,1,0.5349839793
0.5349839793,1,3.071945159,3,0,0.0980215519
0.5360293881,1,3.004432167,5,0,0.2324994047
0.6713631493,0.4364995782,4.236334001,1,1,0
0.5496656569,0.2146478565,2.111277982,1,1,0
0.4500281772,1,2.378393443,5,0,0.1895193886
0.557971297,0.6407898364,1.700251227,1,1,0
0.4568282602,1,2.028621705,3,0,0.02949056216
0.4035099077,1,1.086191634,1,0,0
0.3303659706,0.3003784029,1.416071633,5,1,0
0.2704807799,0.3170072903,1.171568811,5,1,0
0.2214509326,1,3.991721737,5,0,0.5823005421
0.7636092309,0.2076058635,4.881425921,5,1,0.0007926562749
0.6259830169,1,3.739346178,1,0,0
0.5125115469,0.04375270758,2.401885142,5,1,0
0.4196089647,1,1.960092494,5,0,0.1393072691
0.4828540328,1,2.913951338,1,0,0
0.3953274459,0.1441181752,3.681052139,1,1,0
0.3236667375,0.1808380032,2.680753105,1,1,0
0.2649959118,0.2823283689,1.88407157,3,1,0
0,0.8839050911,1.150958068,1,1,0
0,1,1.221295486,5,0,0.05532387148
0.05532387148,0.5445897468,3.216904871,3,1,0.01207675038
0.05737210534,0.9145925871,4.157298688,3,1,0.3019568804
0.3489291874,0.4374635811,4.54703599,3,1,0.03149515805
0.3171742144,1,4.60210973,5,0,0.6149033515
0.874583635,1,1.935122449,3,0,0.00505031225
0.7210988303,1,3.904475211,1,0,0
0.5903857884,0.5235113072,2.151694191,1,1,0
0.4833670011,1,3.476801217,5,0,0.3198993101
0.715646739,0.2727751825,4.771850191,5,1,0.02144324339
0.6073652369,1,3.728397485,3,0,0.1214260787
0.6186946766,1,4.726244086,1,0,0
0.5065443585,0.01772857177,2.095559866,3,1,0
0.4147234441,1,3.282760923,5,0,0.3340116128
0.6735584505,0.1982796914,2.96989668,1,1,0
0.5514630174,1,4.302134846,1,0,0
0.4514997315,0.2137789863,4.087887948,5,1,0
0.3696567152,1,3.240440169,5,0,0.3530616038
0.6557109247,1,3.708665042,1,0,0
0,0.03899428948,2.884592211,3,1,0
0,1,4.419660736,5,0,0.8549151839
0.8549151839,0.1272666992,1.380799094,5,1,0
0.6999453523,0.7179503978,4.254410374,1,1,0
0.5730667854,1,4.947274456,3,0,0.2100900644
0.6792774652,1,1.20366638,1,0,0
0.5561453506,0.3487113122,4.581234427,5,1,0.06630392504
0.5216372268,1,2.323239738,3,0,0.0471120173
0.4741924568,0.1281734423,3.399338914,3,1,0
0.3882359473,1,4.138741056,1,0,0
0.3178607095,0.644021775,2.406152815,1,1,0
0.260242338,0.2544820183,3.758519384,3,1,0
0.2130684054,0.7529800396,2.192273109,3,1,0
0.174445656,0.5524916602,2.385073496,3,1,0
0.1428240233,1,3.807071904,5,0,0.6015386503
0.7184730705,1,1.666045084,1,0,0
0.5882359981,0.8590189866,2.087315935,1,1,0
0.4816069017,0.2746368682,4.001205972,3,1,0
0.3943063813,1,3.002712901,3,0,0.1213852018
0.4442159623,1,4.360316955,3,0,0.224563175
0,1,1.720430321,5,0,0.1801075802
0.1801075802,0.2759941851,4.368094491,5,1,0.0421360505
0.1895956652,0.4414598146,3.860071179,5,1,0.1426445968
0.2978723986,0.2369735102,2.626155295,1,1,0
0.2438772932,0.4647208578,4.598631106,1,1,0
0.19966984,0.09862275574,3.363998474,3,1,0
0.1634758384,1,1.659888321,3,0,0
0.1338426963,0.5776680408,1.961794335,5,1,0.02885730597
0.1384384375,0.2214380526,3.854698086,1,1,0
0.1133438062,1,2.952686366,1,0,0
0.09279805981,0.259809597,4.371008992,5,1,0.03076096896
0.1067375944,0.2490536099,1.865039167,5,1,0
0.08738935101,1,4.959462841,5,0,0.9033619883
0.9749103375,1,2.53648386,1,0,0
0.7981890748,0.6925702607,3.446716054,3,1,0.02180848683
0.6753104292,1,1.188015384,3,0,0
0.5528974162,0.06622843275,4.669038387,3,1,0
0.452674118,0.1805056113,4.845849423,5,1,0
0.3706182215,0.3908298316,1.558092166,3,1,0
0.3034365356,0.372805309,4.725022442,5,1,0.132610612
0,0.9088734141,3.696582206,1,1,0
0,1,2.494087579,3,0,0.1241131369
0.1241131369,1,2.496293288,1,0,0
0.101615242,0.4545286669,4.821737288,5,1,0.2676328221
0.3508283457,0.6629695104,4.286576833,3,1,0.1144362789
0.4016702345,0.5377699008,2.002188566,1,1,0
0.3288597736,0.2920861066,2.390087835,5,1,0
0.2692476101,1,2.82471704,5,0,0.3333540845
0.5537953831,0.03940267418,3.997263189,1,1,0
0.453409311,1,3.455826464,1,0,0
0.3712201467,1,3.203635026,5,0,0.3464003271
0.6503296774,0.272296022,4.473232718,3,1,0
0.5324449065,1,3.2904927,5,0,0.2677328821
0.7036619014,0.7897188467,1.052324145,1,1,0
0.5761096385,1,1.237056754,1,0,0
0.4716786781,0.3748649478,1.973881161,5,1,0
0.3861778394,0.6104068093,2.033178415,3,1,0
0.3161756732,0.111610019,2.70297319,3,1,0
0.2588627471,1,4.924754543,1,0,0
0.2119388918,0.3454301509,2.269318838,3,1,0
0,0.5081890184,3.875207181,3,1,0.04540066005
0.04540066005,1,1.491573428,1,0,0
0.03717091659,1,3.833269231,3,0,0.3129101942
0.3433431667,0.6900747879,2.355161441,5,1,0.1026416244
0.3837472339,1,2.640746314,3,0,0.09004189159
0.4042275534,0.5867449798,1.870052431,3,1,0
0.3309535292,0.4420193296,3.895084832,5,1,0.1207131755
0.3916750077,0.6508834476,4.236505709,5,1,0.2672784503
0.5879548243,0.00907148943,4.659100834,5,1,0
0.4813766961,0.09548029577,4.143793162,1,1,0
0.3941179049,1,4.872190927,3,0,0.2913254632
0.6140019123,1,3.248183566,3,0,0.09156937484
0.5942716229,0.3446459306,3.772992119,5,1,0.03046476234
0.5170132157,0.3288279593,4.821868171,5,1,0.07070504762
0.493999667,1,3.500362817,5,0,0.3162961045
0.7207488239,1,4.082497733,3,0,0.10119355
0.6912927774,1,4.657977929,3,0,0.1385159088
0.704498565,0.2329851129,3.999282236,5,1,0
0.5767946407,0.01961548177,2.230857258,5,1,0
0.4722395105,1,2.278403569,5,0,0.1686727233
0,1,4.380663893,5,0,0.8451659733
0.8451659733,0.3133030769,4.028377159,3,1,0
0.6919633738,1,3.707838546,1,0,0
0.5665316941,1,1.442178433,3,0,0
0.4638369206,0.07068835219,3.355857216,5,1,0
0.3797575513,0.2668014916,4.187263321,5,1,0.01816815729
0.3290873432,0.239958329,2.736383221,3,1,0
0.2694339284,1,2.626276753,1,0,0
0.2205938431,1,2.004157607,1,0,0
0.1806069633,1,4.979463323,3,0,0.4071723769
0.5550408519,0.1756851934,1.165433798,5,1,0
0.4544290147,1,4.452210764,5,0,0.4708565071
0.8429115165,1,3.698907955,5,0,0.1059918395
0.7961094201,1,2.358029799,3,0,0.02114436449
0.6729436296,0.5781570574,2.677800889,3,1,0
0.5509596446,1,2.360764462,3,0,0.04675168808
0.4978392928,1,4.12834097,5,0,0.3927324784
0.8003288175,1,1.447723684,5,0,0.02234937934
0.6776031948,0.009827018587,3.5704476,5,1,0
0.554774574,1,2.991528774,5,0,0.2216698117
0,0.3141576071,4.501411965,3,1,0
0,1,3.017976501,5,0,0.5044941252
0.5044941252,0.221523706,2.5626332,1,1,0
0.413044855,0.2996382273,1.096204369,5,1,0
0.3381725252,1,4.583682073,1,0,0
0.2768722462,0.6835499018,3.911734596,5,1,0.3026047038
0.5292885265,1,2.801449804,5,0,0.211990773
0.6453355669,0.9072881681,1.921469856,1,1,0
0.5283560746,0.7285289294,3.55509225,3,1,0.0653218029
0.4979031698,0.2130538588,2.484666935,5,1,0
0.4076486372,1,2.633920671,5,0,0.2419637841
0.5757182598,0.2373698549,4.510150377,1,1,0
0.4713582444,1,1.092042426,3,0,0
0.3859154904,1,2.070476385,3,0,0.03719599391
0.353156874,0.07405250087,2.920181865,3,1,0
0.2891403934,1,4.687912943,5,0,0.6553970859
0.8921252179,1,2.698264999,3,0,0.0166925168
0.7471028683,1,1.308458597,5,0,0.01950207361
0.6311781676,1,3.196250644,3,0,0.08462159479
0.6013865713,1,1.276351414,3,0,0
0,1,4.971546753,5,0,0.9928866883
0.9928866883,1,4.820186724,3,0,0.003364795686
0.8162716617,1,3.573676448,5,0,0.1182143243
0.7865210366,1,3.554436711,5,0,0.1363296253
0.7802785859,1,3.551361196,5,0,0.1401471725
0.7789852467,1,4.144753998,1,0,0
0.6377791777,1,1.617558399,5,0,0.05592312777
0.5780925542,1,1.911482855,5,0,0.0961403508
0.5694425031,0.9444465164,1.085434732,1,1,0
0.4662200894,0.2926678377,1.558983115,3,1,0
0.3817087249,1,2.879974792,3,0,0.1125266742
0.425043346,1,4.380616348,1,0,0
0.3479960587,1,3.77891242,5,0,0.4529654626
0.7378805378,0.6685900424,4.294287771,3,1,0.04735652204
0.6514820104,0.3707943457,2.177064657,5,1,0
0.533388357,1,1.970125018,5,0,0.1131679071
0.5498693583,1,1.391240646,3,0,0
0.4501949538,0.1693515174,1.170463732,5,1,0
0.3685884536,0.1403638477,1.669743278,1,1,0
0.3017747022,1,4.039492964,3,0,0.2485151022
0,1,4.408270005,3,0,0.4112405007
0.4112405007,1,3.861064913,1,0,0
0.3366952449,1,4.836863975,3,0,0.3154210424
0.5910837938,1,1.529457501,5,0,0.05412593813
0.5380644177,1,1.957794727,5,0,0.1106098663
0.5511397522,1,4.678485742,3,0,0.2027828785
0.6540179428,1,2.565851517,1,0,0
0.5354646029,0.07432234589,4.789426627,5,1,0
0.4384013376,1,1.181247749,1,0,0
0.3589326572,1,3.212457528,3,0,0.148643406
0.4425126108,0.4923977605,4.274111421,3,1,0.0366182435
0.3989169265,0.4407731596,2.450866235,5,1,0.01206314432
0.3386687,0.2214427976,1.537867442,5,1,0
0.2772784798,0.5101261031,3.235514914,1,1,0
0.2270164186,0.3966764006,4.409876997,3,1,0.00958045134
0.1954457747,1,3.24830945,5,0,0.4522217169
0.6122391831,0.003327820509,3.949297691,5,1,0
0.5012590475,0.1240353191,4.501485063,3,1,0
0.4103961974,1,2.366521732,3,0,0.06189558115
0.3978995689,1,2.476688689,5,0,0.222278724
0,0.09767991542,4.160625148,3,1,0
0,0.3563223558,3.679970673,1,1,0
0,1,3.158468387,3,0,0.223770258
0.223770258,0.3662721243,3.737816903,1,1,0
0.1832075919,1,3.131758297,1,0,0
0.1499976896,1,4.991446484,3,0,0.4239105789
0.5467183003,0.7372935489,1.967426439,1,1,0
0.4476150857,0.886503331,1.925444298,1,1,0
0.3664762362,1,3.399677962,1,0,0
0.3000453649,0.207535133,1.34589281,1,1,0
0.2456563675,1,4.472173476,5,0,0.6548029881
0.8559294109,0.655453101,2.823962612,1,1,0
0.7007757312,1,1.732387815,1,0,0
0.5737466421,1,3.070823713,3,0,0.08977899837
0.5595230188,1,3.327393773,1,0,0
0.4580987025,1,1.775307472,1,0,0
0.3750594957,1,4.133639515,1,0,0
0.3070727434,1,3.247869357,1,0,0
0.2514098984,0.2434649554,2.02584025,5,1,0
0.2058370155,0.3074009428,1.975122825,1,1,0
0,0.291813136,1.088704981,5,1,0
0,1,1.327444297,3,0,0
0,1,4.980027455,3,0,0.4970041183
0.4970041183,0.2129483994,4.538138075,5,1,0
0.4069125561,0.3371035826,2.765770367,1,1,0
0.3331518235,0.4378027904,2.682800535,3,1,0
0.2727616433,0.6202096763,3.787481191,3,1,0.07443638927
0.2977547349,0.286926267,3.372566089,3,1,0
0.2437809583,0.349251006,1.759994953,3,1,0
0.1995909676,1,3.053512435,5,0,0.4109124752
0.5743237384,1,1.219654739,5,0,0.02337545204
0.4935919589,1,3.304436265,5,0,0.2917462637
0.6958651799,0.8098422525,2.510466148,1,1,0
0.5697262228,1,4.582597609,5,0,0.3853744513
0.8518268308,1,4.787205149,3,0,0.06935701149
0.7667738342,0.4539246151,3.648837819,3,1,0
0.6277813187,0.3335004473,1.797669041,3,1,0
0.5139838718,1,2.681795751,1,0,0
0.4208144024,0.02067776141,1.165145764,5,1,0
0.3445336926,0.2226140251,4.537306569,5,1,0.001649821566
0,0.1777896741,3.399030885,3,1,0
0,0.1715554276,4.75590565,3,1,0
0,1,2.521471502,1,0,0
0,1,1.237130171,1,0,0
0,0.3323517503,3.340808008,5,1,0.02758084721
0.02758084721,0.3691868143,1.092417891,5,1,0
0.02258128781,1,4.821682191,3,0,0.4625656817
0.4810536764,0.1802725676,3.187685068,5,1,0
0.3938534388,0.005110833235,3.633699626,5,1,0
0.3224599225,0.5310504521,1.496260152,3,1,0
0.2640078552,0.3542393447,3.207967789,1,1,0
0.2161513501,0.4447333365,1.042648766,5,1,0
0.1769697577,1,2.258817777,5,0,0.259011275
0.4039018579,1,4.176574354,1,0,0
0.3306868723,0.4925353233,1.177097362,3,1,0
0.270743512,0.1538495622,4.655345813,1,1,0
0.2216660395,1,3.260556836,3,0,0.1860868273
0.3675716307,0.3073188704,2.228378667,5,1,0
0.300942198,1,4.412534989,3,0,0.2879281011
0.5343187336,0.1569935284,4.143873693,5,1,0
0,0.6496898971,3.090117432,5,1,0.2519045191
0.2519045191,0.8180766567,1.814342281,5,1,0.0905702493
0.2968122259,1,2.045999537,5,0,0.1838835215
0.4268928187,1,3.090438588,5,0,0.2995113416
0.6490216206,0.7764652923,3.945743283,5,1,0.1810813907
0.7124553509,1,2.62577965,1,0,0
0.5833091059,0.5320764432,4.181953126,3,1,0.03490528435
0.5124783879,1,1.904789046,1,0,0
0.4195818165,0.64325888,1.727344893,3,1,0
0.3435245366,0.4978031788,4.160317713,1,1,0
0.2812541025,1,1.014042784,3,0,0
0.2302713832,0.6009212105,1.810771577,1,1,0
0.188530263,0.6713493943,1.082941413,3,1,0
0.1543555242,1,3.459260888,5,0,0.5199150961
0.6462907106,1,1.986230758,5,0,0.0872097451
0.6163478253,1,4.259848047,1,0,0
0.5046229192,0.1465485939,4.180648523,3,1,0
0.4131503026,1,2.828704332,3,0,0.1022912179
0.4405500763,0.2254462904,2.28772784,5,1,0
0.3606918957,0.0401725337,1.749066105,5,1,0
0,0.3613314484,1.991708913,1,1,0
0,1,3.317403516,5,0,0.5793508789
0.5793508789,0.3179335254,2.972067417,3,1,0
0.4743323814,0.1247807264,1.408730029,5,1,0
0.3883505078,0.07089300013,2.949718794,3,1,0
0.3179545037,0.7374840216,1.857438118,3,1,0
0.2603191303,0.5535777382,2.392225435,1,1,0
0.2131312776,0.5802517145,3.443490894,3,1,0.03911817469
0.2136153061,0.7424704651,3.99945136,3,1,0.1536762223
0.3285696427,0.3797681647,2.386136703,5,1,0
0.269010071,0.1863896917,4.301128758,1,1,0
0.220246818,1,1.651907565,5,0,0.1270817495
0.3074045927,1,3.269763761,1,0,0
0.2516815937,0.1403505999,2.678739293,1,1,0
0.2060594607,0.05334543725,1.656017556,5,1,0
0.1687072175,1,2.608482515,3,0,0.1174387075
0.2555644948,1,4.047338602,5,0,0.5671367629
0.7763752741,0.655601483,1.497842435,3,1,0
0.6356423129,1,1.533441073,3,0,0
0.5204199095,0.05384363847,2.273884976,3,1,0
0,0.2515434169,4.53306695,1,1,0
0,0.7745043939,2.940105806,5,1,0.3192812163
0.3192812163,0.03754265392,2.868585133,5,1,0
0.2614053507,0.9449396785,3.555390837,1,1,0
0.2140205996,0.705806742,4.705896491,5,1,0.4561536517
0.6313788984,0.1839957113,1.812705732,1,1,0
0.516929321,1,4.553371547,5,0,0.4291324015
0.8523583337,0.6679391313,1.653277191,5,1,0.003849333123
0.7017013136,0.4404671271,4.049660767,3,1,0.005238532592
0.5797429775,0.7194895682,1.197091831,1,1,0
0.4746534046,0.7320962641,1.858728625,3,1,0
0.3886133394,1,1.77527665,1,0,0
0.318169692,1,1.363776771,3,0,0
0.2604953115,0.132793217,4.365763858,1,1,0
0.2132755226,1,3.897956948,3,0,0.2633116021
0.4379268313,0.338879299,4.028162409,1,1,0
0.3585441644,0.365683774,1.052630932,5,1,0
0.2935511337,1,4.451976095,3,0,0.2951518032
0.535491144,0.3394222824,4.281419489,1,1,0
0.4384230676,1,2.124644989,3,0,0.03857850923
0,1,3.581151332,3,0,0.2871726998
0.2871726998,0.476805608,1.467895877,1,1,0
0.2351171208,0.5532493299,2.020183332,5,1,0.02250000027
0.2149976176,0.569735566,4.491330615,1,1,0
0.1760251614,0.3379588803,3.554401678,3,1,0
0.1441172129,1,1.99970581,3,0,0.04275637053
0.1607495648,1,4.242269972,5,0,0.6802691213
0.8118797335,1,2.443077804,1,0,0
0.6647109056,0.1211344623,2.604066152,5,1,0
0.5442192604,0.1213193241,2.849869534,5,1,0
0.4455690449,0.1734150203,2.391725285,5,1,0
0.3648010797,1,2.157854316,3,0,0.04680027965
0.3454741423,1,4.055000794,5,0,0.4998942537
0.7827445584,0.3806092547,1.104767203,5,1,0
0.6408570418,1,4.910172714,1,0,0
0.5246893684,1,4.324982443,3,0,0.1895288626
0.6191081844,1,4.916750203,5,0,0.3729645241
0.8798474341,1,2.533405627,3,0,0.01562113651
0.7359792888,1,4.300714129,3,0,0.1043164627
0.70688534,1,2.938552008,5,0,0.1420545031
0,1,4.278041029,1,0,0
0,1,1.238755877,3,0,0
0,1,1.443874735,3,0,0
0,0.321274039,3.941809904,1,1,0
0,1,2.116276181,1,0,0
0,0.2174174544,3.514783381,5,1,0
0,0.07764959073,2.030109505,5,1,0
0,1,3.494845207,1,0,0
0,1,2.364181124,3,0,0.1046271686
0.1046271686,0.4283453709,4.952798373,5,1,0.2510420057
0.3367034863,0.5210726975,2.607263206,5,1,0.05946016663
0.3351296655,0.3341311774,4.115329938,1,1,0
0.2743809634,0.4989219692,4.977163484,3,1,0.08887558359
0.3135197164,0.3087634724,4.089626879,5,1,0.04508929433
0.3017775279,0.1930757873,1.865908934,5,1,0
0.2470745426,1,2.092133596,5,0,0.2055737968
0.4078613231,0.2738392645,3.987073366,1,1,0
0.3339286082,1,3.793389699,5,0,0.4651492411
0.738546862,0.4269449608,3.305875986,1,1,0
0.6046710285,1,2.470791584,3,0,0.0476840815
0,1,3.843744203,5,0,0.7109360508
0.7109360508,1,4.259188635,1,0,0
0.5820652082,0.5204677259,2.327255378,5,1,0.02207336332
0.4986280496,0.1857792823,3.762184785,3,1,0
0.4082421186,0.1581431514,3.005608904,3,1,0
0.3342403772,0.5917633459,2.253148916,5,1,0.05547957048
0.3291324462,0.7511150587,2.74181883,3,1,0.03952296222
0.3089938177,0.06850745756,4.325904592,1,1,0
0.2529827411,0.3969821249,4.987784783,5,1,0.1830306954
0.3901554456,0.3502645214,4.121326023,3,1,0
0.3194322618,1,1.141208233,1,0,0
0.2615290162,1,4.550678439,3,0,0.3194638516
0.5335857,1,1.338324242,5,0,0.03944981609
0.4763128381,0.5760267867,3.300122107,3,1,0.01840436209
0.4083763307,0.2485165215,1.948163441,5,1,0
0.3343502608,1,2.957281971,5,0,0.3257160585
0.5994588992,0.3458151549,1.383448184,3,1,0
0.490795436,0.6520241081,4.480980979,1,1,0
0.4018293169,1,3.778474448,3,0,0.1894832255
0.5184732447,0.6935267164,1.906685853,1,1,0
0,0.9634670532,3.498300414,5,1,0.5926242978
0.5926242978,1,2.720929094,3,0,0.06442213447
0.5496218721,0.1547374569,3.551066701,5,1,0
0.4499923293,0.4439026902,2.491068096,3,1,0
0.3684225586,0.1719733323,3.900228089,5,1,0
0.3016388789,0.06815196554,1.299978287,5,1,0
0.2469610264,0.1024306913,4.839034544,3,1,0
0.2021945872,0.1929184016,4.209145311,5,1,0
0.1655429266,0.09754885471,1.503589461,5,1,0
0.135535085,1,1.812857809,3,0,0.018956567
0.1299233092,0.09528801405,3.393243993,5,1,0
0.1063722088,1,3.189495977,5,0,0.4891486133
0.5762388119,0.6036591208,1.226348994,3,1,0
0.4717844365,1,2.110704955,5,0,0.146672911
0.5329373379,0.3185117895,3.961837332,1,1,0
0.436332188,0.06224964522,4.500656462,5,1,0
0.3572385809,0.1597480364,4.848301555,3,1,0
0.2924822124,0.7150954144,2.877514749,1,1,0
0.239464182,1,3.383430564,5,0,0.4531710784
0.6492277684,1,4.049512536,5,0,0.2674210794
0,0.9102239778,3.273293061,1,1,0
0,0.194852432,2.632799069,3,1,0
0,0.4741178246,1.935217198,3,1,0
0,1,3.618736951,5,0,0.6546842377
0.6546842377,0.3118074321,1.71858535,1,1,0
0.5360101189,1,2.662687426,1,0,0
0.4388479683,0.2597121008,3.311852422,3,1,0
0.3592983276,1,3.656181495,1,0,0
0.2941685903,0.03419505868,3.434372146,5,1,0
0.2408448715,1,2.633452013,1,0,0
0.197187103,0.1423772679,1.364027851,5,1,0
0.1614431454,0.08595282014,2.601308675,3,1,0
0.132178468,1,2.610578698,5,0,0.3494237183
0.4576422949,1,1.627252084,3,0,0
0.3746858208,0.1845498778,4.253852027,3,1,0
0.3067668042,0.5790801167,2.485638123,1,1,0
0.2511594166,1,4.739039657,3,0,0.3451076374
0.5507395757,0.3769030452,2.278053302,3,1,0
0.4509074276,1,3.560182182,3,0,0.1559572958
0.5251290735,1,1.758455877,3,0,0.006538204128
0,0.6777751382,3.53645122,5,1,0.3492296786
0.3492296786,1,1.712340685,5,0,0.1158925442
0.4018176219,0.7567496778,4.619772853,1,1,0
0.3289804442,0.5174237094,2.626298941,5,1,0.06020879645
0.3295552033,1,1.790159575,5,0,0.1324395939
0.4022565737,1,4.49552398,1,0,0
0.3293398275,0.2528472919,2.322899862,1,1,0
0.269640645,1,3.239789643,1,0,0
0.2207630883,0.3926266184,2.023582135,5,1,0
0.1807455296,1,4.249723784,5,0,0.6655876845
0.813569608,1,4.095451861,5,0,0.144271576
0.8103660338,0.2078451069,3.357656561,5,1,0
0.6634715931,1,1.540973184,3,0,0
0.5432045971,1,4.866724411,3,0,0.21926575
0.6640040589,0.00590527983,3.440852233,3,1,0
0.5436405432,0.2600750656,1.142207992,5,1,0
0.4450952313,1,2.817314906,1,0,0
0.3644131539,0.2719928791,4.750970852,3,1,0
0.2983562559,1,2.698039232,1,0,0
0.2442734421,1,2.790440506,5,0,0.3382708601
0,1,2.329341176,1,0,0
0,0.7271528676,1.906943662,1,1,0
0,1,2.095141577,1,0,0
0,0.06761996987,1.396831049,3,1,0
0,1,3.604884501,1,0,0
0,0.4429560319,4.355856676,1,1,0
0,0.7021288311,3.084618177,5,1,0.2914498387
0.2914498387,1,3.180285126,5,0,0.3862103445
0.6248292904,1,4.550059027,3,0,0.1622646537
0.6738316092,1,1.1667985,5,0,0.01360109962
0.5652877604,1,3.069612761,5,0,0.2249214995
0.6877399734,1,3.136732001,1,0,0
0.5630738663,0.8719531309,2.643086429,1,1,0
0.4610058906,0.3913152289,2.764912467,5,1,0.01104295916
0.3884826591,0.4731145906,2.059986779,5,1,0
0.3180627001,1,3.84951249,5,0,0.4857972135
0.7462049274,1,2.320912796,1,0,0
0.6109409222,0.7847561635,4.999674978,1,1,0
0.5001961213,1,2.90833557,3,0,0.09308864008
0.5026145872,1,2.390083628,3,0,0.05397255662
0,1,2.405465593,3,0,0.1108198389
0.1108198389,1,1.645681214,3,0,0
0.09073161015,1,4.882139977,3,0,0.4385592359
0.5128439954,1,4.526275609,1,0,0
0.4198811506,1,4.978453476,1,0,0
0.3437696106,1,4.646468426,1,0,0
0.2814547522,0.7691299567,1.714175472,3,1,0
0.2304356612,1,1.651791899,5,0,0.1253989504
0.3140637129,1,2.339072484,3,0,0.06918413248
0.3263177526,0.1931304606,2.519031715,5,1,0
0.2671663794,1,1.107172458,3,0,0
0.218737331,1,3.880423498,3,0,0.2594288355
0.4385158153,0.3246737482,3.758375575,5,1,0.03091614531
0.389942529,1,2.830176779,3,0,0.1064712055
0.4257291459,1,1.366132341,1,0,0
0.3485575442,0.3927794914,4.10781256,1,1,0
0.2853747807,0.442301691,2.45707734,5,1,0.01550191155
0.2491470206,1,3.652188781,5,0,0.4978509619
0.7018352898,0.07317371935,1.419689598,3,1,0
0.5746141353,0.1376453622,4.828960131,5,1,0
0,0.3623893966,2.559841922,3,1,0
0,1,2.557620602,3,0,0.1336430903
0.1336430903,0.318228742,3.937914976,3,1,0
0.109417708,1,2.262888174,3,0,0.07964764749
0.16923129,1,1.452222946,5,0,0.09392316839
0.2324780299,1,2.805477048,1,0,0
0.1903369125,1,4.644239151,1,0,0
0.1558346837,0.6307939544,3.688458338,1,1,0
0.1275866479,0.4113037932,2.019295245,5,1,0
0.1044591123,0.942986672,1.231381359,1,1,0
0.08552388771,1,3.930688631,5,0,0.6700111863
0.7400322233,1,2.625702865,1,0,0
0.6058871395,1,1.083269158,3,0,0
0.496058434,0.1139969935,1.437870247,5,1,0
0.4061382952,0.9012126349,2.389127886,1,1,0
0.3325179123,0.3225214626,3.967320594,1,1,0
0.2722426408,0.2053848788,4.069394107,1,1,0
0.2228934223,0.03433023169,4.025982539,5,1,0
0.1824896995,1,1.703133354,5,0,0.1437046899
0.293114619,1,1.153727956,5,0,0.02716701125
0,0.5606434833,2.444897821,3,1,0
0,0.900121401,1.109989452,1,1,0
0,0.3160527071,2.682068043,5,1,0
0,1,2.535917675,5,0,0.3839794187
0.3839794187,0.7083895148,4.849794807,1,1,0
0.3143757586,1,1.235262452,3,0,0
0.2573891016,1,4.13391061,5,0,0.5818190433
0.7925514163,0.8616602851,4.927210416,3,1,0.08024883544
0.7291350534,0.6154613599,3.248908617,3,1,0.01352609001
0.6104913814,0.4178265577,4.906004484,1,1,0
0.4998280684,1,1.758931361,3,0,0.006922231565
0.4161468424,0.5440486252,3.604301934,3,1,0.02576971759
0.3664819353,1,4.571091851,5,0,0.5655877996
0.8656378305,1,3.054059925,3,0,0.02796197524
0.7366862881,1,4.910185793,3,0,0.1281094591
0.7312571785,1,4.827711725,5,0,0.2571675122
0.8558702527,0.1946996587,3.244942604,5,1,0
0.7007272965,0.6500058241,1.80627655,1,1,0
0.5737069872,0.1139838109,4.125321016,1,1,0
0.4697115536,0.3828580139,3.082889414,5,1,0.023903934
0,0.5617275419,4.085151381,3,1,0.09421130654
0.09421130654,1,3.078251041,5,0,0.4706140737
0.5477477676,0.7844700381,2.945479054,5,1,0.1481849739
0.5966429162,0.7145318847,1.629678904,3,1,0
0.4884899041,1,1.451120983,3,0,0
0.399941707,1,2.742543742,3,0,0.09683834419
0.4242829192,0.06088665618,1.546719112,1,1,0
0.3473734739,0.5065666799,3.823738829,3,1,0.02646191887
0.3108672648,0.09937697433,4.353426863,3,1,0
0.2545165898,1,1.920634022,3,0,0.02839926748
0.2367798267,1,2.464644019,1,0,0
0.1938589258,1,3.596174809,3,0,0.233318365
0.3920366293,1,4.173943094,3,0,0.2286498342
0.549622279,1,3.581903272,3,0,0.1293869846
0.579379647,0.6776445266,2.607055118,1,1,0
0.4743559347,0.08554387319,4.264612198,1,1,0
0.3883697917,0.620416459,4.424494823,1,1,0
0.317970292,0.1012560658,4.008587707,5,1,0
0.2603320566,0.3104008194,4.999462376,5,1,0.102044075
0.3151859358,0.1879683978,3.148387769,3,1,0
0,0.01411219378,3.953983719,5,1,0
0,0.2634108003,1.602556219,5,1,0
0,0.85907611,1.029483949,1,1,0
0,1,2.706433355,1,0,0
0,1,1.637734504,5,0,0.159433626
0.159433626,0.6425678953,4.366246181,3,1,0.1436035721
0.2741367848,1,4.721274301,1,0,0
0.2244442163,0.1313072126,3.719186961,3,1,0
0.1837593822,1,4.85942666,1,0,0
0.1504494574,0.05295717122,4.19161244,3,1,0
0.1231775976,1,4.572441179,1,0,0
0.1008492872,1,3.659429903,5,0,0.5978070732
0.6803754861,0.4409142775,3.965890617,3,1,0.003929038489
0.5609733726,0.1378211324,3.329647058,5,1,0
0.4592861518,0.4718358331,1.975724817,3,1,0
0.3760316969,1,4.971280431,1,0,0
0.3078687144,0.06077882632,4.7507469,3,1,0
0.2520615844,0.1884331607,3.399298333,1,1,0
0.2063705708,0.0950324777,1.21439891,1,1,0
0.1689619329,1,1.862702265,3,0,0.02443695665
0,1,2.64020872,3,0,0.146031308
0.146031308,1,3.577158643,3,0,0.2447250501
0.3642853729,0.3224351101,2.567901895,5,1,0
0.2982516377,1,4.151872322,1,0,0
0.2441877879,0.73376725,2.436101086,1,1,0
0.1999240515,0.284497362,2.21655346,5,1,0
0.1636839692,1,4.53950313,1,0,0
0.1340130994,1,3.914401939,5,0,0.6309584755
0.7406791213,0.5284086968,2.643362106,5,1,0.02572304451
0.6321398193,1,2.088112321,5,0,0.1000682988
0.617620609,1,4.362869967,1,0,0
0.5056649863,1,3.931026727,5,0,0.3622272843
0.7762307593,1,1.477907181,1,0,0
0.6355239941,0.04104680409,4.867203849,3,1,0
0.5203230383,0.01726776761,2.729814097,3,1,0
0.426004473,0.06403520944,1.555034954,5,1,0
0.348782963,1,2.293274373,3,0,0.06120864204
0.34676798,1,1.337725255,5,0,0.05515323757
0.339062847,0.04506090203,1.397548259,5,1,0
0.27760118,1,3.322400242,5,0,0.4194247985
0,0.9189667086,4.098265697,3,1,0.3149254608
0.3149254608,0.09792976132,2.810419105,3,1,0
0.2578391596,0.6922341393,2.454641764,1,1,0
0.2111008493,1,2.224231688,1,0,0
0.1728347574,0.7366406013,3.825405122,5,1,0.3759360004
0.5174411315,1,3.359472492,5,0,0.284646094
0.7082910613,0.02593139089,4.607364679,1,1,0
0.579899674,0.6430010786,4.815223436,1,1,0
0.4747816968,1,3.808729902,1,0,0
0.3887183762,1,2.761319822,5,0,0.2691656103
0.5874212991,1,1.177059422,1,0,0
0.4809398826,1,3.727812526,1,0,0
0.3937602723,1,2.805007846,1,0,0
0.3223836442,0.2229050846,2.008733069,1,1,0
0.2639454038,0.7257510643,2.612749348,1,1,0
0.2161002193,1,1.397372289,3,0,0
0.1769278952,0.3674570741,3.456897327,5,1,0.0556111501
0.200467459,1,2.569154468,3,0,0.1082352547
0.2723641284,0.5727028693,1.336617248,1,1,0
0.222992888,0.3049597855,4.969387849,1,1,0
0,0.05705625863,1.910542823,1,1,0
0,0.9015395683,3.385930096,1,1,0
0,1,4.058145601,3,0,0.3587218401
0.3587218401,1,2.836943708,5,0,0.2944979702
0.5881945725,0.08407870883,3.276688995,1,1,0
0.4815729853,1,4.174544183,5,0,0.4114423659
0.8057209788,0.1605741086,2.42270988,3,1,0
0.6596685438,1,3.312436377,3,0,0.08401608033
0.624107004,1,3.002653875,3,0,0.07532823518
0.5863038325,0.5910853094,1.890717728,3,1,0
0.4800249783,1,2.15322245,3,0,0.03794952806
0.4309607401,1,2.887460782,1,0,0
0.3528408113,1,2.903829034,1,0,0
0.2888816231,1,4.144892239,5,0,0.5590976661
0.795613935,0.1298118664,4.768309207,1,1,0
0.6513935962,1,4.892141635,5,0,0.3392063746
0.8725223441,0.5901619972,1.132697892,1,1,0
0.7143608759,0.1068033497,3.307060433,1,1,0
0.5848692179,0.757689159,3.74880788,1,1,0
0.4788504152,0.3400339853,1.862552589,1,1,0
0,0.979696316,2.584406062,5,1,0.3829832746
0.3829832746,0.1834050944,1.697473302,5,1,0
0.3135601848,0.6614006731,2.85789255,1,1,0
0.2567213662,1,2.923669892,1,0,0
0.2101856775,1,4.951586176,1,0,0
0.172085478,0.2178674579,2.622199216,3,1,0
0.140891673,1,4.389741555,1,0,0
0.1153523456,1,3.094958353,3,0,0.1895302335
0.2839727463,0.2805929031,3.599630517,3,1,0
0.2324972204,1,4.911732756,1,0,0
0.1903526244,0.7293539275,4.749632669,3,1,0.2183007576
0.3741483051,0.00690268754,4.313568385,5,1,0
0.3063267236,1,2.703936098,5,0,0.295493734
0.5462928431,0.5994487807,4.76411752,1,1,0
0.4472667508,0.4765058923,3.598888745,1,1,0
0.3661910437,1,1.370049746,5,0,0.05863521077
0.3584470798,1,2.864062112,3,0,0.1152288817
0.4087005293,1,4.785453272,5,0,0.559584129
0.8941998211,0.5042582909,3.492368713,1,1,0
0.7321088929,1,1.509087485,3,0,0
0,1,4.081129212,5,0,0.770282303
0.770282303,0.4701712923,1.102425915,3,1,0
0.63065381,1,3.152090453,3,0,0.08229534239
0.5986310112,0.7850601185,3.636053534,5,1,0.1860867663
0.676204385,1,1.964185534,1,0,0
0.5536293253,1,3.6340456,5,0,0.2939401779
0.7472135323,0.5586154909,3.899049939,5,1,0.07445001928
0.6862167173,0.695998758,2.536876403,3,1,0.004659500946
0.5664862307,1,3.443475912,1,0,0
0.4637996983,0.5373335177,3.624627608,3,1,0.02259820752
0.4023252838,1,3.579947557,5,0,0.385492356
0.7148884386,0.3647718704,1.177442072,3,1,0
0.5853011497,1,2.207963458,3,0,0.03367127353
0.5128753246,0.4109183142,2.184881502,1,1,0
0.4199068007,1,2.129284977,5,0,0.1637726338
0.507563245,1,2.112313055,1,0,0
0.4155576378,0.4550000912,4.517721515,3,1,0.03409318526
0.374323003,1,1.170013193,3,0,0
0.3064697542,1,2.761929089,3,0,0.1139396426
0.3648558552,0.04945663503,3.546353487,5,1,0
0,1,3.720356074,5,0,0.6800890185
0.6800890185,1,1.097736912,5,0,0.007816777889
0.5646265721,1,3.224295069,3,0,0.1017225025
0.5639996411,0.8326210402,3.74994447,3,1,0.09519736468
0.5569612156,1,3.056024613,5,0,0.2277246614
0.6837259368,1,2.813591743,1,0,0
0.5597874512,1,1.405712371,1,0,0
0.4583152015,0.6728791897,4.278281132,1,1,0
0.37523675,0.2928973536,3.857149317,5,1,0.02026557478
0.3274834417,1,4.219101049,1,0,0
0.2681207649,1,4.277405892,1,0,0
0.2195187157,0.8516118683,1.019484618,1,1,0
0.1797267234,1,4.138524049,5,0,0.6436118513
0.790759647,1,2.917940939,5,0,0.1003276598
0.7477469011,0.5410006935,2.049464628,3,1,0
0.6122033834,1,3.292913549,5,0,0.2222960291
0.7235257663,0.2007896544,4.30009168,5,1,0
0.5923727955,1,3.660615412,1,0,0
0.484993825,1,4.839843306,3,0,0.2451308346
0.6422101941,1,4.90842178,3,0,0.1739800399
0,0.4470646039,2.787161487,5,1,0.06151031158
0.06151031158,1,2.440665159,3,0,0.1089584406
0.1593188244,1,2.26306333,3,0,0.07520691717
0.2056461382,0.7140012022,4.956460635,1,1,0
0.1683688176,1,2.750693698,3,0,0.1352266023
0.2730753311,0.6128574658,3.856752472,1,1,0
0.2235751715,0.4022481025,1.649883277,5,1,0
0.1830478685,0.3470041709,4.545507985,5,1,0.1179087057
0.267775625,0.06237191423,1.008313832,5,1,0
0.2192361391,0.4407902207,2.321767108,5,1,0.004569856956
0.1840652262,0.01412757467,3.164482798,5,1,0
0.1506998613,1,1.438474664,3,0,0
0.1233826109,1,1.220438396,5,0,0.04831003273
0.1493271707,1,3.13293361,5,0,0.4536071672
0.5758659141,0.06382121729,2.529022156,5,1,0
0.4714791335,1,1.233426257,1,0,0
0.386014466,0.1545972819,1.833046556,5,1,0
0.3160419145,1,3.008725999,1,0,0
0.2587532346,0.1621116528,2.114353791,5,1,0
0.2118492307,1,2.466240575,1,0,0
0,1,4.857063576,3,0,0.4785595364
0.4785595364,0.7363023806,1.144649795,5,1,0
0.3918114096,0.5007050917,4.553403152,1,1,0
0.3207880505,1,1.675103273,1,0,0
0.2626390421,0.280355163,4.736329361,3,1,0
0.2150306608,1,3.793114259,3,0,0.2503794243
0.4264316391,1,3.237953657,1,0,0
0.349132697,1,4.351078014,3,0,0.2620793361
0.547925012,1,3.802120458,3,0,0.1448077871
0.5934108448,1,3.331377698,1,0,0
0.4858437079,1,4.472443256,3,0,0.2163911532
0.614166338,0.09329916396,4.919618251,5,1,0
0.5028368684,0.3784133565,1.123769208,3,1,0
0.411688008,0.2397735111,4.131837262,3,1,0
0.3370616328,0.02131700296,3.753373386,5,1,0
0.2759627244,1,3.808872953,5,0,0.50843218
0.7343713492,1,1.283181111,5,0,0.0188052541
0.6200576619,0.3870946673,3.749530568,1,1,0
0.5076602765,0.09293583173,1.684316893,3,1,0
0.4156370805,0.7665921864,4.467652171,1,1,0
0,0.899801104,2.800553805,5,1,0.3799853514
0.3799853514,1,3.507627186,5,0,0.3886913972
0.6997970901,1,4.752068876,5,0,0.2815954987
0.8545408973,0.1185590598,1.091519531,3,1,0
0.6996389124,1,1.424877602,3,0,0
0.5728158936,1,4.805007035,3,0,0.2010973689
0.6700793568,0.726675607,1.17590766,5,1,0
0.5486145764,0.4849303061,3.779328238,3,1,0.01124248518
0.4604101105,1,4.331990634,5,0,0.4494771145
0.826429031,0.1927424097,4.283840789,5,1,0
0.6766228629,1,3.762787881,3,0,0.1016756516
0.6556475977,1,4.419283092,3,0,0.1421805118
0.6789793632,1,4.160392766,5,0,0.2536378246
0.8095391099,1,1.205644445,3,0,0
0.6627945651,0.4796052848,3.271701907,3,1,0
0.5426502934,0.1393411938,3.514936723,3,1,0
0.4442844834,1,2.998186793,3,0,0.1109919593
0.4747413289,1,4.274107382,1,0,0
0.3886853258,0.2114320512,3.892048048,3,1,0
0.3182286295,0.5811479151,4.868463118,3,1,0.1188972309
0,1,2.246416964,5,0,0.3116042411
0.3116042411,0.1956780009,1.315893641,3,1,0
0.255119975,1,3.720659398,1,0,0
0.2088745692,0.1697121282,1.830155676,3,1,0
0.1710120334,1,4.885724947,5,0,0.8053048057
0.9453176166,0.2851721366,1.838414608,3,1,0
0.7739606041,0.1848839364,4.229113367,1,1,0
0.6336653483,0.2571869252,4.942705659,3,1,0
0.5188013078,0.4825500628,2.026136072,5,1,0
0.4247585854,1,2.278605068,1,0,0
0.3477629165,1,2.721171725,3,0,0.1031680955
0.38789229,1,1.579425501,3,0,0
0.3175793467,1,3.919903204,3,0,0.2306482725
0.4906602502,0.2239076142,3.719365766,3,1,0
0.4017186361,1,3.406815914,5,0,0.3599882769
0.6888876784,0.3317847832,4.920577996,1,1,0
0.5640135277,0.02740773484,4.041493088,5,1,0
0.4617752203,0.01408552957,4.965693242,3,1,0
0.3780695739,1,2.713604678,3,0,0.09766839051
0.4072055774,1,1.03146761,1,0,0
0,1,3.083045749,1,0,0
0,0.2356052814,1.131605338,5,1,0
0,1,2.272934037,1,0,0
0,0.8293914218,2.457850738,3,1,0.05577804768
0.05577804768,0.8265077103,4.780107108,3,1,0.3235086711
0.369175874,1,1.260329926,1,0,0
0.3022556414,1,1.979557918,3,0,0.03274771579
0.2802137047,0.3192901183,3.986337153,5,1,0.04908907643
0.2785086539,1,2.975831336,1,0,0
0.2280235999,0.8057671503,2.751257006,1,1,0
0.1866899337,1,4.272133223,5,0,0.6653147221
0.8181635122,0.3408000426,4.128357509,3,1,0
0.6698556284,0.2675422464,1.430470821,1,1,0
0.5484314031,1,4.741207544,5,0,0.4223529603
0.871370616,1,4.730244815,3,0,0.05910992554
0.7725278461,0.02962739634,3.695349373,3,1,0
0.6324923053,1,3.558820424,3,0,0.1043071598
0.6221480612,1,3.820590163,3,0,0.1220796253
0.631451376,1,4.817335262,3,0,0.1741761863
0.6911648469,0.2404235271,3.616327726,5,1,0
0,1,1.917325015,5,0,0.2293312538
0.2293312538,1,1.339730344,1,0,0
0.1877605501,1,4.709898044,1,0,0
0.1537253366,0.3907346791,4.86150634,5,1,0.1903185228
0.3161781835,1,4.863270413,1,0,0
0.2588648022,1,3.678414477,5,0,0.4962668108
0.7082073853,1,3.397826531,3,0,0.07577094947
0.6556021154,0.6117088837,2.026292132,5,1,0.02062090066
0.5573825143,0.02808828396,1.449312209,5,1,0
0.4563462057,1,3.006358798,3,0,0.1092493066
0.4828739792,0.7618476682,1.490254449,3,1,0
0.3953437767,1,1.242871459,3,0,0
0.323680108,1,1.66626321,5,0,0.1126517656
0.3776586242,0.116001807,1.183042283,3,1,0
0.3092007298,1,1.040380699,5,0,0.006973739361
0.2601258857,1,2.879557283,3,0,0.1346079555
0.3475810178,0.1947694005,1.23176168,5,1,0
0.2845752685,0.2193008044,1.347689367,3,1,0
0.2329905239,0.3318507358,3.835601098,5,1,0.05231906761
0.2430755747,0.105021913,1.046196963,5,1,0
0,1,4.018582213,3,0,0.352787332
0.352787332,1,3.090138253,1,0,0
0.288837838,0.6755338168,1.135896768,3,1,0
0.2364804206,0.1009613455,3.786414264,3,1,0
0.1936137929,1,3.918558078,3,0,0.2723841261
0.4309016925,1,1.566176504,5,0,0.08055252253
0.4333449897,1,3.329346678,5,0,0.3299839914
0.6847768612,1,4.329657703,5,0,0.2623962881
0.8230441633,0.8855541393,3.002119077,1,1,0
0.6738515677,1,3.956800014,5,0,0.2410889224
0.7927919238,1,4.61675161,3,0,0.09169221385
0.7407753427,0.8528786877,4.436877491,1,1,0
0.6064955542,1,2.346076909,1,0,0
0.4965565618,1,4.354996997,5,0,0.4222628058
0.8288089336,1,3.665765758,3,0,0.05133418579
0.7299055482,0.4494852402,2.941666505,1,1,0
0.5975961191,0.2863675869,2.436411932,1,1,0
0.4892703207,0.3390742974,2.83796296,1,1,0
0.4005806581,0.2738183403,3.611303511,3,1,0
0.3279677039,1,3.179756101,1,0,0
0,1,4.399955044,5,0,0.8499887609
0.8499887609,1,2.757515244,3,0,0.024545932
0.7204578703,1,3.101447348,1,0,0
0.5898610147,0.7927313762,1.233250394,1,1,0
0.4829373528,1,2.653353475,1,0,0
0.3953956626,0.2693779148,4.916271998,3,1,0
0.3237225886,0.3951439598,1.153609754,5,1,0
0.2650416387,1,3.960788557,3,0,0.2529126098
0.4699103503,0.3380732672,3.025407946,5,1,0.003022776459
0.3877528314,1,4.596907883,5,0,0.5505491667
0.8680143344,0.04250381284,2.712435024,5,1,0
0.7106700297,1,2.03523042,5,0,0.07488079667
0.6567282053,0.09045590834,4.900759942,5,1,0
0.5376835781,0.1533545315,3.847814974,1,1,0
0.4402180808,1,1.304011579,3,0,0
0.3604200808,0.5151757267,2.763018983,1,1,0
0.2950870042,0.7215872921,3.570265355,1,1,0
0.2415968052,1,4.247679001,1,0,0
0.1978027342,1,1.360356803,1,0,0
0.1619471816,0.4995749173,2.264396436,3,1,0
0,0.6972164881,2.833097202,3,1,0.04629231222
0.04629231222,1,2.730553839,3,0,0.1521956062
0.1900965459,0.1118861218,4.127107396,3,1,0
0.1556378882,1,1.991185823,1,0,0
0.1274255254,0.7914689309,4.97357655,3,1,0.2970808043
0.4014080006,1,3.469299311,5,0,0.3695257029
0.6981707776,1,1.511136143,5,0,0.03856895618
0.6101828427,0.2442567603,4.686190191,1,1,0
0.4995754583,0.103005764,3.943942057,5,1,0
0.4090177912,0.5562534598,2.777974893,1,1,0
0.3348754442,1,3.015208402,1,0,0
0.2741728246,1,3.638781993,1,0,0
0.2244737232,0.4445395441,3.988398358,5,1,0.1498706057
0.3336541462,1,3.271282619,3,0,0.160384378
0.4335572883,0.4649624757,4.834343641,3,1,0.04937582454
0.4043425097,1,3.503258546,3,0,0.1640969564
0.4951446039,0.8741943205,1.54397076,1,1,0
0.4053901145,1,4.112921019,3,0,0.2181850531
0.5500904068,1,2.350282145,5,0,0.1518762226
0.6022521556,1,1.093640931,5,0,0.009311369573
0,0.3345212414,4.973566781,1,1,0
0,1,3.968162824,5,0,0.742040706
0.742040706,1,1.452004445,3,0,0
0.607531546,0.6199834738,2.746967662,1,1,0
0.4974047602,1,1.202307668,5,0,0.02541971778
0.4326602917,0.5197956022,2.773120417,1,1,0
0.3542322864,1,2.671021775,5,0,0.2697729778
0.5597938444,1,3.771854455,1,0,0
0.4583204358,0.5287595953,3.148760141,1,1,0
0.3752410356,1,3.040297323,1,0,0
0.3072213756,1,3.05289936,5,0,0.3555511986
0.6070827869,0.6359296836,1.297961558,3,1,0
0.4970373473,1,1.817327288,1,0,0
0.4069397616,1,2.432162323,5,0,0.2123396322
0.5455137297,1,1.545462025,3,0,0
0.4466288667,0.2490437483,4.606615606,1,1,0
0.3656687884,1,1.099768777,1,0,0
0.2993842825,1,2.315012739,1,0,0
0.2451151191,1,4.442541134,1,0,0
0.200683286,1,3.382031322,5,0,0.4759993623
0,0.7531234213,2.606083358,1,1,0
0,1,1.431800177,1,0,0
0,1,3.880359319,3,0,0.3320538979
0.3320538979,0.6829147966,1.938185903,5,1,0.05403948339
0.3259022213,0.6099294891,2.471542138,1,1,0
0.2668261711,0.4577303618,3.687168674,1,1,0
0.218458792,1,3.662979878,1,0,0
0.1788589313,1,1.182865019,1,0,0
0.1464373075,0.3690173126,1.806396248,5,1,0
0.119892727,0.1893388648,1.045415445,5,1,0
0.0981598627,0.1112923481,2.780495191,5,1,0
0.08036649831,1,4.224910277,3,0,0.3528969794
0.4186955031,0.5091140189,3.550499971,1,1,0
0.3427988846,0.05797784923,3.466393033,1,1,0
0.2806599889,0.4439068428,4.948564659,5,1,0.2152088561
0.4449938202,0.2507944909,2.649274883,5,1,0
0.3643301255,1,2.138152605,3,0,0.04495641113
0.3432446892,1,1.809756936,3,0,0.01409629412
0.295121277,1,3.355529042,5,0,0.4150905759
0.6567154412,0.006660643025,2.15447404,5,1,0
0,1,1.910377276,3,0,0.03655659146
0.03655659146,1,3.391592012,5,0,0.57604089
0.6059708957,0.6113950245,3.290767272,1,1,0
0.4961270077,1,1.826573977,5,0,0.1041220757
0.5103165144,1,4.712821231,3,0,0.2237477377
0.6415595618,0.3499796621,2.705894327,3,1,0
0.5252645432,1,4.669738788,5,0,0.4355387799
0.8655890149,0.3767005157,1.32447487,3,1,0
0.7086843461,1,3.514481772,5,0,0.1831269754
0.7633486438,0.03446528127,3.534049739,3,1,0
0.62497701,0.08509742598,2.346103463,5,1,0
0.511687898,1,4.584349109,1,0,0
0.4189346181,0.2346357741,1.73014825,3,1,0
0.3429946554,0.1843955162,4.491068472,5,1,0
0.2808202725,1,2.479061924,5,0,0.2659278378
0.495844031,0.3157638458,4.130066638,5,1,0.03833169991
0.4442944568,1,3.741003187,5,0,0.3807976663
0.7445552015,1,1.626807643,1,0,0
0.6095902408,1,4.954818308,5,0,0.3859999159
0.8850901928,0.2759634658,3.405830885,5,1,0
0,1,1.808011468,1,0,0
0,0.6195569523,2.413773336,5,1,0.123867513
0.123867513,1,4.731933982,1,0,0
0.1014141422,0.4041813559,4.948804382,5,1,0.2246946434
0.3077255203,1,1.063727897,5,0,0.0110292992
0.2629736462,1,2.799018719,1,0,0
0.2153046114,1,1.258509381,3,0,0
0.1762765066,0.07666360719,1.211296701,1,1,0
0.144322997,1,2.0940982,3,0,0.05486149996
0.173023176,0.4694617661,3.971500678,1,1,0
0.1416593952,0.7551303073,2.573921207,3,1,0.03566137998
0.1516422833,1,1.07958728,5,0,0.01687962071
0.1410338215,0.5080695238,1.666040119,1,1,0
0.1154687269,1,4.348666677,1,0,0
0.09453779772,1,2.862724113,5,0,0.4216565693
0.4990575716,0.04695075472,4.580238951,5,1,0
0.4085937814,1,3.182177294,1,0,0
0.3345282944,1,4.74893459,5,0,0.6237024739
0.8975910763,1,4.088297268,3,0,0.03719948752
0.7720849054,0.03460304109,3.984466703,3,1,0
0,1,3.159201018,5,0,0.5398002545
0.5398002545,0.202394784,2.170142231,5,1,0
0.4419510689,0.01354365773,1.008983498,3,1,0
0.3618389315,0.6643224509,2.332107577,5,1,0.08763090931
0.3838795702,0.2021952649,4.518175243,5,1,0
0.3142940096,1,2.246457744,1,0,0
0.2573221711,0.63169487,4.626317548,1,1,0
0.210677575,0.6808157168,3.701903538,3,1,0.1010704606
0.2735586702,1,1.513362414,1,0,0
0.2239708961,0.5507109991,3.97755356,1,1,0
0.1833718604,1,1.138442282,5,0,0.02826396573
0.1783961471,1,2.078191911,5,0,0.2214616571
0.367520069,1,4.173386468,1,0,0
0.3008999829,0.356530844,1.514715839,1,1,0
0.2463560696,0.2821816105,3.605762512,3,1,0
0.2016992904,1,2.783106762,5,0,0.3558638484
0.5210012603,1,1.806147882,1,0,0
0.4265597542,1,3.33514074,1,0,0
0.3492375888,1,3.612515542,1,0,0
0.2859315541,0.4421829237,4.448272238,3,1,0.03216343053
0,0.6448499949,3.463253315,3,1,0.08499183236
0.08499183236,0.4488559264,4.730169329,1,1,0
0.06958542692,0.3256208699,3.131095657,3,1,0
0.05697172898,0.07594407351,3.618960088,3,1,0
0.04664450657,0.6243939232,1.260868896,1,1,0
0.03818929199,1,1.835785734,1,0,0
0.03126674779,1,2.224762086,3,0,0.08109683856
0.1066958865,1,2.714600604,3,0,0.1404185545
0.227773758,1,4.847827217,5,0,0.7428482879
0.9293336683,1,1.577005724,5,0,0.01019371948
0.7710677736,0.2483473271,2.905349478,3,1,0
0.6312968989,1,3.718728489,3,0,0.1134902336
0.6303524191,1,1.487565365,1,0,0
0.5160889108,0.4302439831,3.69734122,1,1,0
0.4225378626,0.1055709984,1.439353534,3,1,0
0.3459447424,1,2.675371323,1,0,0
0.2832355995,0.2263061144,2.992355955,5,1,0
0.2318936957,1,2.572115857,5,0,0.3018880252
0.4917465253,1,1.962665303,1,0,0
0.402608003,0.4034119913,1.54500458,1,1,0
0,1,4.883956434,1,0,0
0,0.7632646702,2.977719019,3,1,0.09091815873
0.09091815873,0.3360573128,3.77604599,3,1,0
0.07443749256,0.9150007966,1.280642932,3,1,0
0.06094426434,1,2.86257293,1,0,0
0.04989694344,1,2.358473248,3,0,0.09859313218
0.1394452943,0.2772739892,2.469014213,3,1,0
0.1141681508,1,1.621792657,3,0,0
0.09347297607,1,2.158284622,3,0,0.06684974423
0.1433789443,1,1.049830047,3,0,0
0.1173887511,0.2380600099,3.509582195,5,1,0
0.09610978055,0.2778306017,4.140192445,5,1,0.03395738345
0.1126454165,1,2.099303685,1,0,0
0.09222626665,0.1950263754,3.251592163,3,1,0
0.07550848075,1,4.452743533,5,0,0.7980080285
0.8598291438,0.2291096777,3.634211133,5,1,0
0.7039685624,0.07430928962,3.654063955,5,1,0
0.5763607113,1,4.274134004,3,0,0.1656938413
0.6375780804,0.0774194545,4.412023168,3,1,0
0.5220047819,0.6972061008,2.55624692,1,1,0
0,0.1631164549,3.666769709,3,1,0
0,0.7284937368,2.79454712,5,1,0.2589525185
0.2589525185,1,1.577965236,1,0,0
0.2120123905,0.4566978378,3.581329392,5,1,0.125208353
0.2987894171,0.3611364792,4.537124561,3,1,0
0.2446280845,1,1.554161756,5,0,0.1046495567
0.3049340926,1,4.803572634,3,0,0.3270534589
0.5767123781,1,1.756032222,1,0,0
0.4721721596,0.8872009775,2.880494242,1,1,0
0.3865818678,1,4.059755351,1,0,0
0.3165064638,1,2.047615058,3,0,0.03905636445
0.2981899399,0.0592434684,3.755372166,1,1,0
0.2441372741,0.01071658649,2.691939639,5,1,0
0.1998826942,1,2.527453243,1,0,0
0.1636501088,0.4739182727,4.445604887,5,1,0.2314291779
0.3654145547,1,3.931813718,3,0,0.2156144025
0.514790536,0.3878883381,3.571724984,3,1,0
0.4214748432,0.06277632253,2.055231283,1,1,0
0.3450744158,0.6830985641,3.80581883,3,1,0.09166496097
0.3741879973,1,1.379629095,1,0,0
0,1,3.757527521,5,0,0.6893818802
0.6893818802,1,1.380125468,3,0,0
0.564418146,1,3.50519966,3,0,0.1201247415
0.5822312352,0.3574082155,1.046950356,5,1,0
0.4766906177,0.5752496246,1.765138575,3,1,0
0.3902812684,0.1301727391,3.239879132,3,1,0
0.3195352768,1,3.508003605,3,0,0.1879447245
0.4495580823,0.2845415963,3.329343957,3,1,0
0.3680670273,0.7281631014,3.893995702,3,1,0.1107902348
0.4121380293,1,2.731599631,1,0,0
0.3374300791,0.8970950866,4.547810456,1,1,0
0.2762643827,0.5189895914,4.318154928,5,1,0.2245529907
0.4507391368,1,2.70170176,1,0,0
0.3690339929,1,1.994622481,5,0,0.1568932438
0.4590327228,1,4.211805819,3,0,0.2065255496
0.5823497564,0.1250622628,3.335059035,1,1,0
0.4767876546,1,1.577373296,5,0,0.07552220908
0.4658829246,0.5823588254,3.998843506,1,1,0
0.3814326777,0.3689766605,1.097979321,5,1,0
0.3122906635,0.6570205427,4.40228481,1,1,0
0,0.2492379627,3.193846614,1,1,0
0,0.7031096751,4.132099278,5,1,0.4763297452
0.4763297452,0.5318296553,4.543848884,1,1,0
0.389985811,0.2654091114,3.399498955,3,1,0
0.3192933768,0.3013339137,1.043215074,3,1,0
0.2614153068,0.633477102,4.833812476,5,1,0.3807606316
0.5947893827,1,1.508095391,3,0,0
0.4869723592,1,3.561441075,5,0,0.3285225179
0.7272217643,1,1.634272982,5,0,0.04325396622
0.638652789,1,2.579864881,1,0,0
0.5228846789,1,4.988096128,5,0,0.4756954413
0.9037972082,1,1.18148006,1,0,0
0.7399665689,1,3.018368628,5,0,0.1312108299
0.7370442161,0.4677589753,3.005725351,3,1,0
0.6034407661,0.3560556012,4.885129614,5,1,0.07330176969
0.5673572826,1,3.54519495,3,0,0.1219097372
0.5864225924,1,4.065561023,1,0,0
0.4801222107,0.4791543334,3.309735341,3,1,0
0.3930908191,0.2788600772,1.758099827,3,1,0
0.3218355424,0.05432559712,4.503801335,3,1,0
0,0.09535881199,3.079894897,5,1,0
0,0.2589956607,2.075111157,3,1,0
0,0.4010299641,3.278980252,3,1,0
0,1,3.623514515,3,0,0.2935271772
0.2935271772,0.765178161,3.041201703,1,1,0
0.2403197269,1,2.450142563,3,0,0.0892786774
0.2860358284,1,1.359160512,1,0,0
0.2341863292,1,2.867025829,1,0,0
0.1917355496,0.1440845191,2.833214386,1,1,0
0.1569797909,0.5759534418,4.099512587,5,1,0.2868646837
0.4153888662,0.4149737126,3.975870061,1,1,0
0.3400916392,1,3.852413597,5,0,0.4705828952
0.7490263791,1,1.548688452,3,0,0
0.6132509314,0.5658399081,3.284779713,3,1,0.01113795455
0.5132253515,0.4913045866,2.293471736,3,1,0
0.4201933785,0.001956531204,1.988722532,3,1,0
0.3440252412,0.2859054178,2.76743925,3,1,0
0.2816640448,0.3239223965,1.455246291,5,1,0
0.2306070155,1,1.071547075,1,0,0
0.1888050555,1,2.605034283,5,0,0.325498924
0,0.9525249347,2.229344543,3,1,0.06852593971
0.06852593971,1,4.20237362,3,0,0.3542917877
0.410396082,1,2.128803124,1,0,0
0.3360038933,1,2.982139959,1,0,0
0.2750967206,0.1113513554,1.864173412,1,1,0
0.2252301452,0.02331620356,4.679222969,5,1,0
0.1844028464,0.1736608506,4.327836727,3,1,0
0.1509762813,1,2.479554151,3,0,0.1035241132
0.2271330377,1,2.387407157,3,0,0.08355547702
0.26951628,0.1044466125,2.637050474,5,1,0
0.2206612669,1,4.316650316,1,0,0
0.1806621652,1,3.519676053,3,0,0.2277361047
0.3756497753,1,3.60476217,5,0,0.4065709615
0.7141269849,0.2067170155,4.08196973,3,1,0
0.5846777241,0.07453607197,2.411085161,3,1,0
0.4786936334,0.1975554691,2.191356388,1,1,0
0.391921199,1,1.157423108,5,0,0.02393141371
0.3448093521,0.473651432,1.793700813,3,1,0
0.2823060205,0.1229167996,1.720176373,1,1,0
0.2311326208,0.07283834381,3.969692147,3,1,0
0,1,4.311847055,5,0,0.8279617637
0.8279617637,1,2.574657464,5,0,0.06772532323
0.7456030816,0.6692581008,4.668883563,3,1,0.05563742572
0.6660855982,0.4992301275,4.580360992,5,1,0.107408092
0.6527528555,1,4.848852763,5,0,0.3341257829
0.8685546198,1,2.056816881,3,0,0.00769251649
0.7188048945,1,3.313545067,1,0,0
0.5885076726,0.3335317558,4.058665405,1,1,0
0.48182933,1,2.786858118,5,0,0.2314743671
0.6259628573,0.3957768956,3.714940196,5,1,0.04397624801
0.5564712895,0.6961533571,4.304751589,1,1,0
0.455600158,0.3077491038,2.837205566,1,1,0
0.3730138604,1,1.51193641,1,0,0
0.3053979189,0.754739336,2.667905048,1,1,0
0.2500386681,0.1232376006,1.495806975,5,1,0
0.204714347,1,2.245625435,1,0,0
0.1676059315,0.1771862154,4.133347134,3,1,0
0.1372241305,1,1.523760877,1,0,0
0.1123496157,0.6747302986,1.89837619,1,1,0
0.09198408549,0.4122902601,4.651716709,3,1,0.03421279
0,0.9100726168,4.436010559,5,1,0.7592729343
0.7592729343,0.6577828595,1.111927965,5,1,0
0.6216401013,1,1.435614955,5,0,0.0412048076
0.5501606759,1,3.251789768,3,0,0.1069576057
0.5573910701,0.8170257663,2.591674459,5,1,0.1236499761
0.5800031867,0.6341604163,3.684462297,3,1,0.04220170889
0.5170681547,0.5829202454,4.653137364,5,1,0.2067440857
0.6300836853,1,4.892066531,3,0,0.1789692047
0.6948380949,1,1.401006976,1,0,0
0.5688853167,0.2545668224,3.460232083,1,1,0
0.4657639037,1,4.229674109,5,0,0.431352122
0.8126873537,1,4.940434717,5,0,0.1845233136
0.8498954427,0.381538531,1.264297055,3,1,0
0.6958355359,0.1262090091,4.582051737,3,1,0
0.5697019523,1,2.765496573,3,0,0.07092365454
0.537356163,0.1450982278,1.140640239,5,1,0
0.439950016,1,4.93908989,3,0,0.2749080861
0.635108694,1,1.442089176,1,0,0
0.5199830193,0.1498172447,4.951556677,5,1,0
0.425726089,0.8694725233,4.045746774,1,1,0
0,0.8586999252,4.824214222,1,1,0
0,0.3423193851,4.12949393,5,1,0.1034014557
0.1034014557,1,2.861697408,5,0,0.4172987965
0.5019567481,1,4.521400625,3,0,0.2132671476
0.624234574,1,3.225729106,1,0,0
0.5110800429,1,1.930812862,3,0,0.01937195197
0.4378089004,1,1.355733752,1,0,0
0.3584476107,0.02876686949,3.968014399,3,1,0
0.2934720822,1,3.793585323,1,0,0
0.2402746189,1,4.161454451,3,0,0.28430304
0.4810232597,1,2.781821759,3,0,0.0868109332
0.4806394688,0.6930448022,1.800090544,1,1,0
0.3935143143,1,2.990976617,1,0,0
0.3221822709,1,3.702927706,5,0,0.45802308
0.7218036132,0.04957689057,3.796665175,5,1,0
0.5909628158,0.3974635113,3.340978394,5,1,0.03353256194
0.5173719932,0.4043710172,2.851586787,5,1,0.01847247233
0.4420608339,0.5542098717,4.435462652,1,1,0
0.3619287995,0.5906714435,3.936752249,1,1,0
0.2963222386,0.1294437873,3.494364199,3,1,0
0,1,1.161143896,5,0,0.04028597401
0.04028597401,0.1804028837,3.030124763,1,1,0
0.03298336584,0.7232442225,1.978189713,5,1,0.1041269686
0.1311314646,0.171224672,1.45015606,3,1,0
0.1073613627,0.5213946601,1.210497311,3,1,0
0.08790004937,1,3.237461359,3,0,0.2149082643
0.2868747379,1,2.076133765,5,0,0.1918545434
0.4267277135,0.08285250687,3.497127049,1,1,0
0.3493751023,0.1226517492,4.317824468,5,1,0
0.2860441406,0.5044065188,2.527209972,5,1,0.04903826958
0.2832314042,0.1474524848,1.58237907,3,1,0
0.2318902609,1,2.726083734,3,0,0.1220622851
0.311917973,0.2909688228,2.294874314,1,1,0
0.2553768369,0.4373118062,4.943579592,5,1,0.2162917551
0.4253766251,1,4.27388672,5,0,0.4703129591
0.8185818837,1,1.173976435,3,0,0
0.6701981621,1,1.592180235,3,0,0
0.5487118459,1,3.383661369,3,0,0.1162289055
0.5654761683,1,4.304788814,5,0,0.3590023746
0.8219751037,1,4.848207239,1,0,0
0,0.1435158838,1.80977065,3,1,0
0,1,4.5321719,3,0,0.4298257849
0.4298257849,0.09388060289,4.639685838,1,1,0
0.3519115886,1,4.658411093,5,0,0.5927434583
0.8808642983,0.7027692663,3.418357761,5,1,0.0417664983
0.7629571886,1,2.745443383,5,0,0.1034362017
0.7280927152,0.1537176221,4.332619921,5,1,0
0.5961118971,0.1666929968,2.969497133,5,1,0
0.4880551424,1,2.109350458,5,0,0.1419815655
0.5415673198,1,1.088106584,3,0,0
0.4433978196,1,3.491544415,3,0,0.15235964
0.5153830708,1,1.142797691,3,0,0
0.4219599697,1,4.723978785,5,0,0.5381522025
0.8836238062,0.4653608294,1.822926067,3,1,0
0.7234499843,1,4.969581521,5,0,0.274446958
0.8667577084,0.1219894867,4.462003499,1,1,0
0.7096411914,1,2.026657873,1,0,0
0.581005067,1,3.767498509,5,0,0.2898919631
0.7655786792,1,4.054617434,3,0,0.08396798594
0.7107707945,0.8274606827,4.576818219,1,1,0
0,0.7530025177,1.915760276,5,1,0.1106430777
0.1106430777,0.7795743371,1.618443213,3,1,0
0.09058689033,1,3.294244998,1,0,0
0.07416627294,0.2812794853,3.39450463,5,1,0
0.0607222085,0.1551578239,1.599815783,3,1,0
0.04971513949,0.7281399702,1.00169428,1,1,0
0.0407033136,0.6005918919,4.297922448,1,1,0
0.03332505459,1,1.016849916,3,0,0
0.02728424704,0.07646028106,1.637720293,5,1,0
0.02233845213,1,3.001601521,1,0,0
0.01828917773,0.2990903747,4.45330636,5,1,0.08146753462
0.09644144688,0.7464971085,4.78275589,1,1,0
0.07895957843,1,4.107765595,1,0,0
0.06464663511,1,2.361175606,1,0,0
0.05292818825,0.7987134832,3.205180153,1,1,0
0.04333393542,0.2664634881,4.692325023,5,1,0.05987134155
0.09535016713,1,1.151090341,3,0,0
0.07806611414,1,1.565741584,5,0,0.1303940842
0.1943092126,1,3.309241616,3,0,0.1985111257
0.3575980537,0.1420829958,2.469306327,5,1,0
0,1,1.487321786,1,0,0
0,1,4.197110054,5,0,0.7992775136
0.7992775136,1,2.323544771,1,0,0
0.6543930806,1,3.468120178,1,0,0
0.5357717397,1,4.93921394,1,0,0
0.4386527999,1,4.606763172,3,0,0.2475622412
0.6067007784,1,2.373951539,3,0,0.04172618848
0.5384507737,1,4.424535579,1,0,0
0.4408462074,1,3.7653538,3,0,0.1760233305
0.5369576779,1,4.636668307,5,0,0.4209828343
0.8606065983,1,2.347773291,1,0,0
0.7046050884,1,4.744756462,5,0,0.276545501
0.8534273557,1,3.199898402,3,0,0.03370947448
0.7324366961,1,2.771635867,5,0,0.1185061865
0.7181746342,0.1213410588,3.374727267,3,1,0
0.5879916591,1,2.673637426,5,0,0.1723881448
0.6537949987,0.119555041,4.179165065,5,1,0
0.5352820716,0.3028976967,3.974596986,1,1,0
0.4382518936,0.5406652435,3.878098573,3,1,0.03624003668
0.3950503396,1,3.768833279,5,0,0.4187511879
0,1,2.506496662,1,0,0
0,1,3.183324492,1,0,0
0,1,1.301790091,5,0,0.07544752264
0.07544752264,1,2.368539288,1,0,0
0.06177120703,0.22187743,1.10660116,5,1,0
0.05057398685,1,2.949306944,3,0,0.1826658068
0.2240722851,0.3966618931,1.180656815,5,1,0
0.1834548707,1,2.901813929,1,0,0
0.1502001445,0.02862203577,3.866315281,3,1,0
0.1229734774,1,1.86556776,1,0,0
0.1006821678,1,1.329604816,1,0,0
0.08243158703,1,2.27272833,5,0,0.2919538286
0.3594431039,1,3.021357531,5,0,0.3236986265
0.6179857496,0.8658922908,4.748919955,1,1,0
0.5059639382,0.1943882601,2.110509216,5,1,0
0.4142482361,1,4.224125799,1,0,0
0.3391577703,0.1151861658,1.566183133,5,1,0
0.2776788967,0.03675258442,3.569753615,5,1,0
0.2273442522,1,2.399200908,3,0,0.08489951883
0.2710332497,1,3.683699852,1,0,0
0,0.10870445,4.523482618,3,1,0
0,1,3.373780389,5,0,0.5934450973
0.5934450973,1,4.083357673,3,0,0.1473776366
0.633249388,1,2.085635306,1,0,0
0.5184607483,0.07811392869,1.563442591,1,1,0
0.4244797589,0.09583330838,1.435257188,1,1,0
0.3475346327,1,2.823927661,5,0,0.2975124078
0.5820496993,1,1.30349445,1,0,0
0.4765419886,0.8520583459,4.127488184,3,1,0.1452748377
0.5354344189,0.8996067938,2.479475317,1,1,0
0.438376625,0.4867407039,3.737527401,5,1,0.1150214104
0.4739338348,1,3.843077322,3,0,0.1717404011
0.5597646066,1,1.557740765,1,0,0
0.4582964979,0.187953777,4.468002018,5,1,0
0.3752214368,0.5839611544,1.512251654,3,1,0
0.3072053296,1,2.444484773,3,0,0.08083023579
0.3323486866,0.2485572563,2.530208529,5,1,0
0.2721040905,1,1.24725757,1,0,0
0.2227799869,1,4.406401854,3,0,0.3194065528
0.5018033792,1,2.275445836,3,0,0.04549375874
0,1,2.321895806,3,0,0.09828437093
0.09828437093,1,3.438063661,5,0,0.5496100269
0.6300784639,1,1.284707316,1,0,0
0.5158646153,0.2329203781,4.23520074,1,1,0
0.4223542249,0.1498677959,4.156657706,3,1,0
0.3457943927,1,2.163579844,1,0,0
0.2831125035,0.5896417876,3.509610931,1,1,0
0.2317929132,0.04861477399,3.042457955,3,1,0
0.1897759864,1,1.302506609,3,0,0
0.1553754362,0.6604673116,2.356928229,3,1,0
0.1272106479,0.9349093179,2.304512273,1,1,0
0.1041512696,0.2387488246,2.715636671,3,1,0
0.08527184738,1,1.433842551,1,0,0
0.06981468382,0.5752098705,4.911076638,1,1,0
0.05715942866,1,1.404808512,5,0,0.09541747213
0.1422156542,1,2.470213855,5,0,0.3152816074
0.4317179371,0.5188319446,2.874523244,3,1,0
0.3534607517,1,1.875748724,5,0,0.1415514805
0.4309406679,1,2.952686796,5,0,0.277798661
0.6306230386,1,3.223198152,5,0,0.2052995445
0,0.4236115099,1.04414496,5,1,0
0,0.3728973284,4.948952182,3,1,0.02681765712
0.02681765712,1,3.377232635,5,0,0.5783702063
0.6003266469,1,4.327784049,1,0,0
0.4915058877,1,1.524590439,1,0,0
0.4024109856,1,4.195721571,5,0,0.4774320261
0.8068982753,1,2.849477188,1,0,0
0.6606324326,1,1.235564902,3,0,0
0.5408800891,1,3.930363736,1,0,0
0.4428351626,1,1.52780788,5,0,0.07351899787
0.4360817641,1,1.644487191,5,0,0.09085951998
0.4478930711,1,3.998324879,5,0,0.4138489852
0.7805528166,1,1.245926113,3,0,0
0.6390625953,0.366226242,3.455435086,5,1,0.02395460398
0.5471748039,1,1.237132006,5,0,0.02684483674
0.474833676,1,2.475785024,3,0,0.06373825698
0.4524991901,0.3168658062,3.184712689,1,1,0
0.3704750027,0.2226639567,1.247716056,5,1,0
0.303319278,1,4.446238607,3,0,0.2904711279
0.5388079488,1,2.59653391,1,0,0
0,0.6046986465,4.77339796,3,1,0.1829700928
0.1829700928,0.4383546157,4.616480156,5,1,0.209089266
0.3588925079,1,1.566015398,1,0,0
0.2938363332,1,4.16812193,5,0,0.5593031498
0.7998759922,0.01464700475,1.533339031,1,1,0
0.6548830734,0.8002823623,3.957710055,1,1,0
0.5361729119,0.3761699682,1.079003021,5,1,0
0.4389812519,0.589899416,2.0015734,1,1,0
0.359407451,0.5493557288,4.370251688,3,1,0.07054424243
0.3648021754,1,4.979381465,3,0,0.315634385
0.6143091448,1,3.768161798,1,0,0
0.5029537887,0.3135627933,2.316047243,5,1,0
0.4117837342,0.100045454,4.040617723,5,1,0
0.3371400068,0.0547169631,4.547055834,5,1,0
0.2760268917,0.5959287233,4.257342282,3,1,0.09452256802
0.3205142729,0.6139640158,2.573357707,3,1,0
0.262414892,0.1368977399,4.721171317,5,1,0
0.2148471422,1,1.161779604,1,0,0
0.1759019625,1,2.212344535,3,0,0.0674538091
0.2114701553,1,3.533519258,1,0,0
0,1,4.064991502,5,0,0.7662478754
0.7662478754,0.4928919414,1.875202319,3,1,0
0.6273507001,0.5132795217,2.647961502,1,1,0
0.5136313111,1,4.744965753,3,0,0.2245782435
0.6451039937,1,3.296292865,5,0,0.2037362917
0.7319027703,0.1579674405,2.446760072,3,1,0
0.5992313063,1,1.181596255,3,0,0
0.4906090987,0.5153082919,3.97368719,5,1,0.1334188955
0.5350956523,0.7575909977,4.639822838,1,1,0
0.4380992664,0.8189935784,2.184079863,3,1,0.01028958653
0.3689749288,1,2.914659272,5,0,0.3020495008
0.6041406221,0.2353811674,1.163798963,5,1,0
0.4946285065,1,3.950996525,5,0,0.3728373802
0.7778049499,0.09450099535,4.823030374,5,1,0
0.6368128324,0.7493604689,4.966016133,3,1,0.11193444
0.6333126898,1,1.714672347,1,0,0
0.5185125755,0.3351039903,2.338361353,3,1,0
0.4245221914,1,1.292322124,3,0,0
0.3475693735,1,4.499480008,1,0,0
0.2845657349,0.5937481664,1.199863477,3,1,0
0,1,3.25400797,1,0,0
0,1,2.358269631,3,0,0.1037404446
0.1037404446,0.6442207807,2.827732022,3,1,0.02084032871
0.105775821,1,1.033964304,5,0,0.007592925505
0.09419484311,0.1786049419,2.355862751,5,1,0
0.07712021483,1,2.300449632,1,0,0
0.06314069157,0.3731366057,3.279035755,1,1,0
0.05169522596,1,3.03177782,5,0,0.4816861516
0.5240106229,0.1836429331,1.478239827,5,1,0
0.4290236119,0.2598317423,3.183140923,5,1,0
0.3512548249,0.2393368378,4.406588122,3,1,0
0.2875831273,1,1.221666964,5,0,0.03947982126
0.2749329716,1,4.796417089,1,0,0
0.2250960789,1,4.75374796,5,0,0.7271985033
0.9114915855,1,4.903452396,1,0,0
0.7462661922,1,4.964992565,1,0,0
0.6109910816,0.07995530849,2.16104905,1,1,0
0.5002371883,1,2.062383832,1,0,0
0.4095595699,0.3905297911,4.180819299,1,1,0
0.3353190151,1,4.782984464,1,0,0
0,1,3.188298264,3,0,0.2282447396
0.2282447396,0.1533986402,3.070083795,1,1,0
0.1868709875,1,2.684172176,1,0,0
0.1529970243,0.2620873024,2.138054782,3,1,0
0.125263369,0.5470894295,4.382330856,3,1,0.09589653119
0.1984535036,0.1171840271,1.352200108,5,1,0
0.1624799864,1,2.889626518,3,0,0.1536380027
0.2866653644,1,2.206312291,3,0,0.0577421872
0.2924439368,0.6532087161,4.323913136,5,1,0.3227194599
0.5621523045,1,2.735687289,3,0,0.07021023241
0.530461612,0.2944257363,3.384597784,5,1,0
0.4343052351,0.5131066467,3.970113035,3,1,0.03143209869
0.3870111509,0.6390584473,1.127709864,3,1,0
0.316857931,1,1.467092836,3,0,0
0.2594213325,1,1.876651657,1,0,0
0.2123962229,0.001350832299,4.874809819,5,1,0
0.1738953195,0.3897844525,1.304613273,3,1,0
0.1423734459,0.6861365475,3.412863426,3,1,0.08683773256
0.2034032511,1,3.964595543,1,0,0
0.166532497,0.611225835,2.419671269,1,1,0
0,0.2285166685,1.159620816,1,1,0
0,1,4.198079267,3,0,0.3797118901
0.3797118901,1,4.336024722,5,0,0.5173241174
0.8282059191,1,1.614210937,5,0,0.02637945084
0.7044571067,1,3.083715447,1,0,0
0.5767606975,1,3.603603513,1,0,0
0.4722117202,1,2.592829372,3,0,0.07332267315
0.4599369304,0.740796255,3.6230293,3,1,0.08240767322
0.4589721827,0.3849014897,2.276987588,1,1,0
0.3757746407,1,2.61943489,5,0,0.2527230815
0.5603813361,1,4.241132589,1,0,0
0.4588014334,0.7970623624,2.926226366,3,1,0.05404286308
0.4296777061,0.549020457,2.400018015,3,1,0
0.3517903519,1,2.288853984,1,0,0
0.2880215797,0.2675208995,4.118249293,1,1,0
0.2358121249,1,4.534238798,1,0,0
0.1930666386,1,4.516831927,3,0,0.3449840151
0.5030536095,1,3.882511163,5,0,0.3581133796
0.7699788401,1,3.276181213,5,0,0.1308924607
0.7612978163,0.30279461,4.308470802,5,1,0.01817608138
0,0.1727840714,2.418449263,3,1,0
0,1,3.537939921,1,0,0
0,1,3.170917099,1,0,0
0,1,3.632405795,1,0,0
0,0.5979953628,1.321402012,1,1,0
0,0.3270442816,1.595772107,5,1,0
0,0.4399964611,2.907890207,5,1,0.06986535012
0.06986535012,1,4.837789002,5,0,0.8924151324
0.9496160432,1,1.609106719,5,0,0.007672301664
0.7851521598,1,1.907080695,5,0,0.04872108204
0.6915493011,0.5062576528,1.731529426,5,1,0
0.5661926801,0.8408907168,2.289652301,1,1,0
0.4635593594,0.0994373472,1.616575468,5,1,0
0.3795303034,1,4.998306186,3,0,0.3100772042
0.6208103354,0.03591801422,4.449766675,5,1,0
0.5082765134,1,4.015804941,3,0,0.1732689694
0.589410582,1,3.991289115,5,0,0.3070479142
0.7896164838,0.2595877007,3.476366529,5,1,0
0.6464832984,1,3.334580281,1,0,0
0.5292957578,1,3.527249022,5,0,0.2973967089
0,0.03194465802,2.663402559,5,1,0
0,1,3.075787282,1,0,0
0,1,1.506607418,1,0,0
0,0.1049936556,3.015983483,5,1,0
0,0.7843984799,1.299407871,1,1,0
0,1,4.838123837,5,0,0.9595309592
0.9595309592,0.5053076492,1.359615962,1,1,0
0.7855975048,0.3198657438,4.306741867,1,1,0
0.6431928367,0.3155219175,3.797044202,1,1,0
0.5266017556,1,3.834554243,5,0,0.3354682505
0.7666133025,1,1.556326641,5,0,0.03245980936
0.6601096958,0.5673761325,2.27202945,3,1,0
0.5404521084,0.5153090445,2.733510091,5,1,0.04694310123
0.4894278629,1,3.991843173,3,0,0.1780755507
0.5787851935,1,3.668137301,3,0,0.1264573599
0.6003265972,0.2009039977,4.635064342,5,1,0
0.4915058471,1,2.028618633,5,0,0.1307616401
0.5331725924,1,1.327201971,5,0,0.03818671202
0.4747115101,1,2.718002462,5,0,0.2256117297
0.6142726419,1,1.731100513,5,0,0.07050136732
0,1,4.314679408,3,0,0.3972019111
0.3972019111,0.573771843,4.487204574,5,1,0.2372962355
0.5624976554,0.9212035609,2.866552552,1,1,0
0.460534129,0.8683947809,4.420856591,3,1,0.1757889022
0.5528423564,1,3.092278375,5,0,0.233894567
0.6865236058,0.5430501361,2.921670481,3,1,0
0.5620779888,0.7141319995,1.722323952,5,1,0.0251768642
0.4853673993,0.255415283,3.440515696,5,1,0
0.3973852163,1,2.153732053,3,0,0.04402692039
0.3693784178,1,4.197012807,3,0,0.239353633
0.5417751031,1,2.665965719,5,0,0.1908467424
0.6344146806,0.5146016046,3.684994741,1,1,0
0.5194148092,0.3444837758,3.088782992,3,1,0
0.4252608779,0.09998715537,2.320026414,3,1,0
0.3481741588,1,2.961922506,5,0,0.3197079469
0.6047688381,1,4.521817964,3,0,0.1692667147
0.664409561,0.1676469651,1.494352368,3,1,0
0.5439725402,1,1.859878418,5,0,0.09803204271
0.5433990902,1,1.730658229,5,0,0.083404803
0.5283023493,0.642145362,1.431159529,3,1,0
0,1,2.403194112,1,0,0
0,1,2.536294917,5,0,0.3840737293
0.3840737293,0.2261748211,3.913766909,5,1,0
0.3144529736,0.1949880185,1.881528513,3,1,0
0.2574523199,1,1.6148987,3,0,0
0.2107841318,0.9643281403,3.97929982,1,1,0
0.1725754509,1,1.005728632,3,0,0
0.1412928289,1,2.004280293,3,0,0.04348668624
0.1591674705,0.1132059103,3.778163217,5,1,0
0.130315303,1,1.649685852,3,0,0
0.1066931461,0.3725125271,1.992927633,1,1,0
0.08735295987,1,4.536353968,1,0,0
0.07151855462,1,1.994599259,3,0,0.04567189915
0.1042263392,1,1.030731673,3,0,0
0.08533330921,1,1.396733059,3,0,0
0.06986500451,0.6801983483,2.767923691,3,1,0.03014620393
0.08734683169,0.2106035414,3.317030379,5,1,0
0.07151353729,1,4.396180024,5,0,0.7883267943
0.8468771265,1,1.307688904,5,0,0.01177855229
0.7051428999,1,2.945414466,3,0,0.05655718017
0,1,2.391732983,1,0,0
0,0.596011047,1.982581818,1,1,0
0,1,2.265160635,5,0,0.3162901588
0.3162901588,0.03556502972,3.468102094,1,1,0
0.2589564799,1,3.222039024,3,0,0.172889791
0.3849054249,0.2910182913,1.534723623,1,1,0
0.3151339084,1,2.078180332,5,0,0.1846022875
0.4426121096,0.07348159906,2.157514124,1,1,0
0.3623801458,0.4175534157,3.982970314,1,1,0
0.2966917697,1,4.099044105,5,0,0.5448958063
0.7878064823,1,4.781756602,3,0,0.09915028366
0.7441516782,0.3817335687,4.654312118,3,1,0.004223051894
0.6134829158,0.8351359856,2.473104785,1,1,0
0.5022773297,0.06177311106,1.562123176,1,1,0
0.4112298964,1,1.606078749,1,0,0
0.3366865627,0.8677988775,2.510837543,1,1,0
0.2756556431,0.01677486505,3.550318529,5,1,0
0.2256877522,0.5859679288,2.341355199,3,1,0
0.1847775034,1,2.637412721,1,0,0
0.1512830245,1,4.911821144,5,0,0.8300072526
0,0.7852899591,1.019134313,5,1,0
0,0.07319801122,4.698709504,1,1,0
0,0.2321681935,4.652317695,1,1,0
0,0.4462851646,3.930237691,1,1,0
0,0.8523742016,2.914208597,3,1,0.122599434
0.122599434,0.3981074139,2.740118612,5,1,0.01993049043
0.1203064173,1,1.430722328,1,0,0
0.09849856367,1,1.865223888,1,0,0
0.08064380321,1,3.362109728,1,0,0
0.06602556173,1,3.788048769,5,0,0.6509915707
0.7050487286,1,2.941023904,5,0,0.1431268671
0.7203719436,0.4526237389,1.445613974,3,1,0
0.5897906638,1,4.618105309,3,0,0.1816061529
0.6644859073,0.3558895978,3.317197954,5,1,0.01514479123
0.5591798385,0.8805967817,1.959767293,1,1,0
0.4578177303,0.4849322433,2.68449556,3,1,0
0.3748294551,1,2.335483635,3,0,0.06271870031
0.3696031024,1,4.514570675,1,0,0
0.3026054263,1,4.269025376,1,0,0
0.2477523686,1,4.541504041,1,0,0
0,0.8572719021,3.34405918,3,1,0.1800151962
0.1800151962,1,1.883053653,3,0,0.0266151061
0.1739990832,1,4.564483155,1,0,0
0.1424584005,1,4.059071383,5,0,0.6558202418
0.7724553153,1,4.896955394,5,0,0.2216828716
0.8541157936,0.4698717362,4.409463541,5,1,0.03909267431
0.7383835412,1,1.913970892,3,0,0.009704828334
0.6142421411,1,2.548310224,5,0,0.1493182092
0.65221714,0.5668054678,2.906876228,5,1,0.05630894384
0.590299174,1,1.436623471,3,0,0
0.4832960873,1,1.966189231,3,0,0.02321467217
0.4189040417,0.04583987657,4.461304706,1,1,0
0.3429696215,1,1.210544198,5,0,0.03458348347
0.31538326,1,2.783715246,1,0,0
0.2582139739,0.6358347838,4.695089788,3,1,0.1467217229
0.3581294442,0.1368128733,4.310441268,1,1,0
0.2932115895,0.3211169699,3.524582007,1,1,0
0.2400613455,0.6220892607,4.355626948,3,1,0.1188835205
0.3154291267,0.4673353674,4.502939318,3,1,0.04494715742
0.3031986839,1,2.968818383,1,0,0
0,0.6553065471,3.058769541,1,1,0
0,0.2924052797,1.3817015,3,1,0
0,1,2.053871364,1,0,0
0,1,3.186156591,1,0,0
0,0.0291477643,1.45588214,5,1,0
0,0.3891582296,4.334952219,1,1,0
0,1,4.332894743,5,0,0.8332236858
0.8332236858,1,2.608699418,3,0,0.02356631253
0.7057521683,1,1.79893388,3,0,0.00583790109
0.5836589053,1,4.628921498,1,0,0
0.4778594951,0.4030785427,2.342038637,5,1,0
0.3912382643,0.2251887768,3.878847056,5,1,0
0.3203187987,1,2.944209951,1,0,0
0.2622548513,1,2.889928914,5,0,0.3485714718
0.5632875837,1,4.529223774,3,0,0.1875171346
0.6486980023,0.1178290389,2.96387218,5,1,0
0.5311090039,0.4180405689,2.20394078,5,1,0
0.4348352747,1,1.996846318,1,0,0
0.356013012,0.6817096406,3.930049704,3,1,0.09780418151
0.3892829829,0.3764853308,2.516915189,5,1,0
0,1,1.71326155,3,0,0.00698923251
0.00698923251,0.1149567765,2.628664182,3,1,0
0.005722299596,0.08244057877,3.143538784,5,1,0
0.004685022658,0.4490377796,4.39863186,1,1,0
0.003835772129,0.1993437579,1.534375317,3,1,0
0.003140464603,1,4.669829768,3,0,0.449059766
0.451630961,0.4528765007,2.896504389,1,1,0
0.3697641568,0.8024905171,3.560354893,1,1,0
0.3027372866,1,2.80509214,3,0,0.1190672452
0.3669275718,1,1.261709651,3,0,0
0.3004148872,0.3369348606,2.208853044,3,1,0
0.2459589068,1,3.19534251,1,0,0
0.201374121,1,2.995607814,5,0,0.3984360112
0.563307197,1,2.819615183,1,0,0
0.4611969256,1,3.608025998,5,0,0.3513031065
0.7288992127,1,4.616821779,5,0,0.245130808
0.8419030093,1,3.780536983,1,0,0
0.6892918848,1,2.397383587,3,0,0.03405595154
0.5984004155,0.5357379685,4.507062228,3,1,0.04505572016
0.534984543,1,4.464888571,1,0,0
0,0.5187386657,3.532523841,5,1,0.2081141759
0.2081141759,0.0360939979,2.294413407,5,1,0
0.170389476,1,4.202329391,1,0,0
0.139503104,1,1.700477489,5,0,0.1506896763
0.2649051577,0.3089806032,3.077701465,5,1,0
0.2168859993,1,3.559709117,3,0,0.222370207
0.3999414445,0.401310909,2.188209546,1,1,0
0.3274443601,1,3.604879082,1,0,0
0.2680887675,1,2.979393359,5,0,0.3621850582
0.5816775767,0.1586935327,4.836468364,3,1,0
0.4762373204,0.501757493,3.528405513,3,1,0.008150054073
0.3980601941,0.112658857,1.790999102,5,1,0
0.3259041225,1,2.110047621,3,0,0.04483219106
0.3116599187,0.1987630682,4.896703217,3,1,0
0.2551655599,1,1.001002479,3,0,0
0.208911891,0.2705690182,4.758781382,5,1,0.05687504353
0.2279176334,1,4.206592544,1,0,0
0.1866031756,1,4.015736261,3,0,0.2866088622
0.4393866207,0.01693084595,2.478567903,5,1,0
0.3597393389,1,2.787635624,3,0,0.1076568488
0,0.6407298372,1.081935461,1,1,0
0,1,4.340386306,5,0,0.8350965764
0.8350965764,0.6332121189,2.340880554,3,1,0
0.6837192489,1,4.560008421,3,0,0.1372662455
0.697048221,0.2882326766,3.475567896,5,1,0.0001342256108
0.5708290406,0.02081404831,4.736865731,1,1,0
0.4673552903,0.462745054,4.150907014,1,1,0
0.3826381487,1,3.113520731,1,0,0
0.3132776197,1,4.849953248,1,0,0
0.2564900215,1,1.967497885,1,0,0
0.2099962684,1,1.400155162,3,0,0
0.171930403,1,1.996916723,3,0,0.04102050472
0.181785213,0.4664644957,4.612153841,3,1,0.05949313546
0.2083262798,1,1.249461084,5,0,0.04937294615
0.2199360781,0.691158476,2.183342827,1,1,0
0.1800684309,0.2095512529,3.362692332,5,1,0
0.147427562,1,2.172576755,3,0,0.06469874966
0.1854022285,1,3.801157303,5,0,0.5704541241
0.7222486303,0.3202882476,2.954012304,5,1,0
0.591327165,0.06466702269,2.720662252,1,1,0
0,1,4.949951427,1,0,0
0,1,4.050476051,5,0,0.7626190127
0.7626190127,0.59309584,3.663897914,5,1,0.06961450325
0.6939941419,1,2.855965874,5,0,0.1419841075
0.7101784539,1,4.365629878,5,0,0.2438580137
0.8253029541,0.8642333322,4.721019099,1,1,0
0.6757009091,1,2.98033681,3,0,0.063903305
0.6171204192,1,2.257784264,5,0,0.120394978
0.6256504435,0.5396557706,3.874251093,5,1,0.1020815639
0.6143208227,0.5771006688,2.738073097,3,1,0
0.5029633498,1,3.68534917,5,0,0.333679239
0.7454708012,0.3534056613,1.129163469,1,1,0
0.6103398705,0.6301099094,4.157223245,3,1,0.05569261601
0.5553966378,0.7111674882,4.638485905,1,1,0
0.4547203075,0.5147481592,4.423302201,1,1,0
0.3722934998,1,4.568100917,3,0,0.2731873708
0.5779955083,1,2.238559788,3,0,0.0362012199
0.5094239177,0.05937820599,2.595213326,3,1,0
0.4170810278,0.5105763676,3.11888099,3,1,0
0.341477064,1,2.889876577,5,0,0.3111317681
0,0.07585009198,4.976932333,3,1,0
0,1,4.936121206,3,0,0.4904181809
0.4904181809,1,4.464538825,1,0,0
0.4015204465,0.77643037,3.21058348,1,1,0
0.3287371376,1,1.649802923,5,0,0.1090471425
0.3781943467,1,1.885319006,1,0,0
0.3096393423,1,3.110858902,3,0,0.1495520253
0.4030632771,1,3.013797112,3,0,0.120622745
0.4506230454,1,3.812756064,1,0,0
0.3689389453,1,3.58596236,3,0,0.1816789147
0.4837405752,1,1.002867838,1,0,0
0.3960532855,1,3.454808514,3,0,0.1619913591
0.4862523637,0.570553954,3.31036036,3,1,0.0171133853
0.4152231492,1,1.390638613,5,0,0.05710910443
0.3970650661,1,3.831929419,5,0,0.4268672942
0.7519566748,1,3.85055785,5,0,0.176765462
0.7924155166,0.5760407228,4.453320472,3,1,0.02798116186
0.6767561145,1,3.639882194,3,0,0.0956744781
0.6497555214,0.1347135504,2.828598498,1,1,0
0.5319748273,0.4368822415,4.025148926,1,1,0
0,1,4.330847373,3,0,0.3996271059
0.3996271059,0.673382197,4.323994633,5,1,0.2869333664
0.6141203678,0.2625414834,1.947896721,5,1,0
0.5027992312,0.2222763922,3.787241399,1,1,0
0.4116571932,0.2690269545,3.219461753,1,1,0
0.3370364038,0.2447825864,1.356688732,3,1,0
0.2759420687,0.1448228457,3.021863723,1,1,0
0.2259222577,0.8397967808,3.264322002,1,1,0
0.1849695002,0.7008306372,3.639134656,3,1,0.1080425287
0.2594827469,1,1.079590373,1,0,0
0.2124465047,1,2.44889361,1,0,0
0.1739364868,1,2.468150327,3,0,0.09931146126
0.2417186121,1,2.428309144,1,0,0
0.1979024613,1,3.376633782,5,0,0.4765730268
0.638601858,1,4.34912742,5,0,0.3025921067
0.8254350868,1,2.11867479,5,0,0.04882034192
0.7246294322,1,3.468449273,1,0,0
0.5932764007,0.4069342364,1.266046995,5,1,0
0.4857336343,1,1.205463828,5,0,0.02641578403
0.4241008483,1,2.215662983,1,0,0
0,0.7586720592,1.596769098,1,1,0
0,0.4262416153,4.786496487,1,1,0
0,1,3.988497031,1,0,0
0,0.2905865076,4.315195978,3,1,0
0,1,4.499260367,5,0,0.8748150918
0.8748150918,0.7054328704,1.96476714,5,1,0.012080698
0.7283187169,1,4.665849567,3,0,0.1222232788
0.7185202104,0.241706275,1.816232424,3,1,0
0.5882745929,0.5187654906,1.947113059,5,1,0.001039098271
0.4826775988,0.3774319284,3.263033857,3,1,0
0.3951829939,1,1.58756048,1,0,0
0.3235484702,0.07121577275,2.125314023,1,1,0
0.2648990827,0.7705830708,1.316862731,1,1,0
0.2168810255,0.09919671502,4.629481707,1,1,0
0.1775671653,1,1.283288436,1,0,0
0.145379699,0.3847642311,2.119899643,5,1,0
0.1190268304,1,1.918276776,3,0,0.03324926338
0.1307001899,1,2.789631539,1,0,0
0.1070082649,1,1.462323289,1,0,0
0.0876109573,1,2.961186673,5,0,0.4473413077
0,1,2.026060883,1,0,0
0,1,3.296974246,5,0,0.5742435616
0.5742435616,0.1698309327,2.91550614,5,1,0
0.4701508636,1,4.447460108,1,0,0
0.3849269707,1,1.131749281,1,0,0
0.3151515486,0.2947590727,1.323020331,5,1,0
0.2580242647,0.09872749878,1.403830252,3,1,0
0.2112524005,0.2607088059,2.825300278,1,1,0
0.172958837,1,1.032743484,1,0,0
0.1416067189,1,3.180329448,3,0,0.1948976942
0.3108354698,1,2.540997579,1,0,0
0.2544905583,0.08566382443,2.088993258,1,1,0
0.2083592464,0.5368565014,2.61098312,5,1,0.07950512669
0.2500952494,1,3.074707973,3,0,0.1583845297
0.3631452016,1,3.623989005,1,0,0
0.2973181444,1,3.143534542,1,0,0
0.2434235082,0.01274186703,1.95902852,1,1,0
0.1992983122,0.3903601207,3.623291,5,1,0.08295035522
0.2461220125,0.6246928674,1.93460231,3,1,0
0.2015076606,0.6783625972,1.948319648,3,1,0
0,1,3.409897807,5,0,0.6024744517
0.6024744517,0.3426616579,4.731092133,5,1,0.06173212744
0.554996489,1,1.314563017,3,0,0
0.4543926934,1,4.724875551,3,0,0.2502871669
0.6223124389,1,1.96456985,3,0,0.01687714903
0.5263834808,0.6757935511,1.446286161,3,1,0
0.4309663436,0.6709734387,4.423693323,1,1,0
0.3528453991,0.4683578377,1.933536009,1,1,0
0.2888853793,0.6113700395,3.122019251,3,1,0.02581797979
0.2623373239,0.365558553,2.127854355,5,1,0
0.2147836348,1,4.414073154,3,0,0.3235962803
0.4994462474,1,1.668483983,3,0,0.0001364496887
0.4090484519,1,3.047146811,3,0,0.1223695318
0.4572700789,1,3.211847787,3,0,0.1257924041
0.5001734801,0.2326028999,4.943662741,3,1,0
0.4095074101,1,3.502211967,5,0,0.3693844062
0.7046607164,0.01919573132,2.150333076,5,1,0
0.576927399,1,4.873756484,3,0,0.2035247746
0.6758729785,0.5034415973,4.462320461,1,1,0
0.5533579927,0.2103945962,2.212139054,3,1,0
0,1,4.855539285,1,0,0
0,0.3828997317,2.635627721,3,1,0
0,0.5145802573,4.711308715,1,1,0
0,1,1.127144124,3,0,0
0,0.7828011761,2.234195502,5,1,0.1872327166
0.1872327166,0.08168772715,3.80794106,3,1,0
0.1532931831,0.2626411891,4.062147167,5,1,0.01415845404
0.1396642973,1,1.859113547,5,0,0.1847815144
0.2991289697,1,4.090516425,3,0,0.2548209116
0.4997269982,1,4.023413418,3,0,0.1768525157
0.5859943773,0.3841121142,3.400272104,1,1,0
0.4797716178,0.3140184074,2.908915208,5,1,0
0.392803778,0.3873715287,2.272805267,5,1,0
0.321600533,1,4.239649089,3,0,0.2618264856
0.5251307321,0.8083060303,1.667311635,1,1,0
0.4299406798,1,1.207586878,5,0,0.02958420868
0.3815898652,0.8367740167,1.304178002,1,1,0
0.3124193577,1,2.384589827,3,0,0.07404451019
0.3298318462,0.9075904894,3.479133205,1,1,0
0.2700434758,1,1.958853137,1,0,0
0,1,4.0277413,5,0,0.7569353251
0.7569353251,0.5210419761,3.442252982,3,1,0.004626430891
0.6243526597,1,3.580554134,3,0,0.1078420105
0.6190187338,1,3.457470047,5,0,0.2340625126
0.7408721866,1,3.112327712,1,0,0
0.6065748433,0.5390935188,1.937388373,1,1,0
0.4966214782,0.0102728837,2.809925932,1,1,0
0.4065992769,0.1333337743,4.859711772,3,1,0
0.3328953322,0.04809673857,4.562019019,5,1,0
0.272551646,1,1.593494293,1,0,0
0.2231464144,0.07493485232,2.423592307,5,1,0
0.1826968319,1,2.852177526,5,0,0.37844764
0.5280271548,1,2.785934331,3,0,0.07923959163
0.5115516617,1,2.172091346,1,0,0
0.4188230772,0.4854182588,4.868022096,3,1,0.06070626674
0.4036096002,1,3.351124905,1,0,0
0.3304475919,1,1.312299417,5,0,0.05227520663
0.3228228124,1,2.124542362,3,0,0.0465094463
0.3108144106,1,3.78529474,5,0,0.4798962493
0.7343695658,1,1.78756796,3,0,0.004817259438
0,1,4.28273344,5,0,0.82068336
0.82068336,0.3064004142,2.374579229,1,1,0
0.6719187053,0.1416436712,1.18503391,5,1,0
0.5501205076,0.7899495277,2.190339214,3,1,0.004291226893
0.4546918044,0.5528675013,1.240131441,3,1,0
0.3722701634,0.6220360192,4.64822589,5,1,0.2968163925
0.6016054238,0.5914402141,3.493920024,3,1,0.02389041644
0.5164432781,1,2.958513287,5,0,0.2367630662
0.6595910602,0.0619035705,2.562778111,5,1,0
0.5400274854,0.5022692635,4.864883249,5,1,0.1659904339
0.6081275437,0.3407187373,4.14705819,5,1,0.04045891386
0.5383516357,1,1.844824879,5,0,0.0975030059
0.538268046,1,4.025485877,3,0,0.1633713305
0.6040679332,0.1313989512,1.999765662,5,1,0
0.4945689938,0.2134650644,2.198585217,1,1,0
0.4049188448,0.7276291717,1.65070204,3,1,0
0.3315195107,1,1.575886929,3,0,0
0.2714252187,0.6776543512,4.461671256,1,1,0
0.2222241737,0.2783368042,1.105354237,5,1,0
0.1819417651,0.4390530553,3.532223409,3,1,0
0,1,1.868087407,5,0,0.2170218516
0.2170218516,1,2.21204509,5,0,0.237251205
0.4149336691,0.03857463388,1.021916137,1,1,0
0.3397189554,0.2661979397,4.038612251,5,1,0.01239186749
0.2905302236,0.8425691951,2.667402692,3,1,0.06180950414
0.2996755329,0.3607127382,4.221603439,1,1,0
0.2453535748,1,3.422588766,3,0,0.1987650503
0.3996435674,1,3.569199739,5,0,0.3856088975
0.7128093763,1,1.184955118,5,0,0.01327934392
0.5968783014,0.9519461628,2.714597092,1,1,0
0.4886826212,0.244198148,1.227833482,3,1,0
0.4000994905,0.6333217702,2.901841502,3,1,0.01539939181
0.342973149,1,4.616080462,5,0,0.5939654898
0.8747681543,0.36221226,1.236958458,1,1,0
0.7161995898,0.5450798488,2.208352182,3,1,0
0.5863746295,0.1837829155,1.863572835,3,1,0
0.480082942,0.4405851766,2.383508677,1,1,0
0.3930586686,1,4.929670406,5,0,0.596269847
0.9180790667,0.3462318685,4.464549014,5,1,0.01117747947
0.7628370452,1,3.310715366,1,0,0
0,0.1430948321,2.392581428,5,1,0
0,1,1.828467948,3,0,0.02427019223
0.02427019223,0.5677628723,2.642613527,1,1,0
0.01987075276,0.2516190497,1.198434478,5,1,0
0.01626879637,1,4.303877437,1,0,0
0.01331976391,0.6847349473,4.985524035,1,1,0
0.01090530033,1,2.062946811,3,0,0.05879378859
0.06772229334,0.7855718197,4.638155121,1,1,0
0.05544632423,1,3.953008368,5,0,0.6973187271
0.7427143379,0.4194783588,3.75654759,5,1,0.03703565473
0.6451187239,1,4.817684945,1,0,0
0.5281785387,1,4.800679163,5,0,0.4483104992
0.8807465119,1,4.219730779,3,0,0.04566927012
0.7667635251,1,2.320436319,1,0,0
0.6277728783,1,1.934467951,1,0,0
0.5139769614,0.5560963105,1.129885629,1,1,0
0.4208087447,0.1648656505,1.481100836,5,1,0
0.3445290604,0.6085177747,2.559772163,1,1,0
0.2820765371,1,4.32193857,1,0,0
0.2309447357,0.06793469664,4.615602777,3,1,0
0,1,3.804905313,3,0,0.320735797
0.320735797,1,1.780718978,3,0,0.01162074788
0.2742170085,0.1432059388,4.657482864,3,1,0
0.2245098979,0.5388472662,4.997970587,3,1,0.1194033108
0.3032164685,0.01403783582,1.037583704,5,1,0
0.2482526476,0.2216720569,4.663370593,1,1,0
0.2032520771,0.7008531713,3.833827628,3,1,0.121936324
0.2883450502,1,1.933414983,1,0,0
0.2360769601,1,1.623063188,3,0,0
0.1932834673,0.5255027736,3.734173284,5,1,0.1940795443
0.352326663,1,1.831613698,1,0,0
0.2884606741,0.383013034,4.849538832,3,1,0.02036104448
0.2565326695,0.1268743827,3.642211424,1,1,0
0.2100311857,1,4.244355117,3,0,0.3054440233
0.4774030141,0.2557777572,1.754016065,5,1,0
0.3908645292,0.7211449231,3.939061393,1,1,0
0.3200128104,1,1.2149509,3,0,0
0.2620043292,0.663988071,3.768468721,3,1,0.09249502062
0.3070060224,0.5499917371,2.548121159,3,1,0
0.2513552719,0.2870944473,4.740745618,5,1,0.06757299933
0,0.7754193796,3.700519396,1,1,0
0,0.3935969763,2.24282641,5,1,0
0,0.4061923691,3.442357086,5,1,0.09956479501
0.09956479501,1,4.33253232,1,0,0
0.0815167596,1,3.630732135,5,0,0.6040708441
0.670811122,1,2.493333866,5,0,0.122897225
0.6721109201,0.7146689904,3.276110378,1,1,0
0.5502778798,1,3.834982014,1,0,0
0.4505294229,1,3.841428168,1,0,0
0.3688622937,0.1148623151,1.998907129,5,1,0
0.3019989035,1,4.861790947,1,0,0
0.2472557897,1,3.847838822,5,0,0.5359235464
0.7383594653,0.216477092,1.591359798,1,1,0
0.604517601,1,3.191053846,5,0,0.2166308078
0.7115679586,0.1966696517,4.073933258,5,1,0
0.5825825706,1,4.980809285,5,0,0.4154147947
0.8923930614,1,2.768347713,5,0,0.04757162093
0.7782012642,1,2.912891479,1,0,0
0.6371373071,1,3.422548088,5,0,0.2197630807
0.7414069879,1,2.242307011,1,0,0
0,0.4245485275,4.802877505,3,1,0.05585818591
0.05585818591,1,1.048252009,3,0,0
0.04573281462,1,1.002251926,1,0,0
0.03744286175,1,4.226633866,3,0,0.3696172052
0.4002728276,1,3.825674694,3,0,0.1942223669
0.5219380405,0.7435125775,3.354316746,5,1,0.1785533558
0.6058800808,1,3.591171124,5,0,0.2553080385
0.7513606934,0.6337461615,1.343500906,1,1,0
0.6151621063,1,3.292856396,3,0,0.09387291451
0.5975250491,0.4270669462,2.457653771,1,1,0
0.4892121334,1,1.927335868,1,0,0
0.4005330184,1,2.165909552,5,0,0.17473107
0.5026597698,0.2509315856,1.151869093,3,1,0
0.4115430119,0.430319324,1.841400906,5,1,0
0.33694292,1,3.618527626,5,0,0.4340583203
0.709923851,1,3.833640983,3,0,0.09428813471
0.6755246238,1,1.936096908,3,0,0.01311352186
0.5661863059,0.1231137425,3.761315166,1,1,0
0.4635541406,0.1078488671,1.961536321,1,1,0
0.3795260306,0.5709193448,2.357477794,1,1,0
0,1,3.82048135,5,0,0.7051203375
0.7051203375,0.9327899911,1.184456373,1,1,0
0.5773037049,0.8876227346,4.500661905,1,1,0
0.4726562971,0.5601160124,1.037907294,1,1,0
0.386978246,1,3.894756264,5,0,0.4436371406
0.7604681314,0.4971584186,4.396720841,3,1,0.018654746
0.6412733919,1,4.622063071,1,0,0
0.5250302471,1,2.790477104,1,0,0
0.4298584096,0.552573237,1.956492701,1,1,0
0.3519382994,1,1.712059833,1,0,0
0.2881427089,0.1590732505,3.61329503,5,1,0
0.2359112971,0.5430657117,1.588341198,3,1,0
0.1931478339,0.1263950337,2.29757399,5,1,0
0.1581360715,1,1.466379048,5,0,0.09815692443
0.2276277893,1,1.860994685,5,0,0.166252092
0.3526179634,1,3.392955996,5,0,0.3872891815
0.6759883522,1,1.182564636,3,0,0
0.5534524527,0.4958169378,2.288553531,3,1,0
0.4531285434,0.0919489283,3.035722685,5,1,0
0.3709902736,0.430888161,3.762783463,3,1,0
0,0.1845452082,3.335884185,5,1,0
0,1,2.767204432,3,0,0.1650806648
0.1650806648,1,1.868896781,1,0,0
0.135156617,0.1515408891,4.635945594,3,1,0
0.1106568788,0.2817418362,2.065180857,1,1,0
0.09059818973,1,4.292550009,5,0,0.7485627347
0.8227382588,0.7349446698,2.611273844,3,1,0.006713127083
0.6803142413,0.3304589379,2.496933835,5,1,0
0.5569941911,1,4.200710618,5,0,0.3544833491
0.8105116226,0.7645432395,1.371188504,1,1,0
0.6635907912,1,4.42439875,1,0,0
0.5433021882,0.0980446295,2.768363911,1,1,0
0.4448182097,1,1.643794185,3,0,0
0.3641863478,0.3319446834,1.876330922,1,1,0
0.2981705628,0.08588856867,2.663364274,1,1,0
0.2441214094,0.007470807124,2.349577242,3,1,0
0.1998697054,1,3.324948521,1,0,0
0.1636394744,0.2276921502,3.154307104,5,1,0
0.1339766701,0.1301685926,1.323980087,3,1,0
0.10969082,0.1872234845,1.52088292,5,1,0
0,1,2.876159415,1,0,0
0,0.2778418844,1.663740612,1,1,0
0,1,1.659636404,3,0,0
0,1,1.170841267,3,0,0
0,1,4.782029579,3,0,0.4673044368
0.4673044368,1,2.661797907,1,0,0
0.3825965135,1,2.719117154,1,0,0
0.3132435316,1,4.312472512,5,0,0.5687154811
0.8251775936,0.3927488444,1.731234691,3,1,0
0.6755982726,1,1.041938953,3,0,0
0.5531330825,0.1791627086,3.086354233,5,1,0
0.4528670652,1,3.590859253,5,0,0.3543861067
0.7251623,0.1140730784,1.049883073,3,1,0
0.593712676,1,1.897929673,3,0,0.01409388419
0.5001847105,1,4.101281218,3,0,0.1825286365
0.5920452412,1,4.869011795,1,0,0
0.4847256462,0.1903879863,1.888060091,1,1,0
0.3968597934,1,1.415034249,1,0,0
0.3249213175,0.0919903823,1.950906358,3,1,0
0.266023075,1,3.047423814,5,0,0.3756904588
0,0.4568564161,2.649754595,5,1,0.05263934692
0.05263934692,0.2952384671,4.4610117,3,1,0
0.04309745215,0.5545538623,4.634003757,1,1,0
0.03528520945,1,4.144417937,3,0,0.3585484946
0.3874375807,1,1.952563481,3,0,0.02626944661
0.3434765088,0.7049500107,1.484235376,3,1,0
0.2812147807,0.2108280245,1.787430371,1,1,0
0.2302391892,0.3211223888,4.833794899,3,1,0
0.1885039048,1,4.872191988,1,0,0
0.1543339439,1,4.323807278,3,0,0.3370580432
0.4634159894,0.6027702193,2.101647334,1,1,0
0.379412922,1,4.178862927,1,0,0
0.3106370273,0.4147868648,1.48644131,1,1,0
0.2543280873,1,1.104439479,3,0,0
0.2082262265,1,4.428692786,1,0,0
0.1704812152,1,4.920178595,3,0,0.4048273891
0.5444056028,0.3482027478,3.614697542,3,1,0
0.4457216092,0.8345589172,2.715150723,1,1,0
0.3649259888,1,1.642672218,5,0,0.1020361059
0.4008122355,1,3.231438224,5,0,0.3342626203
0,1,4.931557265,5,0,0.9828893164
0.9828893164,1,3.48971149,3,0,0.004679031487
0.8094007417,0.8315163809,1.297009426,3,1,0
0.6626812788,1,2.032888898,1,0,0
0.5425575424,1,1.529909548,5,0,0.06060078144
0.5048093267,1,3.652386997,3,0,0.1474965281
0.5607994483,1,3.760560501,5,0,0.3031099238
0.7622536784,0.3633151967,2.728440539,1,1,0
0.6240805282,0.2720336753,1.274469898,5,1,0
0.5109539208,0.5401019416,4.968275294,5,1,0.2058120021
0.6241456905,0.5722535532,3.934211099,5,1,0.1175828523
0.6285901235,0.007464782641,2.859967192,3,1,0
0.5146460652,0.529010369,4.931645651,1,1,0
0.4213565605,1,4.36020827,1,0,0
0.3449775741,0.2474803453,3.912038046,5,1,0
0.2824437491,1,3.308278311,3,0,0.1766923046
0.407937688,0.1189367368,1.897378293,5,1,0
0.3339911305,0.08094709171,3.422215892,3,1,0
0.2734488098,1,2.715671286,1,0,0
0.22388095,1,2.464186001,5,0,0.284095662
0,0.5431438644,4.749630292,5,1,0.3949331378
0.3949331378,0.8435577958,4.71887266,3,1,0.2100164528
0.5333603581,1,4.625779857,5,0,0.4229831535
0.8596616812,0.3643875254,3.689469622,3,1,0
0.7038314556,0.443484068,4.136298504,3,1,0.007450822546
0.5836992802,1,4.055070255,5,0,0.3179569865
0.7958495378,0.6254342396,1.157960039,5,1,0
0.6515864914,0.4901924283,1.515703623,5,1,0
0.5334738988,1,3.537922247,3,0,0.1309484356
0.5677199225,0.09097590659,3.365081534,3,1,0
0.4648097597,0.0005418368475,4.165994389,1,1,0
0.3805540446,0.4033615467,1.152017952,5,1,0
0.3115712995,1,2.473824249,1,0,0
0.2550930047,1,2.402268212,1,0,0
0.2088524878,0.2750230856,1.041581821,3,1,0
0.1709939546,1,4.209616179,3,0,0.3162180778
0.4562160871,1,2.886043407,5,0,0.2564000159
0.6299181564,0.870584472,3.903605602,1,1,0
0.5157333666,0.4002645933,3.490989879,5,1,0.0481021616
0.4703489292,1,1.159370049,5,0,0.02110262934
0,0.8882737711,2.540505301,3,1,0.08849963368
0.08849963368,1,3.464287872,1,0,0
0.07245737173,0.5009048428,3.467312118,3,1,0.009756834575
0.0690799131,0.4024868807,2.623286336,1,1,0
0.05655784928,1,1.906466608,5,0,0.2137997016
0.2601053521,0.4732905588,3.494367923,1,1,0
0.2129562508,1,4.034933372,3,0,0.279589426
0.4539432576,0.228945984,4.20880792,5,1,0
0.3716573051,1,4.213325655,1,0,0
0.3042872653,0.5150303311,2.769049422,3,1,0
0.2491293419,1,1.966521033,3,0,0.03377277683
0.2377426305,1,3.777508483,5,0,0.5292940774
0.7239412804,1,4.72414145,3,0,0.1266063861
0.7193193758,0.335797738,3.006777942,5,1,0.000678491477
0.5896073857,0.7266897671,1.786701515,1,1,0
0.4827296989,1,2.388407214,3,0,0.05600024251
0.4512258924,0.1890777703,2.777172462,3,1,0
0.3694325147,0.6742208067,2.3703791,3,1,0
0.302465761,0.5786391364,3.250860297,3,1,0.02243357251
0.2700715928,0.6119149472,1.203534205,3,1,0
0,1,3.216482583,5,0,0.5541206458
0.5541206458,1,3.430551631,5,0,0.2709331979
0.7246088116,1,2.057519921,3,0,0.01614563135
0.6094051493,1,1.884567495,3,0,0.01276664122
0.511705378,0.3258085797,1.233744914,5,1,0
0.4189489295,0.5857868592,4.73597668,1,1,0
0.3430063726,1,4.110244277,5,0,0.5108526674
0.7916825331,1,4.421438428,3,0,0.08608006128
0.7342548978,0.8360575898,1.64152305,3,1,0
0.6011570654,0.1402809952,1.090119781,5,1,0
0.4921857769,0.4054762909,1.316705477,1,1,0
0.4029676318,1,1.070456707,1,0,0
0.3299219926,1,4.831890719,5,0,0.6419164243
0.9120337058,0.6005732258,4.779129049,3,1,0.01588077874
0.7625908215,1,1.021967131,3,0,0
0.6243565576,1,2.405839038,1,0,0
0.5111799146,0.6157912198,1.735258334,1,1,0
0.4185187164,1,2.938899219,3,0,0.1109669126
0.4536210565,1,4.840922803,1,0,0
0.3713935092,0.3959138104,4.312860314,3,1,0.003852191175
0,0.7972834096,3.401926022,1,1,0
0,1,2.106188439,1,0,0
0,1,4.618805186,5,0,0.9047012966
0.9047012966,1,4.429683499,5,0,0.08171109766
0.8224178715,1,3.609232694,3,0,0.05174475149
0.7250835548,0.6848026656,2.891825042,5,1,0.0673771751
0.6610253799,0.3378502855,4.766981978,3,1,0
0.5412018071,1,2.071150979,5,0,0.1228605334
0.5659590965,0.09953223094,4.017118957,3,1,0
0.4633681173,0.1602064877,3.452162068,3,1,0
0.3793737276,1,4.337933981,1,0,0
0.3106049377,0.922904544,4.283394382,1,1,0
0.2543018146,0.06281616805,1.505970497,5,1,0
0.2082047161,1,3.782540628,1,0,0
0.170463604,1,4.447823165,5,0,0.7150237005
0.8545874954,1,4.837147374,3,0,0.06915413108
0.7688311947,0.3055552779,4.370339956,3,1,0
0.6294657431,0.06727790554,1.484180646,5,1,0
0.5153629618,1,4.233841246,3,0,0.1866221827
0.6085656885,0.2133649729,3.82227998,3,1,0
0,0.04525112678,3.013921965,5,1,0
0,1,3.095714165,5,0,0.5239285411
0.5239285411,1,4.025580966,3,0,0.1684517658
0.5974081748,0.4482738183,3.504727213,1,1,0
0.4891164449,0.1805415837,2.184630535,3,1,0
0.4004546753,1,4.452208179,1,0,0
0.3278645578,1,2.738917177,1,0,0
0.2684327963,1,2.215936814,3,0,0.06027420386
0.2800483894,1,3.765985199,1,0,0
0.2292842287,0.2234076123,2.851701984,3,1,0
0.1877220492,0.3168165838,1.44649835,3,1,0
0.1536938148,0.472939906,1.906044037,5,1,0
0.1258338527,1,2.060939482,5,0,0.2318593448
0.3348833898,0.3545124372,2.435907157,1,1,0
0.2741793299,0.03373564375,4.266606841,1,1,0
0.2244790492,1,2.165537839,3,0,0.05803275683
0.2418206579,1,2.060389246,5,0,0.2009913051
0.3989773145,0.3086773587,3.485139556,3,1,0
0.3266549971,1,1.21293001,1,0,0
0.2674424918,1,3.77265262,3,0,0.2314133733
0,1,1.423174241,5,0,0.1057935604
0.1057935604,0.8002077255,1.552106339,3,1,0
0.08661644135,0.9413634433,1.513606595,1,1,0
0.07091554426,1,4.515498986,1,0,0
0.05806073696,1,2.770068262,5,0,0.4168241987
0.4643603096,1,1.841565351,3,0,0.01405240155
0.3942384675,1,2.413035926,3,0,0.06781826796
0.3905934253,1,1.46301956,3,0,0
0.3197908493,1,4.194361438,3,0,0.257904167
0.5197267699,0.3003265995,2.454891392,5,1,0
0.4255162897,1,1.85365355,5,0,0.1226025146
0.4709857869,0.03849283497,1.862107811,1,1,0
0.385610548,0.6560579622,4.760923791,3,1,0.1342541062
0.4499653206,0.4951264633,4.535654083,5,1,0.1712976254
0.5396980712,1,2.832174761,1,0,0
0.4418674083,1,1.740885025,5,0,0.1033780198
0.4651484557,0.08264039235,4.735769624,5,1,0
0.3808313454,1,1.0412805,1,0,0
0.3117983342,0.3121461521,1.179225064,5,1,0
0.255278885,1,1.511203083,3,0,0
0,0.5651003042,3.221812993,5,1,0.2051618756
0.2051618756,1,2.469655679,5,0,0.2920345908
0.4600069277,1,3.274671693,3,0,0.1302467362
0.5068685545,0.1851986999,2.468864313,5,1,0
0.4149888734,1,3.283360199,3,0,0.1418675557
0.4816317085,1,3.246899104,1,0,0
0.3943266914,1,2.454671029,5,0,0.2202638537
0.5431112427,0.3113187578,1.284003695,3,1,0
0.4446618768,0.0736027719,3.574190552,1,1,0
0.3640583532,0.7496449781,3.196744027,1,1,0
0.2980657697,0.6560354734,1.435669779,3,1,0
0.2440356121,0.1848969748,3.22714796,3,1,0
0.1997994605,1,3.938498419,3,0,0.2726881491
0.4362701119,0.420656429,3.299929813,5,1,0.05470106339
0.4118888206,1,1.237661908,1,0,0
0.3372260443,0.1834037235,2.260812977,5,1,0
0.2760973332,0.08767062441,2.871187613,5,1,0
0.2260493775,1,2.634648846,1,0,0
0.1850735771,1,2.446540242,5,0,0.2947059662
0.4462313953,1,4.195096637,5,0,0.4423360516
0,1,1.538825608,5,0,0.134706402
0.134706402,1,3.364393573,5,0,0.5114736556
0.6217619295,0.6255130061,2.851762758,1,1,0
0.5090556128,0.2340820442,4.915616475,5,1,0.01849111998
0.4352706052,1,1.205352281,5,0,0.02899211737
0.3853615478,1,4.30446478,1,0,0
0.3155073502,0.3987402178,4.624634252,3,1,0.01821034534
0.2765259158,0.2374432246,3.570300249,5,1,0
0.2264002713,1,4.874805839,3,0,0.372272339
0.5576332036,0.2860951463,4.712189341,1,1,0
0.4565514527,1,1.029712613,5,0,0.004036819043
0.3778295337,1,2.110680479,3,0,0.04143784209
0.3507785008,1,1.871297853,1,0,0
0.2871931461,1,2.445519296,3,0,0.08327572384
0.3184095846,0.1214409702,4.612332374,3,1,0
0.260691719,1,2.835921438,5,0,0.3393279806
0.552764308,1,4.29786002,1,0,0
0.4525651382,1,4.490967674,5,0,0.4777693515
0.8482983479,0.02852892547,2.641176372,1,1,0
0.6945279452,1,2.053620335,5,0,0.08046289218
0,0.6304901396,1.252244712,1,1,0
0,1,4.569401573,3,0,0.4354102359
0.4354102359,0.3065177161,3.749840758,1,1,0
0.3564837503,1,2.368319201,1,0,0
0.2918642094,0.9102705577,1.812207869,1,1,0
0.2389582039,0.5618945373,2.178225077,1,1,0
0.1956424303,0.5798758217,4.080269182,5,1,0.2746980529
0.4348765272,0.3116566405,1.256530669,5,1,0
0.3560467866,1,2.285666271,3,0,0.05979101761
0.3512974713,0.420118442,4.995610562,5,1,0.1781901719
0.4658082152,0.3763588904,2.565587969,3,1,0
0.3813715108,0.2574387837,2.985720358,5,1,0
0.3122405843,0.2324702102,4.24087098,5,1,0
0.2556409687,0.1700323715,1.345557463,1,1,0
0.2093011228,0.342063057,3.559624408,1,1,0
0.1713612659,1,2.826789649,3,0,0.1441984259
0.2844971641,0.01093329585,4.619696318,1,1,0
0.2329265775,0.06425927808,1.480228074,5,1,0
0.1907041522,1,1.078174485,1,0,0
0.1561353541,1,4.315404546,3,0,0.3352764379
0,1,2.264882982,1,0,0
0,0.8449087647,3.042045066,1,1,0
0,0.9021735999,4.408919353,1,1,0
0,0.8867118646,4.165333236,3,1,0.3040175601
0.3040175601,0.0826306037,2.319550414,1,1,0
0.2489085259,0.2885113294,1.838479426,1,1,0
0.2037890649,1,1.325458362,3,0,0
0.1668483745,1,1.486387274,3,0,0
0.1366038953,0.1982292103,4.474647567,5,1,0
0.1118418101,0.7174403905,1.062696933,3,1,0
0.09156832941,0.7864052933,3.410973005,3,1,0.138409634
0.2133794413,0.2070221614,2.223325922,3,1,0
0.1747003106,1,1.545626944,3,0,0
0.1430325169,0.4111209892,3.395570677,1,1,0
0.1171051203,0.7156603177,2.688102727,3,1,0.03404907742
0.1299266407,0.0731457337,2.153098495,5,1,0
0.1063749364,1,4.578221799,5,0,0.7993971707
0.8864896025,1,4.375428686,1,0,0
0.7257962999,1,1.148313066,1,0,0
0.5942317512,1,3.164797919,5,0,0.2196015651
0,1,1.550452535,5,0,0.1376131338
0.1376131338,0.08024081628,3.070571725,5,1,0
0.1126681047,0.6686332458,4.694413855,5,1,0.474465498
0.5667103401,0.8690724882,1.042401772,1,1,0
0.4639831836,1,2.492544716,5,0,0.2000072667
0.579884568,1,1.206971041,5,0,0.02173793207
0.4965072611,1,1.16707587,3,0,0
0.4065057638,1,4.584687471,1,0,0
0.3328187701,0.2832090492,4.768454883,5,1,0.05845668024
0.3309456426,1,1.030758176,5,0,0.005144722903
0.2761000981,0.218390643,4.635088468,3,1,0
0.2260516412,1,1.058039682,3,0,0
0.1850754304,0.0265145461,3.830726052,1,1,0
0.1515269465,0.3853162266,2.391353641,5,1,0
0.1240597711,1,1.903041407,3,0,0.03105752164
0.1326290714,1,1.165236052,1,0,0
0.1085874995,1,3.885052086,3,0,0.296624474
0.3855283993,0.1418488156,2.759507068,5,1,0
0.3156439567,1,4.608969657,1,0,0
0.2584274144,1,1.467676491,3,0,0
0,0.3596556086,2.842731422,5,1,0.005601074896
0.005601074896,1,3.559470903,1,0,0
0.004585772268,0.4762198501,2.616463783,1,1,0
0.003754512782,0.5414257474,3.043629321,3,1,0
0.003073935077,0.3630985847,1.292445712,1,1,0
0.002516725181,0.5880659931,4.009565859,3,1,0.1034224567
0.105482977,1,4.739019582,3,0,0.4122407976
0.4986029548,0.007783831305,4.187633361,3,1,0
0.4082215726,1,4.960902074,5,0,0.5859941
0.9202176556,0.1610442106,2.619765989,1,1,0
0.7534104942,1,1.473962066,3,0,0
0.6168403413,1,4.0846488,1,0,0
0.5050261571,0.1811377759,3.61696128,5,1,0
0.413480446,1,1.133191586,3,0,0
0.3385291569,1,2.637552832,5,0,0.2707983631
0.5479625947,0.8828532993,2.011489587,1,1,0
0.4486338278,0.3526739073,1.751759482,3,1,0
0.3673103117,1,1.921018808,5,0,0.1456797757
0.4464080238,0.06310820777,4.223362406,1,1,0
0.3654879775,1,4.746762965,3,0,0.2931537197
0,1,4.182299754,3,0,0.3773449632
0.3773449632,0.1087136234,2.165175739,3,1,0
0.3089439259,1,4.955406551,5,0,0.6833519308
0.9362938238,0.4056030924,1.316189018,5,1,0
0.7665725475,0.5073931593,1.794628179,1,1,0
0.6276165191,1,3.452421523,1,0,0
0.5138489453,0.198999714,2.60654227,3,1,0
0.420703934,0.1235899941,4.30916174,3,1,0
0.3444432487,0.06473475542,1.308863505,5,1,0
0.2820062804,1,4.96135986,1,0,0
0.2308872143,0.1484700227,2.627305464,5,1,0
0.1890344629,0.02812776187,3.143432378,5,1,0
0.1547683281,1,2.324367678,3,0,0.08338645887
0.2101000487,1,4.209919931,1,0,0
0.1720153711,1,4.55740683,5,0,0.7363695434
0.8772038177,0.6844549856,4.703268372,3,1,0.0285963234
0.7467900657,0.2676403248,1.546624517,3,1,0
0.6114199929,0.6583307344,4.914179331,1,1,0
0.5005883512,0.5468655542,2.369246043,3,1,0
0.4098470778,1,1.671848471,3,0,0.0004587085523
0,1,4.528084581,3,0,0.4292126871
0.4292126871,1,1.838182579,5,0,0.1196059954
0.471015622,0.7257353554,1.971727706,5,1,0.05699178607
0.442626761,1,1.141132806,3,0,0
0.3623921413,0.04870809707,1.902293363,3,1,0
0.2967015908,1,1.464196763,3,0,0
0.2429187169,1,3.226169087,1,0,0
0.198885024,0.2891600907,1.132955509,1,1,0
0.1628332855,1,2.996093526,5,0,0.4177657647
0.5510823831,0.7506739882,4.512286106,3,1,0.1158604165
0.567048511,1,2.743289813,1,0,0
0.4642600544,1,4.498954267,3,0,0.2276054407
0.6077094247,0.2794438932,2.440745132,1,1,0
0.4975503949,0.3367353045,4.202907019,3,1,0
0.4073598095,0.4492434268,4.525493721,3,1,0.03256987278
0.3660878764,1,4.791783952,1,0,0
0.2997274027,0.1063628471,4.826572992,5,1,0
0.2453960422,1,3.576799874,5,0,0.4861158458
0.6870291323,0.6541091032,4.197035251,1,1,0
0.5624918788,0.6934295846,2.620581228,1,1,0
0,1,2.242296508,3,0,0.08634447625
0.08634447625,0.8232463817,3.263148773,1,1,0
0.07069287806,1,4.616734172,5,0,0.840264206
0.8981426393,1,1.458870444,1,0,0
0.7353369994,1,1.231223347,5,0,0.01529906622
0.6173420815,0.3023240165,3.776638421,3,1,0
0.5054369473,0.3701316712,2.451062858,3,1,0
0.4138167725,0.3265236734,1.319318233,3,1,0
0.3388045178,0.07091108259,4.453430356,5,1,0
0.277389678,0.675251299,1.371145594,1,1,0
0.22710746,1,3.803100145,1,0,0
0.1859398617,1,2.331143829,1,0,0
0.152234683,1,3.687019221,3,0,0.2569177235
0.3815569402,0.4184452691,2.927954714,1,1,0
0.312392401,0.7357456357,3.970152666,3,1,0.1293756902
0.3851409559,0.1576000159,1.066805118,5,1,0
0.3153267448,0.2453731313,1.373408435,5,1,0
0.2581677033,1,3.407905352,1,0,0
0.2113698381,1,3.316638772,5,0,0.4567428024
0.6297977891,1,1.59939403,1,0,0
0,0.3897130954,4.570977151,3,1,0.01720544823
0.01720544823,0.0737852742,1.291927062,1,1,0
0.01408662958,0.9607185772,2.496024107,1,1,0
0.01153315685,1,4.458169151,5,0,0.854571386
0.8640139362,0.1092265294,4.584903346,5,1,0
0.7073947806,0.9357149612,1.808860009,1,1,0
0.5791658615,1,1.7196929,5,0,0.07571783539
0.5498987373,0.3092166035,4.052195691,3,1,0
0.4502190073,0.514011485,3.207219247,1,1,0
0.3686081469,1,4.228771529,1,0,0
0.3017908257,1,1.080419095,5,0,0.01403733756
0.2611227676,1,2.589731881,5,0,0.2936541731
0.5074434132,1,1.820131784,1,0,0
0.4154595279,0.04075712538,1.905381666,1,1,0
0.3401494921,0.3644842788,2.725186973,5,1,0
0.2784908498,1,4.546381804,1,0,0
0.2280090232,0.3428799163,2.477766414,1,1,0
0.1866779993,1,1.436013353,3,0,0
0.1528390189,1,1.23557842,3,0,0
0.1251340051,0.03671288499,2.908968083,3,1,0
0,1,3.945404759,1,0,0
0,1,2.123772483,5,0,0.2809431208
0.2809431208,1,2.452665508,5,0,0.2611372816
0.4911540545,0.5966253921,2.517729498,1,1,0
0.4021229289,1,1.961531325,1,0,0
0.3292304084,0.5059515135,1.898825542,3,1,0
0.2695510602,0.6073310149,1.702690602,3,1,0
0.2206897425,0.7184077489,4.603322752,1,1,0
0.1806854791,0.4674827827,1.881341635,1,1,0
0.1479327584,0.3030816035,2.491636102,1,1,0
0.1211170987,1,3.325782297,3,0,0.2187252539
0.3178875473,0.5250562368,4.28115891,5,1,0.2127933673
0.4730576783,1,1.479128024,1,0,0
0.3873068692,1,1.277973863,3,0,0
0.3171000447,1,4.801649358,5,0,0.6490365441
0.9086561025,0.177644792,4.803243952,1,1,0
0.7439446951,1,2.109121175,3,0,0.01699392362
0.6260843241,1,4.089567338,5,0,0.2888094149
0.801403905,1,3.62832837,1,0,0
0.6561340227,1,4.061117219,3,0,0.1235055119
0,1,3.920527235,1,0,0
0,1,4.519376435,1,0,0
0,1,4.407065398,5,0,0.8517663494
0.8517663494,0.832382926,3.365110373,5,1,0.06674444017
0.7641117449,1,1.703276543,5,0,0.04147366915
0.6670754535,0.287530667,1.267928206,5,1,0
0.5461551884,1,1.417529615,3,0,0
0.4471540487,0.3262724595,2.170686767,5,1,0
0.366098771,1,1.253977036,3,0,0
0.2997363225,0.7334336685,4.530728899,1,1,0
0.245403345,1,4.599143799,3,0,0.3319256152
0.5328448807,0.7035016405,4.202065619,3,1,0.09035901577
0.5266155062,1,4.980430524,3,0,0.2353026639
0.6664589739,0.07315261377,2.866247299,3,1,0
0.5456504576,0.8531982827,1.125453127,1,1,0
0.4467408101,1,3.425912446,1,0,0
0.3657604399,0.3463791056,1.886299174,3,1,0
0.2994593204,1,4.833350641,5,0,0.6713545158
0.9165310707,1,4.1639804,3,0,0.03126721551
0.7816593893,1,3.781436453,5,0,0.1518251335
0,0.4086305303,4.497697442,5,1,0.2094741227
0.2094741227,1,4.459833187,1,0,0
0.1715029062,1,2.091544443,5,0,0.2260853497
0.3665000532,1,2.833531463,1,0,0
0.3000648646,1,1.855964216,5,0,0.1497798574
0.39545219,0.2573780975,3.145188934,3,1,0
0.3237688693,1,1.371337294,3,0,0
0.2650795302,0.5131526623,4.604108493,5,1,0.2503525929
0.4673813562,0.2029215589,1.772280349,5,1,0
0.3826594898,0.2981589279,1.599890346,3,1,0
0.3132950922,1,3.177131439,3,0,0.1555865358
0.4120908626,0.1252542651,3.068075061,5,1,0
0.3373914623,1,4.250027212,1,0,0
0.276232766,1,4.737865238,1,0,0
0.2261602605,1,2.951871661,1,0,0
0.1851643604,1,3.859692484,1,0,0
0.1515997562,0.05146630328,2.248926499,3,1,0
0.1241193826,0.4176400483,3.18916201,5,1,0.07268096254
0.1743013181,0.6028123333,1.844967135,3,1,0
0.1427058495,0.3812609837,3.794257151,3,1,0
0,1,3.401381936,1,0,0
0,0.5953844681,3.799183795,3,1,0.0892962535
0.0892962535,1,4.968797088,5,0,0.9035995944
0.9767091832,0.850573221,3.521295321,5,1,0.0116169907
0.8112788358,0.6889451027,2.630522435,3,1,0.004122204747
0.668341137,0.4658526422,1.975197212,3,1,0
0.5471914424,0.812869025,1.571562278,1,1,0
0.4480024617,0.6749583489,3.700736343,5,1,0.2067013973
0.5734947901,0.2376517323,1.793142557,3,1,0
0.4695378214,1,3.912764262,3,0,0.1787204736
0.5631455277,1,3.383747805,1,0,0
0.461064562,0.4251735764,1.916014696,1,1,0
0.377487736,0.7337697467,4.416970564,3,1,0.1470099476
0.456070766,1,1.660002832,1,0,0
0.3733991617,0.005088873402,3.81928837,5,1,0
0.3057133768,1,1.17707141,5,0,0.03073457789
0.2810315211,0.02219421946,2.140911209,3,1,0
0.2300891489,0.02005978633,3.90822881,3,1,0
0.1883810622,1,4.923863187,3,0,0.396540357
0.5507737259,0.03701114651,2.119508159,3,1,0
0,1,3.926211581,3,0,0.3389317372
0.3389317372,1,2.334613484,5,0,0.2205676543
0.4980614907,0.5837030959,3.537057635,5,1,0.1335898666
0.541368126,0.7958203926,4.893874451,5,1,0.3318941252
0.7751288587,0.1117981766,4.178240681,5,1,0
0.6346218342,0.4153099965,4.788456327,3,1,0.01764925142
0.5372336637,0.3722256842,4.960744054,1,1,0
0.439849722,0.8491002065,1.771370742,3,1,0
0.3601184942,1,3.816360542,5,0,0.4505342562
0.7453743421,1,4.305742225,5,0,0.2104316972
0.8206925937,0.5565734233,4.453774265,3,1,0.02184463731
0.6937709026,1,2.594834997,3,0,0.04263482249
0.610646396,0.2365759863,1.442104729,1,1,0
0.4999549837,1,4.623983979,1,0,0
0.4093285203,1,1.583746558,3,0,0
0.3351298477,1,1.118908837,3,0,0
0.2743811126,0.0192519617,4.580120114,5,1,0
0.2246442549,1,3.415526945,3,0,0.2033983296
0.3873214896,0.1369837253,2.427331906,1,1,0
0.3171120148,1,3.295937625,1,0,0
0,0.003324679124,4.543117047,3,1,0
0,0.9786331239,1.230971081,1,1,0
0,1,2.635370743,5,0,0.4088426856
0.4088426856,0.6957995459,4.672404326,3,1,0.1404935731
0.4752256531,0.274890905,4.22857914,5,1,0.02130556913
0.4103874259,1,3.89517222,1,0,0
0.3359968063,0.5214158662,3.022271686,3,1,0
0.2750909182,0.8257490192,4.816175656,3,1,0.2512120582
0.4764374529,1,2.659503604,5,0,0.2172134835
0.6072874781,0.5313748092,1.098724731,3,1,0
0.4972049343,1,2.539026098,5,0,0.193453682
0.6005306522,0.2402601534,4.579419858,3,1,0
0.4916729131,0.291512732,3.387267605,5,1,0
0.4025477344,1,3.439392275,1,0,0
0.3295782098,1,2.271019282,5,0,0.2130297556
0.4828655715,0.9084524741,1.377092642,1,1,0
0.395336893,1,4.178722957,3,0,0.2278421643
0.5515166364,0.3383174996,1.228520594,5,1,0
0.451543631,0.5835265177,3.110641545,3,1,0.01221482223
0.3819074793,1,4.190375336,5,0,0.4929867833
0,0.8302870728,1.542739012,5,1,0.07022906448
0.07022906448,1,4.219052103,5,0,0.7482452713
0.8057439662,1,3.098227815,1,0,0
0.6596873642,0.09164151379,2.355564831,1,1,0
0.5401063325,0.6180482962,2.229619325,1,1,0
0.4422016644,1,3.285919354,5,0,0.3187705028
0.6808146044,0.0992434323,2.512046603,3,1,0
0.5574038538,0.1653182331,4.839944894,5,1,0
0.456363677,1,4.356956965,5,0,0.4562409353
0.8298799122,0.01856362089,2.728270422,1,1,0
0.6794482055,0.273324096,1.574128506,5,1,0
0.556285141,0.6178794017,1.809865091,1,1,0
0.4554477524,1,4.255205536,3,0,0.2114391989
0.5843282802,1,3.745854658,1,0,0
0.4784075329,1,4.14229817,5,0,0.4097497637
0.8014367234,1,1.237629713,5,0,0.01179613363
0.6679570257,0.6912483465,3.83618939,3,1,0.04906397677
0.5959409354,1,1.298562032,1,0,0
0.4879151709,1,2.06709723,1,0,0
0.3994711553,0.4172440202,2.7343425,1,1,0
0,0.9134713851,4.801962369,5,1,0.8466138042
0.8466138042,1,4.60423015,3,0,0.06758725314
0.7607360106,1,3.854102975,5,0,0.170721016
0.7935589829,0.6110752229,3.798572464,5,1,0.06818816547
0.7178993091,1,4.010278075,1,0,0
0.587766242,1,4.715809754,5,0,0.3829455548
0.8641678527,1,4.719929492,3,0,0.06220968686
0.7697304837,0.1152940617,3.050726915,3,1,0
0.6302020186,1,4.642583403,1,0,0
0.5159657733,1,2.535157265,5,0,0.1857671649
0.608204211,1,1.282705632,3,0,0
0.4979554917,1,4.228612263,3,0,0.1929316076
0.6006230823,0.88582242,3.153417753,1,1,0
0.4917485885,1,1.022501763,3,0,0
0.4026096922,0.5068698687,1.906219837,1,1,0
0.3296289365,1,2.379863612,5,0,0.2312551593
0.5011325067,1,1.425814461,5,0,0.0531062482
0.4633988428,1,3.009320093,3,0,0.1080704074
0.4874692909,0.8892315457,1.896562238,1,1,0
0.3991060997,1,4.046827724,3,0,0.2145336392
0,0.9986632345,1.92642019,1,1,0
0,1,3.28887814,3,0,0.243331721
0.243331721,0.6234054164,3.210722875,5,1,0.1894663379
0.388689501,0.8569471543,4.585496603,5,1,0.4477128464
0.7659448943,0.2752134464,4.747797995,5,1,0.01794370882
0.6450463489,1,4.884121623,1,0,0
0.528119283,1,3.448339398,3,0,0.1261105509
0.5584980492,1,4.280593133,3,0,0.1731080451
0.6303675735,1,3.655707187,5,0,0.2454088729
0.761510191,1,1.460191667,1,0,0
0.6234718122,1,1.766395181,1,0,0
0.5104555463,1,4.889938993,1,0,0
0.4179256538,1,1.437631752,5,0,0.06368355404
0.4058521393,1,3.046009409,3,0,0.1229300309
0.4552136586,1,3.036248932,3,0,0.1119194567
0.4846168782,0.070358337,2.393012999,5,1,0
0.3967707417,0.6443181492,2.854893304,1,1,0
0.3248484081,1,2.760466656,3,0,0.1107721206
0.3767355024,1,2.933638093,5,0,0.3012919937
0.6097369353,0.3104249163,4.714930706,5,1,0.04523460835
0,1,3.512248738,5,0,0.6280621846
0.6280621846,0.9778703003,4.282698686,3,1,0.1406626334
0.6548764587,1,3.771671827,5,0,0.2391422991
0.7753097953,1,4.620235001,1,0,0
0.6347699725,0.4921789579,4.153148634,3,1,0.02067707982
0.5403827775,1,1.466816182,3,0,0
0.4424279984,1,3.780376682,5,0,0.387565048
0.7497944563,0.6688959491,4.945436115,5,1,0.1443674843
0.7582472641,1,1.217316098,3,0,0
0.6208003536,0.581253967,1.553411694,1,1,0
0.508268341,0.4334830025,3.404906184,5,1,0.05851225105
0.4746471726,0.7514881898,2.513113711,1,1,0
0.3886082371,1,3.347633752,5,0,0.3588309846
0.6769964992,1,4.536307134,5,0,0.2855598961
0.8398377497,1,3.827119278,1,0,0
0.6876009933,1,2.142224553,1,0,0
0.562960079,1,3.722900526,5,0,0.2975040576
0.7584167871,1,2.536599205,5,0,0.0928041432
0.7137432904,1,3.089131398,1,0,0
0.5843635817,1,4.381588358,5,0,0.3513778184
0,0.5254606633,1.917455599,5,1,0.001886872708
0.001886872708,1,3.766195572,5,0,0.6902440284
0.6917888691,0.02149879914,2.606801906,3,1,0
0.5663888218,1,2.198647933,3,0,0.03460095357
0.4983209001,0.9137606426,4.850297484,1,1,0
0.4079906458,1,3.873171625,5,0,0.4252361196
0.7592706083,0.138729216,4.883826894,3,1,0
0.6216381969,1,3.088192986,1,0,0
0.5089543091,1,2.797461551,5,0,0.2206589373
0.6373554821,0.3229674119,4.085450365,1,1,0
0.5218225338,0.412024118,2.850586042,3,1,0
0.4272321561,1,2.731595959,5,0,0.2479506209
0.5977387258,0.1686482622,2.299489332,3,1,0
0.4893870771,1,3.844017023,3,0,0.1667674844
0.5674437346,0.602589024,1.111917043,3,1,0
0.4645836362,0.05923215456,4.849868634,5,1,0
0.3803689103,0.3608987806,2.323229161,3,1,0
0.3114197244,0.03629933618,2.733726205,3,1,0
0.2549689055,1,4.755046089,5,0,0.6994065243
0.9081574083,0.07222730861,1.761778674,3,1,0
0,0.01552725681,1.180250483,1,1,0
0,1,1.588255541,5,0,0.1470638852
0.1470638852,1,4.406006799,3,0,0.3504723194
0.4708780448,1,3.343090706,3,0,0.1330549148
0.5185772511,1,1.257672078,1,0,0
0.4245751433,1,1.533800201,3,0,0
0.3476127268,0.7167410166,1.469322519,5,1,0.008664309048
0.2932655387,0.1939699744,4.670963769,1,1,0
0.2401055153,1,2.603739438,1,0,0
0.1965817694,0.7997274423,4.348767468,1,1,0
0.1609475401,0.6443038177,4.695955212,1,1,0
0.1317727007,0.1511325213,1.323074359,1,1,0
0.1078863625,0.5883963681,3.848770358,3,1,0.0800140067
0.1683438895,0.431140563,1.714398658,5,1,0
0.1378283194,0.6257824248,3.892583068,1,1,0
0.1128442838,1,1.795874471,1,0,0
0.09238908542,0.2472297679,4.341708587,3,1,0
0.07564178549,1,3.984514122,5,0,0.6896900363
0.7516202923,1,3.299691746,5,0,0.1427991909
0.7581738389,0.1907747664,1.307187161,3,1,0
0,1,3.820006528,5,0,0.7050016321
0.7050016321,0.3605233093,3.170119114,3,1,0
0.5772065171,0.8810889095,4.085485764,1,1,0
0.4725767265,0.1263654099,4.35250712,3,1,0
0.3869130991,1,2.642832334,1,0,0
0.316777653,1,4.286374343,1,0,0
0.2593556064,0.8416868647,2.366183855,3,1,0.03609743793
0.2484398489,1,2.262767799,3,0,0.06720087855
0.2706062231,1,3.593493246,3,0,0.2108122974
0.4323659342,0.3469317924,1.031516103,5,1,0
0.3539912869,1,4.087992,5,0,0.4987174344
0.7885409873,1,4.000971626,3,0,0.07404147331
0.7196442297,0.2328448478,2.141821888,5,1,0
0.5891948621,1,2.875682214,1,0,0
0.4823919532,1,1.961847011,3,0,0.02291815821
0.4178672853,0.4861185834,1.447557301,1,1,0
0.3421207972,0.641403937,3.788127767,3,1,0.07529954411
0.355404362,0.2233839761,1.778207307,5,1,0
0.290980481,0.2875634837,4.862040716,3,1,0
0.2382346683,1,2.597472633,3,0,0.1063583573
0,0.03146783049,1.618472329,5,1,0
0,0.4732199579,3.100389628,5,1,0.1167915624
0.1167915624,0.4073856196,3.353603545,3,1,0
0.09562084382,1,4.653582091,5,0,0.826055872
0.9043435975,0.3767377865,3.533465046,5,1,0.007920106208
0.7483340208,1,3.690182399,1,0,0
0.6126840764,0.4353670637,2.90166962,5,1,0.02549423621
0.5271175315,1,1.055983707,1,0,0
0.4315673335,1,1.293955844,1,0,0
0.353337448,1,4.763904587,1,0,0
0.2892882349,1,3.744849744,1,0,0
0.2368491744,1,4.518880618,1,0,0
0.1939157029,0.2701384777,2.330040407,1,1,0
0.1587647495,1,4.703143891,5,0,0.7788037947
0.9087893776,1,4.519324508,5,0,0.08024994472
0.8243037562,0.2411280999,3.107471521,5,1,0
0.6748828351,0.40564497,4.961664258,1,1,0
0.5525473318,1,4.178170627,1,0,0
0.4523874931,0.861027645,2.187383172,1,1,0
0.3703835529,0.5142786649,1.374514762,1,1,0
0,0.5625816669,1.32802591,5,1,0
0,1,4.470312411,3,0,0.4205468617
0.4205468617,0.9794184851,2.302023888,1,1,0
0.3443146487,1,3.150872,3,0,0.1459757543
0.427876746,0.8255261528,3.219241723,3,1,0.08503767441
0.4353535249,0.2876418995,1.201799702,1,1,0
0.3564373193,0.4660256852,1.910274002,1,1,0
0.2918261948,1,3.09914967,1,0,0
0.2389270803,0.2226031387,1.955060349,5,1,0
0.1956169484,1,3.511851742,5,0,0.5051227423
0.6652803537,1,1.477742527,1,0,0
0.544685485,1,3.949335021,5,0,0.3357187612
0.7816695185,0.4158822826,3.355652322,3,1,0
0.6399768736,1,4.607939754,3,0,0.1588389499
0.6828076975,0.4230842068,4.865798733,1,1,0
0.5590356604,0.245730809,1.422432598,5,1,0
0.4576996873,1,1.577929079,1,0,0
0.3747328096,0.3813415785,4.904669754,3,1,0.01910389844
0.3259091739,0.1165057922,1.347692975,5,1,0
0.2668318634,0.05754226431,3.196898777,5,1,0
0,0.8483987864,1.310700787,1,1,0
0,0.5766516918,2.595247631,5,1,0.1241384843
0.1241384843,0.4307222532,2.2112101,3,1,0
0.1016359948,0.651518721,1.059164329,3,1,0
0.08321251453,0.7190195916,2.065600461,3,1,0
0.06812864468,0.6485894461,1.513371248,3,1,0
0.05577901657,1,1.048561191,3,0,0
0.04566799624,0.2369129766,3.793633709,5,1,0
0.03738979295,0.8132459918,2.481182084,1,1,0
0.03061217334,1,4.339485254,3,0,0.3886496703
0.413712798,0.5548349429,2.497744911,1,1,0
0.3387193907,0.03848643312,2.09219287,5,1,0
0.2773199818,1,2.370083883,5,0,0.2475330614
0.4745834589,0.2851139956,1.009257159,5,1,0
0.3885560727,1,4.148318573,5,0,0.4812550681
0.7993778741,1,1.872318751,5,0,0.04375161056
0.6982268594,0.3792887128,2.860593147,1,1,0
0.5716598024,0.3831760825,3.924391724,5,1,0.05394227819
0.5219777388,0.1435078326,1.53850763,5,1,0
0.4273592271,0.01330976029,3.629148529,5,1,0
0,0.5894743705,2.949349621,3,1,0.01078490166
0.01078490166,1,3.415618201,5,0,0.597391499
0.6062214297,0.6780246586,3.857551628,1,1,0
0.4963321277,1,2.354233121,5,0,0.1705209287
0.5768833053,0.7430280486,4.956988037,3,1,0.1279831413
0.6002952443,1,1.168759279,5,0,0.01686347161
0.5083436491,0.5600023152,2.700267501,5,1,0.06295119392
0.4791477725,0.5501281982,3.804096868,1,1,0
0.3922930166,0.316503714,3.488216462,1,1,0
0.3211823569,1,4.003057008,5,0,0.5096320201
0.7725938931,0.1064987353,1.800025801,5,1,0
0.6325463799,1,4.044894606,3,0,0.1310832699
0.6489684438,1,4.77589014,1,0,0
0.5313304228,1,2.203925395,1,0,0
0.4350165572,0.1440436281,3.117436902,5,1,0
0.3561614334,1,3.266061679,1,0,0
0.2916003186,1,4.18917191,3,0,0.2680412866
0.5067834351,0.5868052592,2.419002054,3,1,0
0.4149191834,1,3.693411675,3,0,0.1778714437
0.5175785392,1,3.080177004,1,0,0
0,1,1.14235338,3,0,0
0,1,1.133274393,5,0,0.03331859831
0.03331859831,1,3.215106921,3,0,0.2245272594
0.2518062204,0.4394371735,2.608374863,1,1,0
0.2061614965,1,2.680753319,1,0,0
0.1687907573,1,2.650708438,5,0,0.3430210276
0.4812152114,1,1.864280563,3,0,0.0153778625
0.4093635549,1,3.315518463,1,0,0
0.3351585316,1,1.021945244,3,0,0
0.274404597,1,4.809818281,1,0,0
0.2246634823,0.9096556488,2.238612661,1,1,0
0.1839389021,1,1.808866192,5,0,0.1650210581
0.315617494,1,1.144146472,5,0,0.02466283088
0.2830685794,0.04061397453,4.970262771,1,1,0
0.2317569512,0.2894620819,2.366396793,5,1,0
0.1897465432,0.1393469529,4.379486672,5,1,0
0.1553513302,1,3.438012156,5,0,0.5148159312
0.6420068427,1,3.986115517,3,0,0.1245520225
0.6501827684,1,3.501355578,5,0,0.218754321
0.7510789485,0.29227762,4.284595421,1,1,0
0,0.5564793931,4.621470106,3,1,0.135762932
0.135762932,0.7928986742,3.717625348,1,1,0
0.1111532875,1,4.362350936,1,0,0
0.09100461481,0.346430849,2.73186322,5,1,0
0.07450827682,0.05651416368,2.897412351,1,1,0
0.06100221759,1,1.431055313,5,0,0.1011899958
0.1511343873,0.6728910363,3.582851691,5,1,0.2994094994
0.4231478701,1,2.947320548,3,0,0.1108121879
0.4572563622,1,4.931226783,1,0,0
0.3743698458,1,4.233302887,3,0,0.2408647521
0.5473728579,1,2.535028173,3,0,0.05895659804
0.5071075902,1,1.462553041,1,0,0
0.4151845792,0.1101795381,3.427070001,3,1,0
0.3399243832,0.130290643,2.720446149,1,1,0
0.2783065462,0.4452916639,4.083706249,1,1,0
0.2278581282,0.7496950204,4.709151747,1,1,0
0.1865544569,0.146436403,2.957163212,5,1,0
0.152737871,0.06744367179,3.87894696,3,1,0
0.1250511921,0.6712156561,4.185066751,3,1,0.1499332827
0.2523165394,1,3.593530985,1,0,0
0,1,4.464449594,5,0,0.8661123984
0.8661123984,0.6209088216,2.448585742,3,1,0
0.7091128562,0.1607382613,4.028738878,3,1,0
0.5805725028,0.1666384061,1.353670494,3,1,0
0.4753325624,0.3394557339,1.45455772,3,1,0
0.3891693868,1,1.304731102,3,0,0
0.3186249451,0.3663797835,2.587342322,3,1,0
0.2608680413,0.6940372576,2.136488297,1,1,0
0.2135806879,1,4.447698981,1,0,0
0.1748650774,0.1601470399,4.373434741,3,1,0
0.1431674165,1,3.489145927,5,0,0.5331953338
0.6504109006,1,3.747292231,5,0,0.2401058543
0.7726172607,0.6331860035,2.344346888,3,1,0
0.6325655117,1,2.588010756,1,0,0
0.5179008378,1,3.744138889,5,0,0.3307367649
0.7547581078,0.09417118813,4.923979664,5,1,0
0.617943674,1,4.68921161,3,0,0.1732173625
0.679146852,1,2.834289641,1,0,0
0.5560384136,0.4145942293,2.191716259,1,1,0
0.4552457491,1,1.076606898,1,0,0
0,0.519275556,4.271395793,5,1,0.3045078563
0.3045078563,1,3.635697919,5,0,0.4582767989
0.7075867454,1,2.808148892,3,0,0.05006767987
0.6293907088,0.8435019915,1.044107313,5,1,0
0.515301529,0.6546768566,4.435579943,5,1,0.2307009054
0.6525941143,0.560675167,2.390083327,5,1,0.02953474336
0.563833614,0.7476118374,2.02630872,1,1,0
0.4616279194,0.1589155933,1.349520183,1,1,0
0.3779489741,1,2.683252679,3,0,0.09485525583
0.404293704,0.1432251193,4.136592816,1,1,0
0.3310076888,0.6742966987,3.553317174,1,1,0
0.2710061743,1,4.743175215,1,0,0
0.2218810892,0.4417021957,4.93841315,3,1,0.06006781508
0.2417286863,0.6627521358,4.938205739,3,1,0.1826834529
0.3805941623,1,1.552299531,5,0,0.08552438835
0.3971285334,1,4.700393533,1,0,0
0.3251413432,0.07718803568,4.996874888,1,1,0
0.2662032168,0.3328157465,2.449472106,3,1,0
0.2179487602,1,3.626250023,5,0,0.5134655216
0.6919068741,1,3.738248444,3,0,0.0957360158
0,1,1.425282353,5,0,0.1063205883
0.1063205883,1,3.56285196,5,0,0.572592008
0.6596399433,0.07850272725,4.46435788,1,1,0
0.5400675075,1,3.029599551,1,0,0
0.4421698772,1,4.819551364,1,0,0
0.3620180765,0.4533958519,3.322432322,1,1,0
0.2963953324,0.1033606186,1.389950699,5,1,0
0.2426679737,0.6978077372,3.143188468,1,1,0
0.1986797329,1,1.940754928,1,0,0
0.1626652073,0.07722213775,1.597988863,1,1,0
0.1331790077,0.4920819973,1.243422869,5,1,0
0.1090377493,0.07316050414,3.745963166,3,1,0
0.08927255856,0.05294944102,1.806917847,5,1,0
0.0730901891,0.4248785867,3.695486291,3,1,0
0.05984118557,0.07063970509,1.919429606,3,1,0
0.04899381892,1,2.456696488,5,0,0.346331841
0.3864445873,1,1.790642159,1,0,0
0.316394068,0.2605166271,3.104629678,5,1,0
0.2590415535,0.09169963865,2.073084434,5,1,0
0.2120852862,1,4.474753571,3,0,0.3318799484
0,1,2.756057981,3,0,0.1634086971
0.1634086971,1,3.6036716,3,0,0.2430722221
0.3768599478,0.5780688701,3.965333152,5,1,0.2013109483
0.5098577772,0.5090802278,2.522298652,1,1,0
0.4174362419,1,2.145726595,1,0,0
0.3417678887,0.2095465948,1.482579396,5,1,0
0.2798158809,0.5575298051,1.759215262,1,1,0
0.2290938669,0.5562762254,2.354457824,5,1,0.05969297935
0.2472591735,0.4106971478,4.0811383,5,1,0.12723425
0.3296729393,1,3.890915018,1,0,0
0.2699133739,0.5630945046,1.585217632,5,1,0
0.2209863799,1,4.09501896,5,0,0.6027654811
0.7836938263,1,1.010072318,5,0,0.0005446761485
0.6421789127,0.1019883055,1.428581271,1,1,0
0.5257716248,1,3.170026738,5,0,0.2572720635
0.6877374618,1,4.709260689,1,0,0
0.56307181,1,1.042746081,1,0,0
0.461004207,1,1.72702236,1,0,0
0.3774383216,1,2.386528319,1,0,0
0.3090203613,1,3.511810639,1,0,0
0,0.5288292064,3.617753581,5,1,0.2282934388
0.2282934388,0.07850740881,2.195839412,3,1,0
0.186910859,1,3.318709217,3,0,0.2014886788
0.3545183471,0.1207174105,2.563289154,1,1,0
0.2902550733,0.3747736854,1.965663339,1,1,0
0.2376407548,1,3.612607993,5,0,0.4979364644
0.6925002585,0.3992689418,4.120734605,5,1,0.04960596169
0.6165772198,0.3141422778,2.622944434,5,1,0
0.5048107315,0.1052717226,4.348631589,5,1,0
0.4133040704,1,3.036579221,3,0,0.1205583179
0.4589430707,0.3687466999,4.379751077,3,1,0
0.3757508059,1,3.009631863,1,0,0
0.3076387403,1,3.962812693,1,0,0
0.2518732975,1,2.708409493,1,0,0
0.2062164146,0.1491354263,2.752895972,1,1,0
0.1688357204,0.09017195962,2.496187227,5,1,0
0.1382309965,0.2658585849,3.011142366,3,1,0
0.1131739679,0.7140527808,2.44123085,1,1,0
0.09265900794,0.3857185222,4.711185379,5,1,0.185367828
0.2612306073,0.1716193098,3.927799578,5,1,0
0,1,3.437135276,1,0,0
0,0.3397862462,1.660482088,3,1,0
0,0.05546598996,4.733293735,5,1,0
0,1,1.151401385,1,0,0
0,0.5981311844,3.126755108,3,1,0.03053146039
0.03053146039,1,3.222919212,1,0,0
0.02499704555,1,1.737626521,3,0,0.01037791019
0.03084376012,1,1.406036554,5,0,0.09837821495
0.1236309499,1,1.731950413,3,0,0.008581898167
0.1098023589,1,2.226651782,5,0,0.2729906306
0.3628891986,1,1.339606075,5,0,0.05409167473
0.3512002216,1,2.9693035,3,0,0.1267725733
0.4143109952,0.09124362202,1.381213616,3,1,0
0.3392091531,1,3.788673074,5,0,0.4606824106
0.738403376,0.7839293365,4.205600183,1,1,0
0.6045535521,1,1.438231163,5,0,0.04332423921
0.5382908242,1,2.631955282,5,0,0.1883721821
0.629087434,0.01258210388,2.131572488,1,1,0
0.5150532286,0.4957937605,4.281239787,1,1,0
0.4216899177,1,4.818789878,3,0,0.2734356951
0,1,1.163804561,5,0,0.04095114024
0.04095114024,0.435743095,1.346491185,1,1,0
0.03352795789,0.6506381563,2.46217886,3,1,0
0.02745037021,1,4.927160745,3,0,0.4756488463
0.4981233086,1,3.13100178,5,0,0.2673750307
0.6752039023,0.3785780199,1.068336761,1,1,0
0.5528101994,0.8330061392,3.599407608,3,1,0.08932584751
0.5419285584,0.01353583078,3.137350702,5,1,0
0.4436935767,1,2.041491214,5,0,0.1448470631
0.5081126393,1,3.466673012,1,0,0
0.4160074438,0.04553804735,3.911741707,1,1,0
0.3405980877,0.08598563372,2.900910653,5,1,0
0.2788581289,1,1.99903423,1,0,0
0.2283097259,1,1.762300828,1,0,0
0.1869241938,0.09519001933,4.214204696,3,1,0
0.1530405859,0.2255622157,1.456012655,3,1,0
0.1252990342,0.4219872544,3.204451363,5,1,0.07702564931
0.1796118219,1,2.05168522,3,0,0.04737970038
0.1944334226,0.02218636636,2.575895661,3,1,0
0.1591886225,1,3.41249269,5,0,0.5071128255
0,0.6916946171,2.087587444,1,1,0
0,1,2.20463821,1,0,0
0,1,4.93413827,3,0,0.4901207406
0.4901207406,0.7989225181,1.033165307,5,1,0
0.401276923,0.2641134349,2.654989793,3,1,0
0.3285377574,1,1.723842245,1,0,0
0.2689839655,1,3.753886428,1,0,0
0.2202254446,1,2.617788718,1,0,0
0.1803053441,1,2.976623176,1,0,0
0.1476215302,1,4.778226277,3,0,0.3978339629
0.5186962495,0.6144368272,2.355786458,1,1,0
0.4246725709,0.775792622,1.162701966,3,1,0
0.3476924938,0.3597671015,2.32914433,5,1,0
0.2846665373,0.5496199187,2.196826951,3,1,0
0.2330652485,1,2.261948712,5,0,0.2419580805
0.4327757669,1,2.632522429,1,0,0
0.3543268296,1,1.620751221,3,0,0
0.290098272,0.2479821665,4.31081987,1,1,0
0.2375123767,0.2798372283,4.684169624,1,1,0
0.194458687,0.1329832564,4.367744029,5,1,0
0,1,2.499841951,1,0,0
0,0.7334273352,3.052186546,1,1,0
0,1,1.06426411,1,0,0
0,0.902116116,1.321066514,1,1,0
0,0.5594091738,1.095198917,5,1,0
0,0.2791096384,2.822893663,5,1,0
0,1,2.055567208,3,0,0.05833508126
0.05833508126,0.691733626,4.009955988,5,1,0.4175863451
0.4653470701,0.04733673169,4.573348079,5,1,0
0.3809939571,0.2243624572,1.690600563,3,1,0
0.3119314694,1,1.612099113,5,0,0.1052915343
0.3606794212,1,1.149544542,3,0,0
0.2952993342,0.4943395901,3.098670178,5,1,0.09368913354
0.3354597798,0.2219011654,2.97626404,5,1,0
0.2746512381,0.2933880222,1.025380389,3,1,0
0.224865415,1,4.276542743,5,0,0.6349403999
0.8190446305,1,1.312026346,1,0,0
0.6705770271,1,1.498289329,5,0,0.04103698801
0.5900590224,1,4.540263755,5,0,0.3628247961
0.8459242639,1,3.390244313,1,0,0
0,1,1.509218305,5,0,0.1273045762
0.1273045762,0.5124867976,1.093846655,5,1,0
0.1042281716,0.3500460486,3.423803083,3,1,0
0.08533480941,0.6366938524,1.784316469,5,1,0.0311130971
0.1009793299,0.6914511647,4.237517001,1,1,0
0.08267488279,0.5332993128,3.406287503,5,1,0.1872652227
0.2549536917,1,1.867944608,5,0,0.1616647315
0.3704031595,0.8227575594,1.136859091,3,1,0
0.3032604577,0.378938429,3.426839297,5,1,0.05200483096
0.3002934939,0.8817820677,1.469549169,1,1,0
0.2458595184,1,3.176141922,1,0,0
0.2012927486,1,1.405383522,3,0,0
0.1648045637,1,4.518041165,5,0,0.7345629814
0.8694935459,0.216660316,2.379363162,5,1,0
0.7118811056,0.2360106847,2.371663731,3,1,0
0.5828389537,1,3.687986407,5,0,0.2803308055
0.757518981,0.6502641067,3.320476953,1,1,0
0.6202040858,0.6460874875,1.772334965,3,1,0
0.5077801582,1,1.24294366,1,0,0
0.4157352313,1,2.889147375,1,0,0
0,0.8169288878,4.467971821,1,1,0
0,1,2.225411855,1,0,0
0,0.891613306,1.600982872,5,1,0.1068644077
0.1068644077,1,4.296881691,3,0,0.352370798
0.439863975,1,4.7909013,5,0,0.5308550964
0.8909852599,0.3040085054,3.786701289,1,1,0
0.7294770328,1,2.198837692,3,0,0.02159467274
0.6188399532,0.3545726578,3.701690472,3,1,0
0.5066633009,1,1.458285308,1,0,0
0.4148208259,0.6727087317,1.548579582,3,1,0
0.3396265672,0.6785239225,3.124891099,1,1,0
0.2780627151,1,3.398274734,5,0,0.4328509875
0.6605094837,1,2.694775934,3,0,0.05235500192
0.5931344289,0.7511559351,3.37401557,3,1,0.05295834416
0.5385757418,1,1.555853812,1,0,0
0.4409485227,1,4.82555862,5,0,0.5346710495
0.8956891656,0.479373138,1.305408689,3,1,0
0.733328265,1,3.254945405,1,0,0
0.6003984027,1,4.891323654,5,0,0.388744787
0.8803094233,0.1135843867,3.964325538,3,1,0
0,0.850411324,3.820203668,5,1,0.5621861147
0.5621861147,0.9416852076,2.951611918,1,1,0
0.460279061,1,2.816728346,1,0,0
0.3768446223,0.4817109533,4.081924691,5,1,0.1505399808
0.4590742622,0.3839616076,2.745438865,1,1,0
0.3758582164,0.7603883273,3.745218614,1,1,0
0.3077266806,1,4.824536612,5,0,0.6619061639
0.9138514608,0.07742094843,2.653380373,3,1,0
0.7481982947,1,1.323183436,5,0,0.02034453506
0.6329174883,0.568031118,1.289082234,1,1,0
0.5181890119,0.7163291315,3.702809436,3,1,0.07124276019
0.4955000401,1,3.012425421,5,0,0.253817136
0.659498257,0.0110488928,3.021292554,3,1,0
0.5399515046,1,1.515881436,5,0,0.05933261961
0.5014075216,1,3.554321413,1,0,0
0.4105177578,0.03103886305,2.459399698,5,1,0
0.336103513,0.2698559667,4.515753263,1,1,0
0.2751782823,0.228294772,2.390499473,3,1,0
0.2252969223,0.1878253643,1.913858961,1,1,0
0.1844575189,0.3061220722,4.700013387,5,1,0.08946049154
0,1,2.505487194,3,0,0.125823079
0.125823079,0.5598021376,1.716253059,3,1,0
0.1030152243,0.2507923453,2.088368417,1,1,0
0.08434173213,1,4.107407648,5,0,0.7113308761
0.780384046,0.7968640386,2.604318875,3,1,0.01346096646
0.6523853841,0.080315241,3.694607047,5,1,0
0.5341279768,1,4.368267113,1,0,0
0.4373070007,0.0177859667,4.55055302,1,1,0
0.35803669,0.7627171261,4.012594718,1,1,0
0.2931356488,1,1.301886854,5,0,0.05334826375
0.2933474343,1,3.744148165,5,0,0.4847898354
0.7249624012,0.8777372982,4.265025865,1,1,0
0.5935490127,1,4.949317902,1,0,0
0.4859568302,0.7622623601,3.891393434,1,1,0
0.3978678015,1,4.099071931,5,0,0.4665127487
0.7922593535,0.4955952081,4.734969136,3,1,0.02118834149
0.6698354386,1,1.420592367,3,0,0
0.5484148731,0.09893740455,1.333085944,3,1,0
0.449004122,0.2308032715,3.179044492,5,1,0
0.367613483,1,3.846440183,5,0,0.4500125983
0,0.5229448068,2.22341945,5,1,0.04068141369
0.04068141369,0.06963381744,2.148786381,3,1,0
0.03330712447,1,3.559032023,5,0,0.6184495063
0.6457190734,0.06242354397,3.099071549,1,1,0
0.5286700633,1,3.454489419,1,0,0
0.432838439,1,2.637152429,3,0,0.08256333294
0.4369414741,1,1.329389082,3,0,0
0.3577374221,0.2401954317,4.827060739,1,1,0
0.292890629,1,1.003892177,1,0,0
0.2397985653,1,2.532082067,3,0,0.09868350439
0.2950139643,1,3.413104362,5,0,0.4253012195
0.6668382246,0.3161024194,1.156434946,1,1,0
0.5459609618,0.1679949888,3.371366145,1,1,0
0.4469950294,1,3.289641608,3,0,0.1346269815
0.5005955585,1,3.937374686,5,0,0.3667344911
0.7765874697,1,3.525741948,3,0,0.06230110687
0.6981171508,0.2639439623,2.139531571,1,1,0
0.5715699806,1,3.664350037,3,0,0.1283801287
0.5963420494,1,4.295795373,1,0,0
0.4882435752,1,4.174976696,5,0,0.4062036806
0,0.984664917,2.530490705,1,1,0
0,0.2131055331,2.842801595,3,1,0
0,0.3870847644,4.400567216,5,1,0.175848131
0.175848131,1,4.993968487,1,0,0
0.1439722728,0.5106085438,3.691738057,3,1,0.02803914458
0.1459136719,0.02251465921,2.44316619,1,1,0
0.1194640105,0.04509523275,1.685539507,3,1,0
0.09780885925,1,4.044131494,5,0,0.6865971163
0.7666762373,0.2853948196,4.593650105,5,1,0.01814115255
0.6458425657,0.3777644633,2.348309262,5,1,0
0.5287711702,0.5112359332,4.058088144,1,1,0
0.4329212184,1,1.015332315,1,0,0
0.3544459151,1,4.239923761,1,0,0
0.290195771,1,2.448207712,1,0,0
0.2375922022,0.5150000632,1.3363675,1,1,0
0.1945240426,0.7629931606,1.16756555,1,1,0
0.1592628159,1,3.717745342,1,0,0
0.1303933652,1,4.288161041,3,0,0.3419503351
0.4487073932,1,2.160762851,3,0,0.04085873605
0.408229278,0.2351113935,1.859713385,5,1,0
0,0.3914121607,4.030479744,1,1,0
0,1,1.029732157,3,0,0
0,0.7879224942,4.265764825,5,1,0.5902730151
0.5902730151,1,4.204647981,3,0,0.1559819148
0.6392565849,0.4172969969,1.666529065,1,1,0
0.5233790252,0.1163951077,1.611589811,5,1,0
0.4285065034,1,1.283101085,1,0,0
0.3508314523,0.1689261982,4.413715702,3,1,0
0.2872364991,1,3.995619159,5,0,0.5337919998
0.768961355,1,2.708408065,3,0,0.03610237817
0.6656746874,0.06821669682,3.959261033,5,1,0
0.5450083382,1,3.47715892,3,0,0.1235638319
0.569778919,0.3451536762,2.434637851,5,1,0
0.4664955234,0.2500319348,2.07984503,3,1,0
0.3819342312,0.07818599592,2.635747973,5,1,0
0.3127013007,0.294730113,3.76081459,1,1,0
0.2560181714,1,2.160141879,3,0,0.0550704886
0.2646804389,0.3546661417,3.373706354,5,1,0.03612981924
0.2528318343,1,1.778947974,1,0,0
0.2070011981,1,2.954484394,5,0,0.3874759458
0,0.8097728443,1.002651264,1,1,0
0,0.1878706415,3.380395189,3,1,0
0,1,4.352454717,1,0,0
0,1,2.576856969,5,0,0.3942142422
0.3942142422,0.4080367325,1.847973049,3,1,0
0.3227553234,0.8969838695,4.375322013,3,1,0.2293753158
0.4936250247,1,1.568210913,3,0,0
0.4041459882,1,3.2304112,1,0,0
0.3308867493,0.1848880622,4.578710096,3,1,0
0.2709071574,0.2611962745,3.994150048,3,1,0
0.221800021,1,2.301158479,1,0,0
0.1815944983,1,1.546666063,3,0,0
0.1486770003,0.345361898,3.1174312,1,1,0
0.1217264324,0.3522565236,3.72980154,3,1,0
0.09966117369,0.4831688144,4.886780934,3,1,0.09378921609
0.1753848839,0.1156224719,1.367151141,1,1,0
0.1435929981,0.3353577722,3.21046879,1,1,0
0.1175640034,0.6708468487,1.034828741,3,1,0
0.09625326507,0.3998683056,2.416806286,5,1,0
0.07880550819,1,1.434712772,3,0,0
0,1,4.175118984,1,0,0
0,1,2.277954112,5,0,0.3194885279
0.3194885279,1,4.153935012,1,0,0
0.2615750831,0.5507838116,1.389248186,5,1,0
0.2141595648,0.6417606637,3.837919498,5,1,0.2874262008
0.4627652226,1,2.305520475,3,0,0.05148217256
0.4303622917,1,3.568049737,1,0,0
0.3523508432,0.2799666805,4.482180869,1,1,0
0.2884804712,0.8391007284,2.874399212,1,1,0
0.2361878334,0.6098762198,2.016930697,3,1,0
0.1933742427,1,3.681004609,5,0,0.5406418433
0.6989632826,1,2.735659212,5,0,0.1306242879
0.7028870227,1,1.818087562,1,0,0
0.5754752214,0.1710055374,3.495845294,1,1,0
0.4711592614,1,3.420835572,1,0,0
0.3857525769,1,1.7275265,5,0,0.1117203195
0.4275478173,0.1896746782,2.296716762,1,1,0
0.3500465465,0.1945076501,1.219207313,1,1,0
0.2865938726,1,3.75078632,3,0,0.2230235596
0.4576667767,0.6203045188,4.491666316,1,1,0
0,0.8429839597,3.474157465,1,1,0
0,1,4.594008159,3,0,0.4391012239
0.4391012239,1,2.403381934,3,0,0.06198340378
0.4214890795,1,4.553578753,5,0,0.5139460289
0.8590321004,1,3.39178568,5,0,0.08429125091
0.7876072494,0.2751312588,2.461807819,5,1,0
0.6448382764,1,4.448124229,5,0,0.306160436
0.8341093637,0.5814329352,2.955973725,5,1,0.02980641996
0.7127174075,0.5885931579,1.544087286,1,1,0
0.5835236597,1,1.994623105,1,0,0
0.4777487654,0.305792255,2.096308946,1,1,0
0.3911476065,1,2.934496381,5,0,0.294455688
0.6147002624,0.578933922,2.476395245,1,1,0
0.5032740088,1,3.137130754,3,0,0.1095626597
0.5216085679,0.5528772876,3.694736819,3,1,0.02698625711
0.4540432327,0.4554036388,1.787259394,1,1,0
0.3717391578,1,2.881196268,1,0,0
0.3043542807,0.1378004545,1.442251063,5,1,0
0.2491842094,1,4.622732692,3,0,0.3329191574
0.5369339328,0.3622762286,3.594938481,5,1,0.03500325139
0,0.9276688475,3.702786652,5,1,0.6087399565
0.6087399565,1,4.990198921,5,0,0.3903013509
0.8886954739,1,4.044035036,1,0,0
0.7276023146,1,2.413461177,5,0,0.09625588828
0.6919662792,0.2048885372,3.935703292,5,1,0
0.5665340729,1,1.269936424,3,0,0
0.4638388682,0.6677447361,2.458266092,3,1,0
0.3797591458,1,3.401629812,5,0,0.3723972315
0.683317723,1,1.290427742,1,0,0
0.5594532339,1,3.756333548,3,0,0.138089398
0.5961309655,0.07175403664,2.63005851,3,1,0
0.4880707544,0.2950721781,3.000333809,1,1,0
0.3995985363,0.05949851197,1.262746484,3,1,0
0.3271636105,1,3.160278413,1,0,0
0.2678589092,0.7241363259,1.847281401,1,1,0
0.2193043265,0.1190871431,4.543491843,5,1,0
0.1795511964,0.2297225828,4.965835317,5,1,0.02887251948
0.1758766057,0.1545439444,3.713739077,3,1,0
0.1439955858,0.2570961941,1.661678495,3,1,0
0.1178936144,1,2.992769435,1,0,0
0,0.705710044,4.453904874,3,1,0.2214748107
0.2214748107,1,2.580932974,5,0,0.3076990358
0.4890272743,1,2.569722275,3,0,0.06921551785
0.4695971864,0.9178330312,4.260797581,3,1,0.1785362995
0.5630099575,0.2031912447,4.566321948,1,1,0
0.4609535665,1,3.659858809,1,0,0
0.3773968607,0.7615382761,4.557791635,1,1,0
0.3089864159,0.2230343057,2.966365709,5,1,0
0.252976681,0.2386971908,2.930336967,3,1,0
0.2071197886,1,4.610320828,3,0,0.3500947701
0.5196701106,1,2.776485637,3,0,0.07996188349
0.5054317845,0.4781996037,1.789037897,5,1,0
0.4138125455,0.1284161934,4.161849159,1,1,0
0.338801057,1,3.847962307,1,0,0
0.2773868446,1,2.969445627,5,0,0.3557868297
0.5828919699,0.02374738647,1.855341387,3,1,0
0.4772315814,1,1.243980027,3,0,0
0.3907241721,0.0373928762,3.947412647,1,1,0
0.3198978956,1,2.918828613,3,0,0.1277396962
0.3896499413,0.3599938033,3.371521083,5,1,0.0326120256
0,0.8501813017,4.77695465,1,1,0
0,0.7518652875,4.479256166,1,1,0
0,0.7757724764,4.544008012,3,1,0.2787674523
0.2787674523,1,2.702950994,1,0,0
0.2282354861,1,4.611312351,5,0,0.6967706802
0.8836340916,1,1.337004137,3,0,0
0.7234584053,0.5902790155,1.872334998,5,1,0.007273048039
0.599590693,0.08348236359,2.620587983,5,1,0
0.4909033396,0.6389059216,2.014601967,5,1,0.03654564711
0.4384633081,0.6326153078,1.293172915,3,1,0
0.3589833944,0.1018620398,2.252029048,1,1,0
0.2939107448,1,1.23419494,1,0,0
0.2406337655,0.08273855491,3.588185836,1,1,0
0.197014264,1,3.222388271,5,0,0.4461365204
0.6074381572,1,3.392243582,3,0,0.1016093481
0.598937648,1,2.188844796,1,0,0
0.4903686716,0.4540648039,2.915501913,1,1,0
0.4014799118,1,4.122272148,5,0,0.4671856504
0.7958896009,1,2.256136153,3,0,0.01804752781
0.6696668202,0.2667015053,3.542736129,1,1,0
0,0.5080158305,1.072276671,1,1,0
0,1,2.63898983,1,0,0
0,0.721460192,3.72503582,5,1,0.4218662644
0.4218662644,0.8742191361,2.368197641,3,1,0.03500516192
0.3804000463,1,1.153808963,5,0,0.02382500664
0.335270223,0.9645719293,1.407303602,1,1,0
0.2744960421,0.4024697875,2.745657717,3,1,0
0.2247383513,1,3.169229552,3,0,0.174731907
0.3587321066,0.1993988049,2.497282016,5,1,0
0.2937050078,0.5356570554,2.19530879,3,1,0
0.2404653222,1,1.39665433,1,0,0
0.1968763544,0.3798852187,4.512620175,3,1,0.005735632291
0.1669243582,1,2.232259956,5,0,0.2566414384
0.3933075438,1,4.876567661,5,0,0.587971089
0.9099840705,0.06789155096,3.38624856,3,1,0
0.7450319433,1,2.469355867,3,0,0.03069901583
0.6406795799,1,1.998389546,3,0,0.01787922065
0.5424232956,0.1726792194,2.44623385,5,1,0
0.4440986333,1,1.914905767,5,0,0.1271493416
0.49074655,0.2107054885,4.812776947,3,1,0
0,1,4.32489317,1,0,0
0,1,1.12841146,3,0,0
0,0.2525201133,1.484838938,3,1,0
0,0.498747908,3.185364303,1,1,0
0,0.6945911256,4.291358983,3,1,0.19711098
0.19711098,1,4.622069331,5,0,0.7270299239
0.888410745,0.3767978583,2.531725297,5,1,0
0.7273691983,0.2437748182,3.012784167,1,1,0
0.5955195315,0.4885994272,1.229682477,5,1,0
0.4875701545,0.5229661534,3.740285978,3,1,0.02224275819
0.421431438,1,2.431624815,3,0,0.06638711037
0.411425989,1,1.374814762,1,0,0
0.3368471098,0.2874798472,3.312896959,1,1,0
0.2757870879,0.5048419762,1.626637823,5,1,0
0.2257953701,1,1.759069813,3,0,0.01073084157
0.195596455,0.6873068771,4.490879602,3,1,0.1713314114
0.3314722443,1,1.988480267,1,0,0
0.2713865202,0.05132657806,2.57355156,5,1,0
0.22219249,0.3256473921,3.775005067,3,1,0
0.1819158247,0.1356385169,4.016436283,5,1,0
0,1,3.231245204,3,0,0.2346867805
0.2346867805,0.9727781021,3.303004648,3,1,0.177524801
0.3696700856,1,1.34000427,5,0,0.05357871561
0.3562389832,0.2548327629,4.797189893,1,1,0
0.291663811,0.1105628902,4.396153234,3,1,0
0.2387941316,0.1806589228,2.775514703,1,1,0
0.1955080992,1,2.605038003,3,0,0.113236821
0.2733053143,1,3.436710326,1,0,0
0.2237634658,0.2278735958,2.816649588,1,1,0
0.1832020309,0.273412224,4.358051867,5,1,0.03911332093
0.1891064576,0.4749880516,1.272296296,3,1,0
0.1548272725,0.7877842964,4.084356193,3,1,0.1966199272
0.3233817766,1,1.978605657,3,0,0.03165954082
0.2964221463,1,2.636216381,1,0,0
0.2426899271,0.236373856,4.228091344,3,1,0
0.1986977068,0.3129450006,4.2073446,5,1,0.06343659019
0.2261165133,1,1.98425274,5,0,0.1904242356
0.3755527787,1,2.990711914,3,0,0.1240194563
0.4314960657,0.5781343117,3.952906323,3,1,0.05275524154
0.4060343404,1,4.699867648,1,0,0
0,1,1.443315939,5,0,0.1108289848
0.1108289848,1,2.234728849,3,0,0.07576566409
0.1665047623,0.7151038611,3.238517123,1,1,0
0.1363225694,1,1.012620624,3,0,0
0.1116114799,0.4085548133,2.721491311,3,1,0
0.091379751,0.5154314645,2.827756426,3,1,0
0.07481541235,1,3.101803316,1,0,0
0.0612536789,0.0449991796,2.548328944,1,1,0
0.05015027065,0.702042638,4.11184205,3,1,0.1738256027
0.2148851715,0.8653602431,1.844578193,1,1,0
0.1759330983,1,2.297944081,5,0,0.2673981893
0.4114400273,1,4.510188191,5,0,0.5164890664
0.8533476698,0.04736413994,4.128734622,1,1,0
0.6986619804,0.2641866728,2.759891368,5,1,0
0.5720160493,0.05304291284,2.887113915,5,1,0
0.4683271308,1,3.774662465,5,0,0.3688031884
0.7522370129,0.2421578518,4.355936576,3,1,0
0.6158795761,0.768274182,3.326813131,1,1,0
0.5042395491,0.01951061391,2.558371116,5,1,0
0.4128364258,0.2510935771,3.008200066,3,1,0
0,1,3.280485616,5,0,0.570121404
0.570121404,0.5751185472,3.762073989,3,1,0.03204563482
0.4988215612,0.6428641525,2.130168402,3,1,0
0.4084005525,1,1.792278085,5,0,0.1171778193
0.4515479112,0.07961670289,3.916789355,1,1,0
0.3696961614,1,4.069722623,5,0,0.4837144882
0.7863961048,1,4.425674692,1,0,0
0.6438466751,0.6959589356,2.306729877,5,1,0.05390285034
0.5810399235,0.09685821667,4.666619028,5,1,0
0.4757152542,0.8273870961,2.234659037,1,1,0
0.3894827083,0.7811336673,3.182322445,3,1,0.07501601813
0.3938974892,1,4.870947149,3,0,0.2913183668
0.6138143548,0.6975590669,1.677120574,3,1,0
0.502548689,1,1.904780908,1,0,0
0.4114520666,0.3978891533,1.795495432,1,1,0
0.3368684603,0.1889420922,3.170804235,1,1,0
0.2758045682,1,4.592764425,3,0,0.3178599945
0.5436696763,1,4.459795576,1,0,0
0.4451190835,0.5021435249,2.656423322,3,1,0
0.3644326825,1,3.021575579,5,0,0.3212118421
0,0.5327869337,4.327627648,3,1,0.09585551968
0.09585551968,0.005085743622,4.744664999,5,1,0
0.07847986182,1,1.008043399,3,0,0
0.06425387637,0.08136196764,1.059352761,1,1,0
0.05260662459,0.5155491599,1.862094249,1,1,0
0.04307066136,0.2570309438,2.602794246,1,1,0
0.03526327501,1,4.756209951,1,0,0
0.02887112771,0.4638918466,1.66040655,3,1,0
0.02363768013,1,2.039316317,3,0,0.05457616159
0.07392905725,0.5623031238,1.550982234,5,1,0
0.06052799271,0.3299536576,4.122760361,1,1,0
0.04955612906,1,3.638112372,3,0,0.2810622732
0.3216354,1,2.141982615,1,0,0
0.2633327933,1,2.913411498,1,0,0
0.2155986562,0.7920679612,4.876159219,1,1,0
0.1765172501,1,2.178308866,5,0,0.2425792563
0.3870993575,0.3578295719,2.045483549,1,1,0
0.3169301484,1,3.661382546,3,0,0.2043795419
0.463860001,0.3537431025,3.608704142,3,1,0
0.3797764479,1,1.062912745,3,0,0
0,1,4.659239207,5,0,0.9148098017
0.9148098017,1,3.535593264,3,0,0.02388213411
0.772865052,0.8864686116,2.950849316,5,1,0.09175316651
0.7245215525,0.3303865388,1.61386492,5,1,0
0.5931880763,1,2.906436836,3,0,0.07565299312
0.5613143136,0.003112712499,4.309652787,3,1,0
0.4595652907,0.1275199105,3.077285574,5,1,0
0.3762602365,0.1207713918,1.449975028,3,1,0
0.3080558268,1,3.181815804,5,0,0.3774236832
0.6296384622,0.2743454463,4.993605596,1,1,0
0.5155043724,1,2.677353266,5,0,0.2031675808
0.6252268638,1,4.022898313,5,0,0.2832252703
0.7951177314,1,4.318740341,5,0,0.1699877625
0.8209751015,1,2.838778868,3,0,0.03147559019
0.7036331533,1,2.608402869,5,0,0.1191693216
0.6952554231,1,3.130611655,1,0,0
0.5692269961,0.8549383112,4.959265835,1,1,0
0.4660436472,0.1715876246,2.592982085,3,1,0
0.3815642663,1,2.697016435,5,0,0.262373901
0.5747723001,1,3.510671947,5,0,0.2669018143
0,0.3709263196,1.518640248,1,1,0
0,1,4.59768763,5,0,0.8994219075
0.8994219075,0.6399281215,3.843249351,3,1,0.01195979134
0.748344167,0.541211717,2.460550861,1,1,0
0.6126923834,1,2.582402288,1,0,0
0.5016300965,0.1753817822,3.609566249,5,1,0
0.4106999867,0.6159284155,3.744883497,5,1,0.1924919262
0.5287446356,0.3574281997,4.872448991,5,1,0.08736493289
0.5202644265,1,4.887553507,1,0,0
0.4259564857,0.02473961721,1.604377381,5,1,0
0.3487436744,0.01764835665,4.32286643,1,1,0
0.2855271711,0.1187565672,1.509279485,1,1,0
0.2337698758,0.3818953959,4.451938959,5,1,0.1341237926
0.3255183791,1,4.968515773,3,0,0.3340554806
0.6005673883,0.02727663849,4.123953395,5,1,0
0.4917029901,1,1.455941142,3,0,0
0.4025723593,1,2.842792266,5,0,0.275233759
0.6048321299,1,4.983565459,3,0,0.1966097747
0.6918044399,0.5832500535,2.507650605,3,1,0
0.56640157,1,1.074302169,5,0,0.008054325961
0,0.2877226929,1.843084122,1,1,0
0,1,1.093383788,5,0,0.02334594711
0.02334594711,1,4.046873784,3,0,0.3486958392
0.367809884,1,2.564191655,5,0,0.2472166259
0.5483538893,1,4.669257194,1,0,0
0.4489541927,0.2462894664,3.354385593,3,1,0
0.3675726043,1,3.618453828,1,0,0
0.3009429951,1,4.502971752,3,0,0.2974108407
0.5438021257,0.2299108467,3.817608874,1,1,0
0.4452275239,1,4.378137642,5,0,0.468524446
0.8330459119,1,2.642020197,3,0,0.02442588889
0.7064661957,0.2119349291,3.097997912,1,1,0
0.5784056004,0.5623235412,4.866762658,1,1,0
0.4735584528,1,3.97393602,5,0,0.3914008699
0.7791177386,1,3.292002466,1,0,0
0.6378876529,1,4.630060269,1,0,0
0.5222582384,1,4.694336133,1,0,0
0.4275888809,0.8333562882,1.014308797,1,1,0
0.3500801664,0.1888855003,1.10880881,3,1,0
0.2866213983,0.4600587798,1.12910531,3,1,0
0,0.4812817024,1.78542236,5,1,0
0,1,3.823083236,3,0,0.3234624854
0.3234624854,0.7367648484,1.282883398,5,1,0
0.2648286842,1,2.521677164,3,0,0.09428687886
0.3111102669,1,2.360346881,1,0,0
0.2547155431,0.466859187,1.964081439,1,1,0
0.2085434485,0.5854864487,4.042069909,3,1,0.08309231141
0.253833246,1,3.904500843,1,0,0
0.2078210847,0.3455468467,3.285839811,1,1,0
0.1701495132,0.6922977522,3.503094399,1,1,0
0.139306639,1,1.379946988,3,0,0
0.1140546295,1,3.657997272,5,0,0.5887100945
0.6820901272,0.05491604851,3.689258903,5,1,0
0.5584481635,1,1.968439462,5,0,0.1069040557
0.5641227412,0.4393881434,2.374121916,3,1,0
0.4618646367,1,2.51150966,5,0,0.2033492
0.5814919818,1,2.784079048,5,0,0.1866628466
0.6627482148,1,1.009238384,1,0,0
0.542612345,0.3155105172,1.896647567,5,1,0
0.4442534139,0.3031175285,1.00880089,3,1,0
0,1,3.011835082,5,0,0.5029587705
0.5029587705,0.9351860333,1.978226039,1,1,0
0.4117878129,0.007204232171,3.765194437,3,1,0
0.3371433462,1,2.554098251,3,0,0.08823598954
0.3642656152,0.01335390293,2.754405597,5,1,0
0.2982354615,1,4.040312796,3,0,0.2498611021
0.4940356461,0.8294408235,2.5920474,3,1,0.03667861559
0.4411607921,1,3.995151813,3,0,0.1951873192
0.5563792268,1,1.523671736,3,0,0
0.4555247834,1,3.137252998,3,0,0.1201046717
0.4930568206,1,4.802777804,3,0,0.2384745226
0.6421553047,1,4.118602367,3,0,0.1316118275
0.6573641237,0.1191318286,1.623561112,5,1,0
0.5382042241,0.4901592249,3.828016083,1,1,0
0.4406443497,1,3.388417205,3,0,0.1444606338
0.5052297141,1,2.444108457,3,0,0.05769826456
0.4713453688,1,3.677724044,5,0,0.3538978042
0.739802753,0.5929015222,1.369319492,3,1,0
0.6056992651,0.8636371508,4.276739659,1,1,0
0.4959046155,1,2.19841249,1,0,0
0,0.1305347052,1.782319366,5,1,0
0,0.5719828264,2.414931244,3,1,0
0,1,3.746761075,1,0,0
0,1,3.701207204,1,0,0
0,1,2.578838907,1,0,0
0,1,3.401396368,1,0,0
0,1,2.552186309,3,0,0.1328279463
0.1328279463,0.07848921273,1.216625253,3,1,0
0.1087503245,1,3.565488435,1,0,0
0.0890372351,0.008739210253,3.105078468,1,1,0
0.07289752255,1,4.287305022,1,0,0
0.05968344353,0.3445309325,2.623562064,3,1,0
0.04886467067,1,1.274323426,1,0,0
0.04000700862,0.1565121844,2.128068959,3,1,0
0.03275496829,0.6441727704,2.765490929,3,1,0.01665411494
0.0434716148,1,1.744019186,1,0,0
0.03559154792,1,1.65719356,1,0,0
0.02913989483,0.617844096,3.13654733,3,1,0.03949904286
0.06335677091,0.3523053232,4.746668611,1,1,0
0.05187213676,0.02457228051,3.366812899,5,1,0
0,0.5890158354,2.52851503,5,1,0.1223338481
0.1223338481,0.1859353031,1.130079684,1,1,0
0.1001584836,0.2502595306,4.227493651,1,1,0
0.08200283071,0.7452781024,4.537662356,3,1,0.2361759395
0.3033141788,0.930724821,1.390612114,1,1,0
0.248332646,1,4.937655233,3,0,0.368804298
0.5721218724,0.8304300352,4.473958294,3,1,0.1314854089
0.5998991803,1,2.537252211,3,0,0.05224829851
0.5434042062,1,3.960531228,5,0,0.3379415265
0.7828432615,0.6158722155,2.405857378,3,1,0
0.640937853,1,1.878614561,1,0,0
0.5247555311,1,4.145756548,3,0,0.1767260631
0.6063595543,1,4.697917186,1,0,0
0.4964452145,0.6440290181,3.158886684,1,1,0
0.4064549643,1,3.246794987,3,0,0.140681598
0.4734587771,1,1.569618367,1,0,0
0.3876352611,1,4.928450512,1,0,0
0.3173689093,1,1.22439155,1,0,0
0.2598396861,1,3.654957884,3,0,0.2207481378
0.4334868796,1,1.230090321,1,0,0
0,1,3.302054769,1,0,0
0,1,4.506132429,5,0,0.8765331073
0.8765331073,1,1.100710686,3,0,0
0.717644611,1,4.954179928,1,0,0
0.5875577128,1,1.304200112,1,0,0
0.4810515687,1,2.950755593,5,0,0.2530853887
0.6469371018,1,1.743574694,3,0,0.004073005649
0.5337403062,1,4.467471058,1,0,0
0.4369896028,0.1061888681,2.446646967,3,1,0
0.3577768266,1,2.179073307,1,0,0
0.2929228907,0.4731472158,2.574506318,1,1,0
0.2398249789,0.5435115701,2.826479199,3,1,0
0.1963520856,0.217254746,1.581152326,5,1,0
0.1607594909,0.2562725257,3.945344094,3,1,0
0.131618739,1,1.356150331,5,0,0.07731856844
0.1850788778,1,2.572296189,5,0,0.3203243437
0.4718541127,1,2.793143325,1,0,0
0.386321473,1,3.763937122,5,0,0.4240422154
0.7403354859,1,4.562935806,1,0,0
0.6061354299,0.2817518351,2.195403961,5,1,0
0,1,3.102157498,3,0,0.2153236247
0.2153236247,1,1.515239908,5,0,0.1010741459
0.2773662194,0.7160494221,3.102727009,3,1,0.06016351297
0.2872517666,1,3.207600518,3,0,0.1647446821
0.3999265373,1,2.520537211,1,0,0
0.3274321551,1,4.753432051,3,0,0.3114088714
0.5794876462,0.40465059,2.901329683,5,1,0.01829489121
0.4927392482,0.05888497061,3.689246688,3,1,0
0.4034207758,1,4.00787656,3,0,0.2095075773
0.5398005729,0.1430367635,4.719924462,1,1,0
0.4419513295,0.08188676709,4.81998802,5,1,0
0.3618391448,0.1588039465,4.464377661,5,1,0
0.2962488356,0.5484688346,4.349763629,1,1,0
0.2425480322,1,2.495679161,1,0,0
0.1985815331,1,2.905281318,5,0,0.3817319081
0.5443167163,1,4.587485655,5,0,0.4086893109
0.8543381459,0.02594179671,3.657316167,5,1,0
0.6994729136,0.8883710075,1.708819041,1,1,0
0.5726799853,0.6458528043,3.673932296,1,1,0
0.4688707157,1,1.116440677,5,0,0.0154612634
0,0.5646648522,1.508344562,3,1,0
0,0.758929479,1.524083958,1,1,0
0,0.6620463634,1.26891616,5,1,0
0,0.8741537456,4.874361255,3,1,0.3891411722
0.3891411722,1,1.672893018,3,0,0.0005705132818
0.3191723583,0.4971379064,2.043696034,5,1,0.002723100809
0.2640393261,0.1223151091,3.089308468,5,1,0
0.2161771163,1,4.834405157,3,0,0.3724418877
0.5494327409,0.9295580654,2.049033732,1,1,0
0.4498374817,1,4.314282742,5,0,0.4558485349
0.8241443151,1,3.466777011,5,0,0.1084491902
0.7832014859,1,4.734398382,1,0,0
0.6412311424,1,2.025300771,3,0,0.0193000122
0.5442956683,0.01004439112,3.009518891,5,1,0
0.4456316024,0.6530407551,4.082155369,3,1,0.08308434133
0.4479366388,1,3.362290775,5,0,0.3260335463
0.6927730479,1,1.740728005,1,0,0
0.5671945992,1,4.625491948,3,0,0.1920893342
0.6564689956,0.5234803757,4.84958695,1,1,0
0.5374713551,1,3.113401111,5,0,0.244377138
0,1,2.808243554,5,0,0.4520608885
0.4520608885,0.2746053516,2.83717544,5,1,0
0.3701161517,0.4803926407,3.032269211,3,1,0
0.3030254756,1,3.337731323,3,0,0.1747034241
0.4227996999,0.5352398395,2.620437139,5,1,0.05808977788
0.4042488946,1,3.779374562,5,0,0.4139538669
0.7449248688,1,1.043229428,3,0,0
0.6098928988,0.2513015179,3.64807665,1,1,0
0.4993380724,0.5025776109,2.923475269,5,1,0.05873680829
0.4675602443,0.01604997169,1.27192374,1,1,0
0.3828059509,0.7182676741,4.756853368,1,1,0
0.3134150045,0.6947006856,2.394652618,3,1,0
0.2566025027,0.1833779544,4.922859699,1,1,0
0.2100883602,1,4.883707037,5,0,0.7669463485
0.9389521499,1,2.683026326,1,0,0
0.7687490008,0.01480633283,1.321072906,5,1,0
0.6293984483,1,1.361780218,3,0,0
0.5153078656,0.166872595,3.058207325,5,1,0
0.4218983969,1,4.437951741,1,0,0
0.3454211922,1,4.482684109,5,0,0.569922803
0,0.2835371395,1.236445629,5,1,0
0,1,3.523398452,5,0,0.6308496131
0.6308496131,1,1.43515672,5,0,0.04015956786
0.5566555467,1,3.972342743,1,0,0
0.4557510149,0.5094632285,2.151873096,1,1,0
0.3731373717,1,2.280535923,3,0,0.05772175434
0.3632207957,0.6979026174,1.198625564,1,1,0
0.2973800356,1,2.690376687,5,0,0.296923102
0.5403972824,1,2.51826209,3,0,0.05870933563
0.5011492096,0.7272888882,2.468827606,1,1,0
0.4103062698,0.1814608001,1.420579779,1,1,0
0.3359303613,1,2.927552192,1,0,0
0.2750365177,1,1.728830764,1,0,0
0.2251808552,0.4452588507,3.715084619,5,1,0.1267166944
0.3110791856,1,3.894114592,3,0,0.2301802858
0.4848703817,1,3.679455017,5,0,0.3450666601
0.7420449528,1,3.89881508,3,0,0.08636909239
0.6939041154,1,3.940093116,3,0,0.104382972
0.672503611,1,3.01771118,1,0,0
0.5505993879,1,2.413654027,5,0,0.1588242463
0,0.8718654473,4.493669448,5,1,0.7294687807
0.7294687807,1,3.757868487,3,0,0.08486030672
0.6820988309,1,2.883534444,5,0,0.1496944505
0.70814974,1,1.35399462,3,0,0
0.5797839699,1,4.359716091,5,0,0.3529516395
0.8276386058,0.685292781,3.310154263,5,1,0.05465686761
0.7322700466,1,1.0135493,1,0,0
0.5995320067,1,2.61509129,5,0,0.161698092
0.6525533833,0.3246129735,2.347790527,1,1,0
0.5342655229,0.8113959774,2.001765747,3,1,0
0.4374196139,1,2.869454647,3,0,0.101499739
0.4596286289,1,3.820875021,1,0,0
0.3763120935,0.1103188592,4.904943193,5,1,0
0.3080982837,0.4087558434,4.731211153,1,1,0
0.2522495398,0.3084033843,2.162975727,3,1,0
0.2065244557,1,1.931628011,1,0,0
0.1690879231,0.2957319993,1.353905804,5,1,0
0.1384374827,1,2.04460032,5,0,0.2249971203
0.3383401448,1,2.477079097,5,0,0.2443309854
0.5213404669,1,2.779527581,5,0,0.2129469603
0,0.4667358738,3.413174157,3,1,0
0,0.6976277984,1.705749556,1,1,0
0,1,3.874722338,1,0,0
0,1,4.179855743,5,0,0.7949639357
0.7949639357,1,2.72563599,1,0,0
0.6508614217,1,4.815863875,3,0,0.1649259354
0.6978061974,0.1868670813,1.946450853,5,1,0
0.5713153935,1,1.333074274,3,0,0
0.4677534823,1,1.796087407,5,0,0.1059286876
0.4888928485,0.7907008513,1.414312083,1,1,0
0.40027161,0.7500328278,3.913358226,1,1,0
0.3277146767,0.4873321017,3.41445624,1,1,0
0.268310084,1,4.893971229,1,0,0
0.2196737172,1,2.782312827,5,0,0.3476963858
0.5275500137,0.2086839333,3.37614616,3,1,0
0.43192142,0.5005350048,1.937315501,1,1,0
0.3536273495,1,2.41875419,3,0,0.07291932093
0.3624449071,0.5810590402,2.066026505,1,1,0
0.2967447917,0.2263001696,1.371305124,5,1,0
0.2429540868,1,1.613154099,3,0,0
0,1,4.668607869,5,0,0.9171519672
0.9171519672,0.4924452402,1.120771093,3,1,0
0.7509005208,1,3.160191855,5,0,0.1345256665
0.7493110154,0.165638808,3.169361803,1,1,0
0.6134839719,0.8323282562,3.224532718,3,1,0.05897479108
0.5612529854,1,3.568934817,3,0,0.1251921708
0.5847072502,1,4.941514258,5,0,0.4092205737
0.887938381,1,2.254362447,3,0,0.009878721096
0.7368611804,1,1.089326247,1,0,0
0.6032909092,0.09499057079,1.473397736,5,1,0
0.4939328204,1,1.49097926,5,0,0.06211712237
0.4665151124,1,3.576892712,1,0,0
0.3819502693,0.1520050514,3.11327997,3,1,0
0.3127144316,0.02345540246,3.741868584,5,1,0
0.2560289221,0.2378198971,4.441448251,1,1,0
0.2096187522,0.5271769852,4.002146614,3,1,0.05254133475
0.2241626536,0.2968307227,3.279336852,3,1,0
0.1835288582,0.470726869,2.184511094,1,1,0
0.1502607203,1,4.634153275,5,0,0.7720206965
0.8950437692,0.7017013748,3.807910381,1,1,0
0,0.9792916357,2.085125508,1,1,0
0,1,3.112810802,3,0,0.2169216202
0.2169216202,0.8824136346,2.044827422,3,1,0.01617647265
0.1937768741,0.7524250997,1.688572165,5,1,0.05452569229
0.2131767784,0.5009241763,4.046445284,1,1,0
0.1745343843,0.3740248297,4.289571034,1,1,0
0.1428966679,0.02984835279,1.43514254,1,1,0
0.1169938965,1,4.359545018,5,0,0.7416246889
0.8374111899,0.491113376,2.151072009,3,1,0
0.6856142942,1,1.83094723,1,0,0
0.5613335074,0.3184977366,1.480931049,3,1,0
0.4595810052,1,1.408046541,5,0,0.05512902536
0.4314021279,0.3136402243,4.694492265,5,1,0.06714879417
0.4203509832,0.03403482338,1.406274055,3,1,0
0.344154277,0.508811046,2.505258263,1,1,0
0.2817696904,1,2.804295626,3,0,0.1225619399
0.3532554507,1,2.134001556,5,0,0.1833523313
0.4725734325,0.09382918744,2.13126147,1,1,0
0.3869104023,1,1.119671834,1,0,0
0.316775445,0.03681961985,3.546543568,1,1,0
0,1,1.375912449,3,0,0
0,0.7190443284,1.510660743,1,1,0
0,0.3437880318,2.523853024,3,1,0
0,1,4.110609826,3,0,0.3665914738
0.3665914738,1,1.136756604,1,0,0
0.3001397135,1,2.900270254,1,0,0
0.2457336136,1,1.053751243,1,0,0
0.2011896665,0.9642130581,3.59361188,1,1,0
0.1647201672,1,2.140790704,3,0,0.05940393701
0.1942654035,0.5619052081,1.359988906,5,1,0
0.1590510601,1,3.485932012,5,0,0.5226354725
0.6528554668,1,2.818506175,3,0,0.05997821825
0.5944910662,0.1675334359,3.706338211,5,1,0
0.4867281183,1,3.9387287,5,0,0.3770917024
0.7755909812,1,1.03934374,3,0,0
0.6350001881,1,3.486822337,3,0,0.0996534716
0.6195476538,1,1.07737815,1,0,0
0.5072427172,1,4.57856539,1,0,0
0.4152952118,1,4.350255179,1,0,0
0.3400149615,0.4944949371,2.220796489,1,1,0
0,0.9160481961,1.003703436,1,1,0
0,1,1.621331919,1,0,0
0,1,4.079617391,5,0,0.7699043477
0.7699043477,0.6877480096,3.946055858,1,1,0
0.6303443664,1,4.233723973,3,0,0.1423390792
0.658421397,1,3.689716414,1,0,0
0.5390698462,1,4.354327063,3,0,0.1858235579
0.6271766191,1,1.702614155,1,0,0
0.5134887857,1,4.285944668,1,0,0
0.4204090602,0.6504998692,4.768017522,3,1,0.1247506995
0.468952526,0.8000597163,1.132540153,1,1,0
0.3839458548,1,4.404694082,1,0,0
0.3143482788,1,4.086083256,5,0,0.528994574
0.786361177,1,4.614039313,3,0,0.09445098346
0.7382690621,1,4.971489781,3,0,0.129746168
0.7341897532,0.3267582854,4.572247295,3,1,0
0.6011037295,1,4.69431983,1,0,0
0.4921421092,0.2550293351,1.742268549,3,1,0
0.4029318797,0.1533364054,3.582926441,3,1,0
0.3298927213,1,1.065014794,5,0,0.01089172172
0,1,4.178972396,5,0,0.7947430991
0.7947430991,1,3.762695021,1,0,0
0.650680616,0.7742089442,1.360821239,1,1,0
0.5327322308,1,1.541007141,5,0,0.06319879999
0.4993630605,0.2535939557,2.347703725,3,1,0
0.4088438946,1,4.108544036,1,0,0
0.3347330697,0.1428288322,4.897047194,5,1,0
0.2740562582,1,4.719922561,1,0,0
0.2243782867,0.5474563618,3.105244466,1,1,0
0.1837054036,0.4651340852,3.54562178,3,1,0
0.1504052635,0.08797735716,3.523148729,3,1,0
0.1231414146,1,2.393061786,5,0,0.3053795467
0.4061992098,0.3096523299,2.007568008,1,1,0
0.3325677849,1,1.245476275,1,0,0
0.272283473,0.1067702879,3.99773261,1,1,0
0.2229268529,0.8607981276,1.579073137,1,1,0
0.1825170702,0.06391108084,4.965719558,3,1,0
0.1494323383,1,2.206191379,5,0,0.2564868451
0.378831696,0.1206946063,3.894262832,5,1,0
0.3101611597,1,1.19481792,5,0,0.03359824203
0,1,4.189525732,3,0,0.3784288598
0.3784288598,0.6024484495,4.667186407,3,1,0.1067616074
0.4165929528,1,4.320139827,3,0,0.2322082412
0.5732857031,1,2.600981012,3,0,0.05980279336
0.5291694288,0.7447979312,2.850614159,1,1,0
0.433247285,0.5870328647,3.903451113,1,1,0
0.3547128759,0.4509843263,4.760358814,5,1,0.185011435
0.475425775,0.07145648004,3.226068973,1,1,0
0.3892457028,1,2.708377168,5,0,0.2608496742
0.5795371016,0.8891942466,2.718536516,1,1,0
0.4744848476,1,3.32119445,3,0,0.1304219131
0.5188972497,1,2.151554866,3,0,0.03499215694
0.4598292929,0.3077055972,3.994715127,3,1,0
0.3764763833,1,2.422935575,5,0,0.221808484
0.5300412768,1,1.71483447,1,0,0
0.4339610937,1,3.431284598,3,0,0.1498263606
0.5051236536,0.2634809924,1.577411793,3,1,0
0.4135602693,1,1.464952936,3,0,0
0.3385945107,0.2948464838,1.085772324,3,1,0
0.2772177388,0.4760890152,4.447058168,1,1,0
0,1,3.670969945,3,0,0.3006454918
0.3006454918,1,1.947342685,1,0,0
0.2461477099,0.443999097,2.745610769,3,1,0
0.2015286999,0.7575165768,3.268168995,1,1,0
0.1649977442,1,2.779530637,3,0,0.1393865889
0.2744753163,0.7065545745,1.782163063,1,1,0
0.2247213824,0.408268396,3.43217292,3,1,0
0.1839863066,0.8636381085,2.866956872,1,1,0
0.1506352474,0.7318343391,2.030369997,3,1,0
0.1233297095,1,2.801567257,5,0,0.3948451226
0.4958189486,0.1108274182,2.71466148,3,1,0
0.4059422212,0.4676714222,2.066902667,1,1,0
0.3323573804,1,2.984834669,3,0,0.1320097707
0.4041209791,1,2.253530642,3,0,0.05245498964
0.3833212632,1,2.445049973,5,0,0.2227828981
0.5366198045,1,2.646009393,5,0,0.1906820386
0.6300291753,1,4.606057653,3,0,0.1631233361
0.6789475972,1,3.702786471,5,0,0.2169340227
0.7728093003,0.6538513048,2.467001046,1,1,0
0.6327227404,0.2635683755,3.258648496,5,1,0
0,1,1.11756123,5,0,0.02939030757
0.02939030757,1,2.878308232,5,0,0.4557760439
0.4798387926,1,3.89329136,5,0,0.3762444819
0.7691032579,1,3.098018102,3,0,0.04957415749
0.679262647,1,3.019630193,3,0,0.06509189102
0.6212251095,0.8595777025,4.011430018,3,1,0.1012163663
0.6098324681,1,3.988919145,1,0,0
0.4992885958,1,3.033821119,1,0,0
0.4087829281,0.7415786655,4.80258261,1,1,0
0.3346831545,1,3.680472661,1,0,0
0.2740153912,1,4.329038147,1,0,0
0.2243448276,1,1.855068986,1,0,0
0.1836780096,1,4.443277545,5,0,0.7027057948
0.8530886299,1,3.740644774,3,0,0.04570364479
0.7441535412,1,2.488959718,5,0,0.09523626777
0.704497657,0.1579327002,3.774057016,1,1,0
0.5767938972,1,2.120208911,5,0,0.1185198119
0.5907587137,0.1368507329,4.566873273,5,1,0
0.4836723266,1,2.132980391,3,0,0.03611560204
0.4321130102,0.07098871385,3.159775238,3,1,0
0,0.2331006045,1.601428117,1,1,0
0,1,4.684613954,5,0,0.9211534884
0.9211534884,1,1.331492279,3,0,0
0.7541766893,0.5529967395,3.371768949,3,1,0.007297654687
0.6247653034,1,4.77008554,1,0,0
0.5115145674,1,2.624304301,3,0,0.0701688051
0.4889615121,1,1.658594099,3,0,0
0.400327827,1,4.331009762,5,0,0.4993784656
0.8271391689,0.3577434063,3.132335229,1,1,0
0.6772042746,0.3824997279,2.645574043,3,1,0
0.5544479658,1,2.860155795,1,0,0
0.4539436005,1,2.539270466,3,0,0.07147363336
0.4431312193,0.07297852617,4.230266595,5,1,0
0.3628051569,1,2.650610115,5,0,0.2629400633
0.5599798026,1,1.981289572,5,0,0.1079468078
0.5664194933,1,4.752326383,3,0,0.2006822855
0.6644273438,0.1225487936,2.190564982,5,1,0
0.5439870996,0.3812618229,3.476394389,3,1,0
0.4453789677,0.1517553198,2.045818129,5,1,0
0.3646454576,1,1.98448844,3,0,0.03028942613
0,1,1.847964915,1,0,0
0,1,1.564581761,5,0,0.1411454402
0.1411454402,1,2.940020831,5,0,0.4165489342
0.5321090467,1,1.342343571,1,0,0
0.4356540405,1,3.092379335,3,0,0.1206892775
0.4773726382,1,4.171593017,1,0,0
0.3908396596,1,2.310694529,3,0,0.05884743476
0.3788398836,0.8625810061,1.469504028,3,1,0
0.3101678632,1,4.983684256,1,0,0
0.2539439682,1,4.789117204,3,0,0.3494284586
0.5573401949,0.4402371905,1.042246964,5,1,0
0.4563115575,0.2851336143,4.773993397,1,1,0
0.3735963051,0.5436070184,2.833013551,1,1,0
0.3058747842,0.8473758203,4.51223722,1,1,0
0.2504290925,0.3554975378,2.60979695,3,1,0
0.2050339995,0.461504896,1.981599167,5,1,0
0.1678676408,0.1039107298,2.146834734,1,1,0
0.1374384,0.3197418011,3.81497008,3,1,0
0.1125250447,1,4.482486671,5,0,0.7726549257
0.8647826403,0.6610273348,1.271137903,1,1,0
0,0.03376181868,1.618882971,3,1,0
0,0.3754412815,2.769530558,1,1,0
0,1,3.08528069,3,0,0.2127921035
0.2127921035,1,3.592446716,1,0,0
0.1742194391,0.2673637937,1.878188752,3,1,0
0.1426388126,1,3.090685758,3,0,0.1831348049
0.2999175873,0.5335424862,1.854020134,5,1,0
0.2455517521,1,3.793954482,3,0,0.2407392848
0.4417800557,0.4483584526,4.469467247,5,1,0.1401025187
0.5018014364,0.2301964152,3.744180168,3,1,0
0.410840268,0.03807246084,3.903632531,1,1,0
0.336367562,1,4.591351419,5,0,0.5958343245
0.8712287918,1,1.058421018,1,0,0
0.7133018048,0.2206686825,4.468930411,3,1,0
0.5840021238,1,1.710661132,5,0,0.07390838041
0.5520488791,1,4.544249432,1,0,0
0.4519793945,1,4.624088048,5,0,0.4965187316
0.8665681616,0.09032630703,3.793721429,5,1,0
0.7094860036,0.4578219878,2.816239767,3,1,0
0.58087801,1,4.696396184,5,0,0.3873102311
0,1,1.630089849,3,0,0
0,0.4036414778,2.360524404,3,1,0
0,1,2.409332275,1,0,0
0,1,2.403591905,3,0,0.1105387857
0.1105387857,0.1876212152,2.845392276,5,1,0
0.09050150324,0.7115523587,3.616247753,5,1,0.3576943032
0.4317906671,1,2.385950833,3,0,0.06130559647
0.4148258945,0.2672865622,1.325899374,5,1,0
0.339630717,1,3.17831967,1,0,0
0.2780661127,0.08368294978,3.556468614,1,1,0
0.2276612779,0.3758157853,2.112674589,1,1,0
0.1863932895,1,3.235175875,5,0,0.4546385228
0.6072444411,0.007265202098,2.834180294,3,1,0
0.4971696985,0.2090789457,3.833047275,5,1,0
0.4070481217,1,3.589346837,5,0,0.3838395176
0.7171023328,0.2949404543,1.23120773,5,1,0
0.587113733,1,2.134876804,3,0,0.02899763036
0.5096856991,1,1.584029595,5,0,0.07158951569
0.4888848719,0.1825125868,1.704306707,3,1,0
0.4002650794,1,2.12006784,5,0,0.1679359492
0,0.7344600053,2.59616073,5,1,0.2266940559
0.2266940559,1,2.50790105,1,0,0
0.1856013951,1,1.895551001,1,0,0
0.15195757,1,1.443162176,5,0,0.09395508214
0.2183674179,1,1.734827062,3,0,0.007991457849
0.1867755783,0.9353139558,4.908180598,1,1,0
0.1529189099,0.4455638483,3.990349309,1,1,0
0.1251994143,0.7505104768,4.493234978,1,1,0
0.1025046107,1,4.344244818,3,0,0.3604671069
0.444390784,1,4.351026696,1,0,0
0.3638364012,0.5250550455,1.739278442,1,1,0
0.2978840508,1,2.790340806,5,0,0.3142567087
0.5581435419,1,4.39381579,3,0,0.1807512678
0.6377205502,0.7584814988,1.318333035,3,1,0
0.5221214263,0.4383483587,2.336494318,3,1,0
0.4274768686,0.5466617307,3.287741295,3,1,0.01121707468
0.3612055332,0.3869760007,2.649008139,5,1,0.004008846568
0.2997389248,0.6233809301,3.19754595,3,1,0.03430815364
0.2797136293,1,4.793085042,1,0,0
0.2290101503,1,4.970996949,3,0,0.3821407661
0,1,4.594275261,3,0,0.4391412892
0.4391412892,1,4.331289682,1,0,0
0.3595384784,0.07356546421,4.45320661,5,1,0
0.2943652092,1,2.296620813,3,0,0.06667763438
0.3076834838,1,2.105457055,3,0,0.04556727499
0.2974772054,0.8294637508,2.707710861,1,1,0
0.2435537364,1,2.488809319,1,0,0
0.199404934,0.2052708323,4.645553315,5,1,0
0.1632589518,1,1.350051899,1,0,0
0.1336651245,0.9450645312,4.207222471,1,1,0
0.1094357481,1,4.139800082,3,0,0.3303726315
0.4199710439,0.8464175851,3.937104448,1,1,0
0.343843209,0.45134562,1.079608256,5,1,0
0.2815150095,1,2.268353146,3,0,0.06484540562
0.2953304013,1,4.3250788,5,0,0.5857704859
0.8275665678,0.7754629005,3.601764702,1,1,0
0.6775541993,0.2757611286,2.228872729,3,1,0
0.5547344598,0.112269449,4.438599851,3,1,0
0.4541781621,1,4.653331477,3,0,0.2445280314
0.61637766,1,4.17206271,5,0,0.3042185298
0,0.09329019854,2.786260256,5,1,0
0,0.4883531555,4.510217421,3,1,0.0803868364
0.0803868364,1,2.5473624,5,0,0.355743708
0.4215588831,1,3.489604774,5,0,0.3600224415
0.7051656633,1,4.219165464,1,0,0
0.5773408146,0.8696392659,2.986402558,3,1,0.05898798088
0.5316746608,1,1.641213513,3,0,0
0.4352983954,1,3.242969172,1,0,0
0.3563921831,1,4.68930091,5,0,0.5936157262
0.8854049666,0.3172377403,1.587084983,1,1,0
0.7249082751,1,3.212485968,1,0,0
0.593504698,1,4.036771933,1,0,0
0.4859205483,0.04427806709,4.445566643,5,1,0
0.3978380965,1,1.164317079,1,0,0
0.3257222843,1,1.671733421,5,0,0.1132337192
0.3799125704,1,3.08126939,3,0,0.131576605
0.4426227098,0.5732307106,2.16178925,3,1,0
0.3623888245,1,1.792625528,3,0,0.01204691662
0.3087457918,0.6038817003,2.491538189,1,1,0
0.2527796747,1,3.88271704,5,0,0.5385061911
0,1,2.850679954,1,0,0
0,0.4096521241,4.017557387,5,1,0.1614502293
0.1614502293,0.1971839969,2.325692941,1,1,0
0.1321842678,0.7318934865,4.869100832,1,1,0
0.1082233251,1,3.961596757,1,0,0
0.08860576449,0.850113114,3.283769952,3,1,0.1537853685
0.2263296328,0.3045786208,3.964805741,5,1,0.04015253742
0.2254555682,0.1569626978,4.426355363,1,1,0
0.1845874071,1,2.443470745,3,0,0.09501237418
0.246139761,1,4.280389556,5,0,0.6182388137
0.8197610056,0.1975004414,1.059214271,5,1,0
0.6711635454,0.1815293563,4.781471226,5,1,0
0.549502235,1,4.584531781,3,0,0.1971737569
0.6470681356,1,1.687901582,1,0,0
0.5297745819,1,3.080858863,1,0,0
0.4337427424,0.5109987469,1.548189566,1,1,0
0.3551185221,0.2138990677,4.760151455,1,1,0
0.2907464551,0.669831621,2.819989464,3,1,0.02364489399
0.2616879581,1,2.398362296,3,0,0.08103295411
0.2952849331,1,2.750100202,3,0,0.1145267904
0,0.04395723484,1.583707105,5,1,0
0,1,1.333321497,5,0,0.08333037419
0.08333037419,0.7620829235,1.668863982,3,1,0
0.06822514001,1,2.092511018,5,0,0.2544935751
0.3103515954,0.3761790405,4.598860161,3,1,0.006551122229
0.2606455176,0.591306263,2.008327773,1,1,0
0.2133985009,1,4.629756648,3,0,0.3496156532
0.5243315686,0.4575878821,1.156797365,5,1,0
0.42928638,1,2.092090489,5,0,0.155817729
0.5072876902,0.1120807857,4.59739865,5,1,0
0.4153320326,0.3470562268,1.522610516,3,1,0
0.3400451079,0.4867510085,2.585445219,5,1,0.04264431649
0.3210497037,1,3.978673154,5,0,0.5055927551
0.7684460208,0.6978257966,3.103778841,3,1,0.01733981353
0.6464902029,0.7073631603,3.649522356,3,1,0.04851237929
0.5778137899,1,4.434385753,1,0,0
0.4730739194,1,4.797745038,1,0,0
0.3873201663,1,2.92845475,1,0,0
0.3171109314,0.232064308,1.041495972,3,1,0
0.2596284717,0.4406485815,2.089722154,3,1,0
0,1,2.710012115,3,0,0.1565018172
0.1565018172,0.4480480095,2.032515801,5,1,0
0.1281328507,1,2.58255587,3,0,0.1197800563
0.2246863616,0.3192357734,1.312676943,3,1,0
0.1839576341,1,1.004613349,3,0,0
0.1506117723,1,4.487722293,1,0,0
0.1233104897,0.7379871728,3.928425855,5,1,0.416236375
0.5171944652,0.3408931648,3.631872853,5,1,0.02873666163
0.4521796756,1,2.749889078,1,0,0
0.3702134063,1,2.021661791,1,0,0
0.303105101,1,3.945430213,1,0,0
0.2481614676,1,3.049697048,1,0,0
0.2031774252,0.2862885947,2.87669963,5,1,0
0.1663476064,0.6641544587,3.096982996,3,1,0.0487947248
0.1849886258,1,3.733909718,3,0,0.25272399
0.4041798669,1,3.074204514,5,0,0.3089632023
0.6398776892,1,2.495181125,1,0,0
0.5238875423,0.169478478,3.222286087,1,1,0
0.4289228421,0.1725980663,2.002175003,3,1,0
0.3511723215,1,4.652973,5,0,0.5925374977
0,1,2.000491925,5,0,0.2501229812
0.2501229812,1,2.350055404,1,0,0
0.2047833767,1,1.123291539,5,0,0.02451087038
0.1921733186,0.2010941233,4.992052925,3,1,0
0.1573382059,0.5743331252,4.094782903,5,1,0.28477112
0.4135887478,0.3221146777,3.890340642,1,1,0
0.3386178269,1,3.58230456,5,0,0.4269725504
0.7042093788,1,4.292513263,5,0,0.2434736358
0.8200315109,0.8174352386,4.882135793,3,1,0.06274142014
0.7341264366,1,2.742970713,3,0,0.04292411881
0.6439760091,0.2578658644,3.168235622,5,1,0
0.5272429629,1,3.580150594,3,0,0.1356919488
0.5673619768,1,2.818376854,1,0,0
0.4645166986,0.199901848,3.446136738,5,1,0
0.3803141064,0.09400213566,1.818140963,3,1,0
0.3113748548,1,1.892602477,3,0,0.02333776201
0.2782699313,0.2132144322,1.190548941,3,1,0
0.2278281504,1,4.181562141,5,0,0.6141781806
0.8007080938,1,1.0302873,3,0,0
0.6555643407,0.3582317607,4.020174915,5,1,0.03790121243
0,0.5022580316,2.023697484,5,1,0.004104578768
0.004104578768,1,3.834050058,5,0,0.7056043691
0.708964914,0.4103447777,3.477843405,5,1,0.03107635388
0.6115277318,0.4112434492,3.296540518,3,1,0
0.5006765604,1,4.840737909,5,0,0.4794426158
0.8893619131,1,4.041470731,5,0,0.08412562574
0.8122735746,1,2.465565283,3,0,0.02249615722
0.6875295127,1,1.590650813,1,0,0
0.5629015557,1,4.712466668,5,0,0.4056783513
0.8665431659,1,2.780811031,1,0,0
0.7094655388,1,3.896250293,1,0,0
0.5808612549,1,4.213751467,3,0,0.1601372891
0.6357062617,1,2.788431797,1,0,0
0.5204722664,1,1.085992633,5,0,0.01030896312
0.4364356137,0.6481811605,4.186659821,3,1,0.08851178999
0.4458350487,1,1.952857915,1,0,0
0.3650188652,1,4.909466592,1,0,0
0.2988521704,0.2499526885,1.874955923,3,1,0
0.2446794625,1,4.63650965,3,0,0.3364775098
0.5368041104,0.7976691576,3.002064456,1,1,0
0,0.249141653,3.988504364,1,1,0
0,0.08379924392,3.955302199,1,1,0
0,0.718117537,4.092949433,1,1,0
0,0.5911464018,1.567698513,3,1,0
0,1,3.75156899,1,0,0
0,1,3.307171928,3,0,0.2460757892
0.2460757892,1,4.533292536,3,0,0.3241827969
0.5256526131,0.7982550495,2.073396127,1,1,0
0.4303679598,0.3346857012,3.833180588,5,1,0.04028875453
0.3926442384,0.2536506501,4.946267612,3,1,0
0.321469913,1,4.298979354,5,0,0.559614187
0.8228114909,0.382860382,4.244144852,1,1,0
0.6736610716,1,1.378103915,1,0,0
0.5515470365,0.6400806449,2.902197551,3,1,0.01284641588
0.4644149364,1,3.920565792,3,0,0.181073206
0.5613039966,1,3.730595285,5,0,0.2994753096
0.7590321534,0.7585288081,3.854299186,1,1,0
0.6214429666,1,3.125093115,3,0,0.08281463846
0.5916091065,1,1.396246051,5,0,0.04045581966
0.5248243889,1,2.374983853,5,0,0.1633396982
0,0.6664003576,2.559489094,5,1,0.1764111118
0.1764111118,0.5302366263,3.854473345,1,1,0
0.1444332025,0.4196810715,1.725782969,1,1,0
0.1182519046,1,1.651006949,3,0,0
0.09681647092,0.477221833,1.215999017,1,1,0
0.07926662215,1,1.354332396,1,0,0
0.06489802124,1,4.617095656,1,0,0
0.05313400581,0.5837597613,2.242701557,5,1,0.073192487
0.1166949316,0.9311972649,4.6655965,1,1,0
0.09554172922,1,2.686618434,3,0,0.1383755718
0.2165985237,0.5537689738,3.03879539,3,1,0.001894727546
0.1792306,0.406638574,2.41126161,5,1,0
0.1467416041,1,3.389344313,5,0,0.509682024
0.629823888,1,2.199548475,3,0,0.02958901738
0.5452452035,1,1.16709046,5,0,0.018996297
0.4654053131,0.2916581281,1.472206983,1,1,0
0.3810416425,1,3.37529188,5,0,0.3675516902
0.6795222011,0.3085177418,2.973178819,5,1,0
0.5563457234,0.3998006529,2.054683246,5,1,0
0.4554973531,1,4.728427761,3,0,0.250070553
0,0.2598450698,4.855899368,5,1,0.06544537755
0.06544537755,0.5119209206,4.618634898,3,1,0.09780709842
0.1513892417,0.8775019871,2.313057459,3,1,0.04621269206
0.1701597199,0.4242585301,2.573063664,1,1,0
0.1393149956,1,1.949654847,5,0,0.2043384215
0.3183998927,1,2.321033583,3,0,0.06690248406
0.327586268,1,3.913356874,5,0,0.489745292
0.757950244,1,2.35777093,5,0,0.08216203057
0.7027192046,1,3.192952968,1,0,0
0.5753378236,0.6305385339,2.15161574,5,1,0.03786676894
0.5089135385,0.4821323372,2.025888655,3,1,0
0.4166631646,1,1.894595362,5,0,0.1304626068
0.4715975534,0.8668452346,3.384500682,1,1,0
0.38611142,0.05096221063,4.697829878,5,1,0
0.3161212937,1,1.511638956,5,0,0.08747474676
0.3462929716,1,1.773280176,3,0,0.01045410009
0.2939748055,1,4.458853282,1,0,0
0.2406862139,1,1.462094521,3,0,0
0.1970572052,0.002129308992,1.744123985,3,1,0
0.161336794,1,2.532620294,5,0,0.3213380623
0,1,4.410066314,3,0,0.4115099471
0.4115099471,1,4.334049104,1,0,0
0.3369158489,0.0803667038,4.756687003,5,1,0
0.2758433667,0.7755383275,2.319719265,5,1,0.1446559357
0.370497383,0.7616516093,2.245539771,1,1,0
0.3033376014,1,1.298795016,5,0,0.05203981317
0.300391636,1,2.90604735,5,0,0.333371667
0.5793115374,1,2.371122057,1,0,0
0.4743001713,0.388920549,3.394267402,5,1,0.04206917367
0.4303933101,0.3064153725,3.359561289,3,1,0
0.3523762389,1,2.593038445,1,0,0
0.2885012634,0.167382925,1.997523504,5,1,0
0.2362048567,1,2.510784636,3,0,0.09670998079
0.290098161,0.2426075586,2.305487891,5,1,0
0.2375122858,1,2.338177714,1,0,0
0.1944586126,0.3504689167,2.862878181,5,1,0.0006746035624
0.1598838499,1,1.028152133,5,0,0.005912765472
0.1368145903,0.0008061604915,3.566728217,5,1,0
0.1120143126,1,2.812506824,3,0,0.152623449
0.2443330115,0.4227701291,3.613805432,3,1,0
0,1,1.513356419,5,0,0.1283391048
0.1283391048,1,3.522884752,5,0,0.5497749954
0.6548501674,1,4.171433282,1,0,0
0.5361459707,0.7927511533,2.492837428,1,1,0
0.4389591943,1,4.956538645,5,0,0.5549449072
0.914334299,0.01366414206,2.729636079,3,1,0
0.7485936092,1,4.618968856,3,0,0.1113341457
0.7242307551,0.6745656209,3.779467299,5,1,0.1068260219
0.6997760135,0.3426956936,1.451170783,3,1,0
0.5729281425,0.4989806355,2.672184656,1,1,0
0.4690738896,1,2.420180497,1,0,0
0.3840452189,0.6083513479,3.072047426,3,1,0.01868352778
0.333113159,1,4.019715891,5,0,0.5034521977
0.7761821853,1,1.066411048,1,0,0
0.6354842251,1,2.537409746,5,0,0.1401025262
0.6603930044,0.4984992366,4.525599492,3,1,0.03002166044
0.5707057222,0.3131825899,4.895702932,1,1,0
0.4672543257,1,3.122704187,3,0,0.1163546536
0.4989101396,0.2357977153,4.400315834,3,1,0
0.4084730743,1,2.985517926,3,0,0.1170204046
0,1,4.199289942,1,0,0
0,1,1.568792206,3,0,0
0,1,2.248415543,3,0,0.08726233139
0.08726233139,1,1.978795072,1,0,0
0.07144435429,0.2777896872,4.347106147,5,1,0.04818768703
0.106681377,0.7479044973,1.480561657,3,1,0
0.08734332415,0.6555151991,2.990995007,3,1,0.04024487668
0.1117555422,1,3.813924585,5,0,0.6248632293
0.7163609285,1,4.092622582,3,0,0.1032143825
0.689721105,0.6406424438,3.198335475,3,1,0.01779400386
0.5824898835,1,4.047751467,3,0,0.1491190488
0.6260214298,1,2.685707656,3,0,0.0571649238
0.5697079205,0.7588112655,4.123630225,3,1,0.09438825111
0.5608256459,1,1.566698836,5,0,0.06221989886
0.5213851023,1,2.240620553,1,0,0
0.4268740174,0.8663901511,1.310588731,1,1,0
0.3494948857,1,3.612171317,3,0,0.1898341087
0.4759763197,1,3.64435064,3,0,0.1554529852
0.5451494359,0.3894867712,1.596286162,5,1,0
0.4463306082,0.2578126954,3.704701858,3,1,0
0,0.5824478252,3.331876026,5,1,0.2351609863
0.2351609863,1,3.388208235,5,0,0.4566487078
0.6491822392,1,2.947033148,1,0,0
0.5315054636,1,2.534609264,3,0,0.06099395474
0.4961538232,0.4999847827,3.745823742,5,1,0.1099461472
0.5161625405,0.1223632616,4.178509325,1,1,0
0.4225981455,1,1.618518458,1,0,0
0.3459940979,1,2.051269891,5,0,0.1718841784
0.4551601868,1,4.061539805,3,0,0.195723335
0.5683769775,0.3571432397,1.568040309,3,1,0
0.4653477108,1,3.565664552,1,0,0
0.3809944817,0.0749567148,1.246383233,1,1,0
0.3119318989,1,3.676107358,1,0,0
0.2553882385,0.3772944635,2.375153533,5,1,0
0.2090942049,0.8277185419,4.494368767,1,1,0
0.1711918558,1,1.412153103,3,0,0
0.140160037,1,1.383322641,1,0,0
0.1147533327,1,4.527716809,3,0,0.3799102655
0.473862348,1,1.230769004,3,0,0
0.387965677,0.6521615547,1.893620811,1,1,0
0,1,4.593066882,3,0,0.4389600323
0.4389600323,1,2.673108142,3,0,0.08469808392
0.4440881617,1,1.292597985,5,0,0.04066467086
0.4042533059,0.1151105793,2.407491507,5,1,0
0.3309746136,0.6103464678,4.208337131,1,1,0
0.2709790946,1,4.447120065,3,0,0.3040512981
0.5259102163,0.8543883062,3.011666772,3,1,0.06446195508
0.4950408225,1,4.115461174,3,0,0.1854811891
0.5907863345,1,1.456848084,1,0,0
0.4836949405,0.1213141379,2.803797272,5,1,0
0.3960159229,1,3.483952896,3,0,0.1646417919
0.4888722067,0.5776823485,1.429443729,1,1,0
0.4002547099,1,4.76425499,5,0,0.5643985503
0.8920993904,1,1.488560481,3,0,0
0.7303892057,0.3822313919,2.077410986,5,1,0
0.5979921044,1,1.020248021,3,0,0
0.489594526,1,2.973982036,3,0,0.1000891381
0.5009352331,1,1.304009732,5,0,0.03793013657
0.4480612172,1,1.379674436,5,0,0.05238926153
0.4192307593,0.5793521615,4.923435484,1,1,0
0,0.604555707,2.103024094,1,1,0
0,1,1.007615661,1,0,0
0,1,2.344012187,3,0,0.1016018281
0.1016018281,1,4.574023334,1,0,0
0.08318454124,1,4.894134005,5,0,0.8925505636
0.9606563057,0.3000229176,4.177677992,5,1,0.002492414576
0.7890112752,0.8982716343,1.797106177,1,1,0
0.6459877955,0.1653140525,2.56573374,1,1,0
0.5288900743,0.1731422088,1.987556676,1,1,0
0.4330185688,0.5289268223,3.724891177,1,1,0
0.3545256189,0.2252592506,3.668528325,1,1,0
0.290261027,1,3.214786979,3,0,0.164814198
0.4024598273,0.1551157576,1.458937025,1,1,0
0.3295062375,0.9035199278,1.184622036,1,1,0
0.2697768899,0.1938193165,2.413417448,5,1,0
0.2208746363,1,2.980435714,5,0,0.385751924
0.5665887813,1,1.328353777,5,0,0.0355780527
0.4994617123,0.2871536074,4.607731661,1,1,0
0.4089246639,1,1.341229774,5,0,0.05042312591
0.3852223239,0.1016867057,4.709720703,5,1,0
0,1,3.551055696,1,0,0
0,0.5372630823,3.835490223,1,1,0
0,0.1203431893,1.801532177,1,1,0
0,1,1.694896996,1,0,0
0,0.4489277143,4.590304124,1,1,0
0,0.6273161032,4.132281878,5,1,0.3980617412
0.3980617412,1,3.920513699,5,0,0.4394922327
0.7653976218,0.7572812938,4.180589676,1,1,0
0.6266545713,0.6753061527,3.938816506,3,1,0.05562326187
0.568684631,0.1096456391,2.191006893,1,1,0
0.4655995962,0.1787195015,2.880856915,3,1,0
0.381200708,1,4.331116619,3,0,0.2473139616
0.5594147043,1,4.751738046,1,0,0
0.4580100222,1,4.062309838,1,0,0
0.3749868904,0.5400655016,4.963162656,3,1,0.09504258061
0.4020558797,1,4.192282579,5,0,0.4772016496
0.8063771628,0.04008924529,1.678996294,1,1,0
0.6602057817,0.4034835106,3.909302371,5,1,0.04904411735
0.5895748942,1,3.680905324,3,0,0.1240041171
0.6067072142,1,4.238932764,5,0,0.3184622225
0,1,3.839075732,1,0,0
0,1,1.087476112,5,0,0.02186902809
0.02186902809,1,2.202771762,5,0,0.2941170782
0.3120219241,1,2.791413809,3,0,0.1160702063
0.3715321511,1,2.611927401,3,0,0.08910989702
0.3932946949,1,2.946570956,5,0,0.2952487314
0.6172511932,0.3799611491,1.565201549,5,1,0
0.5053625342,0.859928712,1.154979868,1,1,0
0.4137558482,1,3.937298621,5,0,0.4304935346
0.7692481718,0.8022688699,1.061158249,3,1,0
0.629807135,0.5623428985,1.835676951,5,1,0.002987446931
0.5186299169,0.698422188,1.771463828,1,1,0
0.4246182624,1,1.813282783,5,0,0.1169870152
0.4646350449,0.195443328,4.21436102,3,1,0
0.3804110002,0.8358976101,2.136912609,1,1,0
0.3114541847,0.292552218,4.291510576,3,1,0
0.2549971192,1,4.724248127,3,0,0.3416860494
0.5504600329,0.5052411265,3.569723359,1,1,0
0.4506785573,0.1713341995,2.397024129,3,1,0
0.3689843946,1,2.604933385,1,0,0
0,0.3902683349,3.599796638,5,1,0.1012216599
0.1012216599,1,4.200320008,1,0,0
0.08287328588,0.08748034533,1.851748239,1,1,0
0.06785090776,1,2.578156056,1,0,0
0.0555516248,0.2162208626,3.837753121,3,1,0
0.04548182361,1,1.086394446,3,0,0
0.0372373677,1,3.520466385,5,0,0.6066527128
0.6371400909,0.2459946764,3.39178112,1,1,0
0.5216461865,0.01841839212,3.046444644,5,1,0
0.4270877751,0.02696872586,2.643134559,5,1,0
0.3496698957,0.7519487977,1.771910749,3,1,0
0.2862854971,1,4.333908717,5,0,0.5948647506
0.8292554912,1,2.613226064,1,0,0
0.6789369728,0.7215438606,4.440432277,1,1,0
0.5558665791,1,1.648228837,5,0,0.07197502268
0.5270800856,1,1.87183534,5,0,0.1030770736
0.534613749,0.0474037587,2.375278751,3,1,0
0.4377047174,0.2787226773,4.667158262,3,1,0
0.3583623129,1,2.662878018,3,0,0.09588101206
0.3892832583,0.1101485439,4.317363356,1,1,0
0,1,1.810607324,1,0,0
0,1,3.180158893,1,0,0
0,0.3743568701,1.158554111,5,1,0
0,1,3.832644481,3,0,0.3248966722
0.3248966722,1,2.631721006,1,0,0
0.2660028971,1,1.758844893,5,0,0.1392474882
0.3570322405,1,2.686472724,3,0,0.09835536237
0.3906686375,0.538274102,3.159772904,3,1,0.003121963087
0.3229743908,1,2.122814752,1,0,0
0.2644290662,0.1001381026,2.478294452,1,1,0
0.2164962085,0.6768032518,1.108401708,3,1,0
0.1772521039,1,3.58919566,1,0,0
0.1451217485,1,1.177935494,5,0,0.03802829594
0.1568439344,1,3.048828274,5,0,0.4318704966
0.5602834491,0.7049353408,1.119504645,3,1,0
0.4587212902,0.668432516,1.289680092,3,1,0
0.3755692274,1,2.750986929,1,0,0
0.3074900764,0.4362589365,2.756562328,1,1,0
0.2517515818,1,3.802431309,5,0,0.5242286986
0.7303454607,1,2.975934449,5,0,0.1332049234
0,0.8975959215,4.619721047,5,1,0.7866606925
0.7866606925,1,3.921426007,3,0,0.07215431944
0.7162176207,0.4979955718,1.302483432,1,1,0
0.5863893919,1,1.95421003,5,0,0.09866784769
0.5787628761,0.4600965906,4.286563947,3,1,0.01930741143
0.4931583769,0.7313026069,2.684972035,5,1,0.1220889033
0.5258528326,1,2.739857293,1,0,0
0.4305318856,0.08066519181,3.537200216,5,1,0
0.352489695,0.626557744,2.335565036,1,1,0
0.2885941534,1,3.635736063,5,0,0.4687695113
0.7050504199,1,3.46929428,5,0,0.1820793278
0.759325789,0.1459434218,3.648235851,1,1,0
0.6216833751,1,1.321165227,1,0,0
0.5089912978,0.2458490339,3.472733817,5,1,0
0.4167268286,0.8099822359,3.70371988,1,1,0
0.3411870702,0.6089648553,1.639251127,3,1,0
0.2793403469,1,3.491620227,1,0,0
0.2287045326,0.523274685,3.707444599,3,1,0.03162449147
0.2188719257,1,2.155855409,3,0,0.05731785904
0.2365150356,1,4.954811357,3,0,0.3765673548
0,0.723714084,4.251084149,5,1,0.5191423677
0.5191423677,0.1630775073,1.997344321,5,1,0
0.4250378217,1,1.134677857,1,0,0
0.3479915358,1,4.898211508,3,0,0.3160491883
0.6009605605,1,2.577319825,3,0,0.05450797888
0.5465328712,0.1387094604,1.172147245,3,1,0
0.4474632692,0.1449096773,2.500956672,1,1,0
0.3663519393,0.4363191783,1.616324014,5,1,0
0.2999435992,1,1.333154689,1,0,0
0.2455730489,0.2853373561,4.937706446,3,1,0
0.2010582072,1,4.141383615,5,0,0.6274456642
0.7920582016,1,1.091721313,3,0,0
0.6484824079,1,2.258051897,5,0,0.1105568434
0.6414893336,0.2901208808,4.21799914,3,1,0
0.5252070452,0.1362717655,4.474129549,3,1,0
0.4300031596,0.6713812858,4.952557559,1,1,0
0.3520568107,0.7941890364,4.466750926,1,1,0
0.2882397378,0.679268971,2.76210417,1,1,0
0.2359907376,1,1.439425211,1,0,0
0.1932128743,1,4.099387049,1,0,0
0,1,3.581333088,3,0,0.2871999632
0.2871999632,0.3636757019,3.36039799,1,1,0
0.2351394422,1,3.931462124,5,0,0.5605399389
0.7530558315,1,1.039004416,3,0,0
0.616549968,1,2.634992946,1,0,0
0.5047884196,0.1314972269,2.796175651,1,1,0
0.4132858029,1,1.201039317,5,0,0.02948815533
0.367857952,1,3.966986396,5,0,0.4688892142
0.7700658322,0.5846106269,3.755805198,1,1,0
0.6304765787,1,3.100166345,5,0,0.1940151633
0.7102057274,1,1.077591935,5,0,0.005621424587
0.5870886946,0.309769069,1.784970324,5,1,0
0.480667569,0.5689559929,3.468637883,3,1,0.02390245513
0.4174397759,0.1086622417,1.391036496,1,1,0
0.3417707821,0.334154428,3.448188053,3,1,0
0.2798182498,1,1.148393986,5,0,0.02671766016
0.2558134665,0.3474881049,2.847419319,5,1,0
0.2094423521,0.06321943229,1.115786772,5,1,0
0.1714768947,0.2921559702,1.664554275,3,1,0
0.1403934071,1,2.508822719,3,0,0.1085884343
0,0.7267437528,4.076841707,5,1,0.4907048104
0.4907048104,1,4.59125178,3,0,0.2234215695
0.6251766884,0.2485171564,2.644968273,1,1,0
0.5118513809,1,1.417758547,1,0,0
0.4190684666,0.2174600231,1.329176951,1,1,0
0.3431042412,1,4.753477316,1,0,0
0.2809099938,0.5074661829,4.104034854,1,1,0
0.2299896508,1,3.639610669,3,0,0.227878095
0.416177695,1,3.510891479,1,0,0
0.3407374777,1,1.399927812,5,0,0.06591435452
0.3448866062,0.4266655685,4.072082936,3,1,0.006952480728
0.2893217516,0.2523562324,4.178534475,1,1,0
0.2368766155,0.04527901012,4.109405692,3,1,0
0.1939381698,0.5383130454,4.825173859,3,1,0.1125408254
0.2713239692,1,4.846504999,1,0,0
0.2221412777,1,4.653310128,1,0,0
0.1818738955,0.3330169381,2.428932676,3,1,0
0.1489057515,0.1552801421,1.174409737,3,1,0
0.121913718,0.1489845865,1.325179569,3,1,0
0.09981451017,0.3430568831,2.707535846,3,1,0
0,0.03102561446,4.614890849,3,1,0
0,0.8328666655,2.832413199,3,1,0.1038533804
0.1038533804,1,2.138452477,1,0,0
0.08502795638,0.6700020865,3.317787946,1,1,0
0.06961500276,1,1.257328873,1,0,0
0.05699594364,1,3.319381316,1,0,0
0.04666433186,0.3242290028,3.239105146,1,1,0
0.03820552356,1,2.937774479,5,0,0.4659351975
0.4972152346,0.7340100635,3.520092842,1,1,0
0.4070854035,0.3172368757,2.008572048,3,1,0
0.333293339,0.216353565,3.775790234,5,1,0
0.2728775064,0.02423453934,1.311242278,1,1,0
0.2234132063,1,4.686380047,5,0,0.7156985153
0.898613778,0.0567148424,1.679779565,3,1,0
0.7357227352,1,1.888860998,5,0,0.05872643837
0.6610852674,1,2.859419059,1,0,0
0.5412508388,1,4.512295925,1,0,0
0.4431387069,0.2340968749,4.780311789,3,1,0
0.3628112872,1,1.86367235,3,0,0.01882946971
0.3158742281,0.6717245742,4.14861789,1,1,0
0,0.5289140108,1.779401385,5,1,0
0,1,1.169876791,1,0,0
0,1,3.235476498,5,0,0.5588691245
0.5588691245,0.3353305868,3.155356675,3,1,0
0.4575633392,0.01296120531,3.682933603,1,1,0
0.3746211773,0.603856135,2.016766894,1,1,0
0.3067138786,1,1.392555015,1,0,0
0.2511160848,1,4.334081181,3,0,0.2996375738
0.505234035,1,3.692632588,1,0,0
0.4136506419,0.2897981816,2.075426078,3,1,0
0.3386685016,1,1.513883896,5,0,0.08496190173
0.3622402191,1,2.297868782,3,0,0.06038329843
0.3569605058,1,1.959319576,1,0,0
0.2922545437,0.2694793002,4.082784756,3,1,0
0.2392777827,0.5167902889,3.926594177,1,1,0
0.1959040792,1,4.886123713,1,0,0
0.1603926943,0.03492521068,2.627376749,1,1,0
0.1313184314,0.01711293734,4.461233426,3,1,0
0.1075144382,0.1823078457,1.726461371,5,1,0
0.08802537698,0.8233064626,4.424716705,1,1,0
0,1,1.405013971,1,0,0
0,0.5272338623,4.460824105,1,1,0
0,0.6448782145,2.57487598,1,1,0
0,1,1.039347552,1,0,0
0,0.1391325671,4.262334334,5,1,0
0,0.709653013,4.472922738,3,1,0.2261334647
0.2261334647,0.7794016275,1.803512208,1,1,0
0.1851424218,1,3.063070104,3,0,0.1706804884
0.3222622829,0.05482753828,1.202131563,5,1,0
0.2638460415,0.4407348538,1.830756541,5,1,0
0.2160188683,0.9122718117,4.921731397,1,1,0
0.1768612907,0.03137636008,4.763274703,5,1,0
0.1448017777,1,2.430653409,5,0,0.305873063
0.4244267315,0.3547577582,3.606634227,1,1,0
0.3474912175,1,4.879442361,5,0,0.6328425529
0.9173442991,1,2.04544491,5,0,0.02160299546
0.7726609843,1,3.896558318,3,0,0.07604120599
0.7086425155,1,4.235538242,3,0,0.112268994
0.6924564144,0.1679879032,4.115898557,5,1,0
0.5669353617,1,3.3097145,3,0,0.1067318874
0,1,2.814707934,1,0,0
0,0.9056629823,1.142699192,1,1,0
0,0.744582457,4.880128652,1,1,0
0,1,4.122194774,1,0,0
0,1,3.109356799,1,0,0
0,0.5202678808,1.794908655,3,1,0
0,0.1861484349,2.052521913,3,1,0
0,0.2803643626,4.959404306,5,1,0.0976100568
0.0976100568,0.3948292593,1.582442976,5,1,0
0.07991635531,0.9440608044,1.197097151,1,1,0
0.06542997777,0.1580733991,3.135186906,5,1,0
0.05356953497,0.5303628601,4.156927468,1,1,0
0.04385902571,0.7373432794,1.644381342,1,1,0
0.03590873315,1,1.862103027,5,0,0.2077864999
0.2371860841,0.5421987044,1.234133295,1,1,0
0.1941915412,0.3174237131,4.632650328,1,1,0
0.1589905868,0.393032477,4.728963618,5,1,0.1805302994
0.3107007823,0.6526410918,3.404203199,3,1,0.05738997331
0.3117702588,1,3.362636058,3,0,0.1750824863
0.4303383851,1,2.289810642,1,0,0
0,1,3.195254016,3,0,0.2292881024
0.2292881024,1,4.43178247,3,0,0.3196661473
0.507391368,0.2467096176,2.537526829,5,1,0
0.4154169168,1,2.910660469,5,0,0.279234947
0.6193495522,0.5983380504,4.702386553,3,1,0.06548806242
0.5725685877,1,2.472966159,3,0,0.05169565964
0.5204751706,0.5933292782,4.480048593,5,1,0.1987803044
0.6249093328,1,3.081909918,5,0,0.1952262451
0.7068587337,1,3.328079168,3,0,0.07305428468
0.6517812681,0.178133251,3.087393287,1,1,0
0.5336333684,1,3.947672709,1,0,0
0.4369020496,0.1784170933,1.075159202,3,1,0
0.3577051441,1,2.545955925,1,0,0
0.292864202,1,2.438031602,1,0,0
0.2397769287,1,1.397121401,3,0,0
0.1963127454,0.3545990247,3.682551478,5,1,0.06144775005
0.2221750319,1,3.431322675,1,0,0
0.1819015312,1,2.754406054,1,0,0
0.1489283776,0.596896066,3.611161268,1,1,0
0.1219322428,0.1445626368,2.01316641,1,1,0
0,0.04615681951,4.626309787,1,1,0
0,0.02919656415,1.023368821,1,1,0
0,1,2.620995279,3,0,0.1431492919
0.1431492919,0.7846509639,4.652485419,1,1,0
0.1172007276,0.6658672435,4.74367423,5,1,0.4764152699
0.5723711098,0.4751460884,2.516668316,3,1,0
0.4686178298,1,4.810775791,3,0,0.2506085295
0.6342803582,0.1369801709,2.013956568,1,1,0
0.5193048353,1,4.799015384,3,0,0.2258557324
0.6510265713,1,3.815032944,3,0,0.1124584119
0.6454738869,1,1.262096012,5,0,0.02322997008
0.5516992916,0.1431932713,1.457890021,1,1,0
0.4516931764,1,2.411285954,1,0,0
0.3698150945,0.4125598754,1.720216251,1,1,0
0.3027789908,1,2.678733659,3,0,0.1058451554
0.3537396266,0.4693736346,1.37038132,1,1,0
0.2896175109,1,3.810897985,3,0,0.2284836572
0.46560242,0.8372095822,1.040735033,1,1,0
0.3812030199,0.2587753496,3.907887493,5,1,0.0017426796
0.3138453152,0.4756070927,4.292686101,1,1,0
0,1,3.636567133,3,0,0.29548507
0.29548507,0.2988725256,1.347304046,3,1,0
0.2419227139,0.248333231,2.127533806,5,1,0
0.1980695657,0.6017903035,3.155430716,5,1,0.1802153421
0.3423809869,1,1.726575603,1,0,0
0.2803178432,0.571808671,2.015909479,5,1,0.02747647874
0.2569813176,1,1.906057336,1,0,0
0.2103985077,0.6934805183,3.484101363,3,1,0.08876973405
0.2610294627,0.3599763211,4.448667623,3,1,0
0.2137128486,0.5333410597,3.880616386,3,1,0.04753405274
0.2225073342,1,2.49250447,1,0,0
0.1821735973,1,3.730054113,5,0,0.5581775835
0.70732871,0.001692000666,3.416905903,3,1,0
0.5791117674,0.3158612436,2.406728882,1,1,0
0.4741366135,1,1.148789993,5,0,0.01956080236
0.407751029,1,3.460211139,3,0,0.1593337303
0.4931720373,1,1.729790022,1,0,0
0.4037751135,0.1805675364,3.513644508,5,1,0
0.3305831027,0.3589594807,4.103325471,3,1,0
0.2706585526,1,3.770335937,5,0,0.5051302055
0,1,4.40650446,5,0,0.851626115
0.851626115,0.7657751915,4.017113878,5,1,0.07701369311
0.7742661836,0.8476406088,1.465349334,5,1,0.0136619524
0.647577488,1,3.348508024,5,0,0.2069167743
0.7371083787,0.816053173,3.330239351,1,1,0
0.603493298,0.06384863004,1.573846897,5,1,0
0.4940985223,0.3317676816,3.54544589,5,1,0.02229310043
0.4268267557,0.2533675052,2.19730999,3,1,0
0.3494561911,1,1.76822959,3,0,0.009910669621
0.2960212002,1,1.858400363,5,0,0.1510739144
0.3934355745,0.31714684,1.472352253,3,1,0
0.3221178042,0.7467801724,3.881533099,3,1,0.1252711341
0.3889988865,1,4.825863876,1,0,0
0.3184853513,0.03978404729,3.203046738,3,1,0
0.2607537515,1,4.558383741,5,0,0.6576304577
0.8711175731,0.4935583318,4.484170863,1,1,0
0.7132107466,0.5958005743,4.252340075,3,1,0.03729177986
0.6212193515,1,4.123802791,5,0,0.2958090117
0.8044203992,1,3.426328896,3,0,0.05162310544
0.7102268247,0.2030938869,2.460716467,3,1,0
0,0.263304453,1.348314011,3,1,0
0,1,1.989160683,3,0,0.0483741024
0.0483741024,1,2.417802469,3,0,0.1072200424
0.1468254076,1,2.137112577,3,0,0.06020587473
0.1804163513,0.7409093169,4.739088638,5,1,0.5145417707
0.6622541858,1,4.978183783,1,0,0
0.5422078683,0.3656397471,3.778514933,1,1,0
0.4439222563,1,2.211061911,1,0,0
0.3634528032,0.2430734357,1.971057643,3,1,0
0.2975699873,1,2.596604067,1,0,0
0.2436296998,1,1.728843543,3,0,0.007054311403
0.206521439,0.7150018667,4.033988381,1,1,0
0.1690854533,1,2.778984809,1,0,0
0.1384354605,0.657624122,4.080713365,1,1,0
0.1133413688,0.02095509668,1.726487729,3,1,0
0.09279606425,1,1.714625101,5,0,0.1620776761
0.2380526676,1,1.213514998,5,0,0.04067179585
0.2355728357,1,2.43998879,3,0,0.08867226571
0.2815429909,0.6128253964,1.014619096,3,1,0
0.230507905,0.3005183802,2.891547677,5,1,0
0,1,3.839687363,3,0,0.3259531044
0.3259531044,1,2.751173999,5,0,0.2950933494
0.56196118,1,2.325698308,3,0,0.04330221639
0.5033971165,1,4.346182189,3,0,0.1995982702
0.6117449705,0.07468373396,1.739031851,3,1,0
0.5008544204,1,3.627242011,1,0,0
0.4100649168,0.5322457553,4.972869479,3,1,0.08673125349
0.4224640116,1,3.437817389,1,0,0
0.3458842784,0.3884671374,2.545762719,5,1,0
0.2831860957,1,3.280912074,5,0,0.4087473722
0.6406005376,1,1.283996369,3,0,0
0.5244793606,0.9397529557,2.87853183,1,1,0
0.4294073819,0.5052200768,4.522917929,3,1,0.0529283661
0.4044973952,1,1.795212628,3,0,0.01148241822
0.3426568752,1,2.873009791,5,0,0.3078025272
0.5883462487,1,4.877728974,5,0,0.3990704197
0.880767587,1,2.246895559,1,0,0
0.7211115098,0.6926475891,4.392030326,1,1,0
0.5903961694,0.3135827991,4.048101363,5,1,0.02758834954
0.51096385,0.1666369358,1.575763854,5,1,0
0,1,2.197106735,3,0,0.07956601028
0.07956601028,1,2.548179725,1,0,0
0.06514313951,1,3.867693222,5,0,0.6702206706
0.7235553623,0.552192505,3.255983739,1,1,0
0.5923970267,0.7490419904,2.4964235,5,1,0.08864610886
0.5736597726,0.9738185896,1.953776327,1,1,0
0.4696728977,0.7390592638,1.304595329,5,1,0
0.3845356452,0.479252629,1.382095416,3,1,0
0.3148311584,1,1.292720964,3,0,0
0.2577619514,0.6985200536,2.858231606,3,1,0.03672580074
0.2477634373,0.09296404826,3.023883947,1,1,0
0.2028515456,0.7775718862,2.492296232,1,1,0
0.1660807987,0.08306760954,1.071306163,3,1,0
0.1359754574,1,4.52940484,3,0,0.3710214062
0.4823486948,1,1.186698365,1,0,0
0.3949137101,0.3276919443,2.046624684,5,1,0
0.3233279993,1,2.164295357,1,0,0
0.2647185764,0.4852525925,1.136252218,1,1,0
0.2167332394,1,1.343487605,3,0,0
0.1774461683,1,4.235872693,3,0,0.3169965392
0,0.07917747601,2.242073269,1,1,0
0,1,4.779969215,1,0,0
0,1,2.578169338,1,0,0
0,0.504982512,4.175872252,5,1,0.2771856149
0.2771856149,0.6229858065,4.366843072,1,1,0
0.2269403872,1,2.633915796,5,0,0.3157785781
0.5015816522,1,2.318098178,3,0,0.04870281261
0.4593631364,0.4783792004,3.213383554,3,1,0
0.3760947266,1,3.843789419,5,0,0.4435638037
0.7514841225,1,4.38470473,5,0,0.2102882165
0.825551378,0.6601671653,2.630641401,3,1,0.001831616586
0.677735918,0.11706282,1.85674406,5,1,0
0.5548832386,1,2.420042562,5,0,0.1580211866
0.6123211583,1,4.991311977,3,0,0.1933341964
0.6946603595,0.1587200862,2.173427171,3,1,0
0.5687397993,0.3434052422,3.822295707,3,1,0
0.4656447642,1,2.140590377,1,0,0
0.3812376884,0.06346218385,3.672328484,3,1,0
0.3121310198,1,4.672817028,3,0,0.3101756376
0.5657269024,0.5610174103,4.206875385,3,1,0.04517289222
0,0.9426869715,4.197106455,1,1,0
0,1,4.176324163,3,0,0.3764486245
0.3764486245,1,1.557864574,1,0,0
0.3082100658,0.9237148166,4.667018574,3,1,0.2743978762
0.5267389355,0.1619562447,3.242897728,3,1,0
0.4312573653,1,1.28046383,3,0,0
0.3530836675,0.1953777712,3.496331437,5,1,0
0.289080457,1,4.414612274,3,0,0.2930352353
0.5297142955,0.536657389,2.970753363,5,1,0.06986996417
0.5035633482,0.5571851795,3.348868752,5,1,0.1074710931
0.5197538924,1,3.542060985,5,0,0.3052037233
0.7307422191,1,4.810940549,3,0,0.1269930312
0.7252741586,0.3063841719,2.738861925,1,1,0
0.593804258,0.05421363128,3.731249401,5,1,0
0.4861658074,1,3.293800339,3,0,0.1254115376
0.5234504351,0.2054984544,1.960333463,5,1,0
0.428564969,0.2541071083,4.443554539,5,1,0.01844860778
0.3693279276,0.3201726243,2.924373258,5,1,0
0.3023801323,1,1.023740232,1,0,0
0.2475679134,0.3391498531,3.64032541,5,1,0.04413311924
0,0.9658352404,2.963054143,3,1,0.1792733166
0.1792733166,1,1.544367446,5,0,0.1116942221
0.2584707996,1,3.15193431,3,0,0.1652053992
0.3768233916,1,1.332863175,1,0,0
0.3085168992,0.4921128019,1.312879826,5,1,0
0.2525922732,1,1.837579408,3,0,0.01916122554
0.2259662876,0.3750914021,3.810213921,1,1,0
0.1850055488,0.76236609,1.486895122,1,1,0
0.1514697323,0.2751364647,2.156939392,3,1,0
0.124012928,1,4.20949183,3,0,0.3341222954
0.4356554933,1,2.260533493,1,0,0
0.3566845501,1,3.462128352,3,0,0.1732572362
0.4652858466,0.06666730128,4.003925745,5,1,0
0.3809438316,0.1239132198,2.597457173,3,1,0
0.3118904301,1,4.208310643,5,0,0.5519173142
0.8072716009,1,3.206078717,1,0,0
0.6609380857,0.685850814,2.896222162,1,1,0
0.5411303367,1,4.532678492,5,0,0.4052597475
0.8482997956,0.6362168332,4.512253218,3,1,0.02739944133
0.7219285718,0.0370565626,4.239171837,1,1,0
0,0.2065186888,4.659294696,5,1,0
0,0.9710957803,2.226148232,3,1,0.0742704731
0.0742704731,0.2893783805,1.557329961,3,1,0
0.06080752037,1,4.97037973,1,0,0
0.04978498695,0.9355323714,2.322431224,1,1,0
0.04076049986,0.5822258247,1.916625809,3,1,0
0.03337187474,0.9581442529,2.672038904,1,1,0
0.02732258014,1,2.236956713,5,0,0.3007899661
0.3231598027,0.7500214235,3.849349745,1,1,0
0.2645808687,1,4.706830526,3,0,0.3353691997
0.5519896936,1,1.656891739,1,0,0
0.4519309375,1,2.016904084,3,0,0.02879314391
0.3988029007,0.5051040425,1.404018921,5,1,0
0.3265121992,1,1.254596777,1,0,0
0.2673255788,1,1.413237125,1,0,0
0.2188676724,1,2.331635532,5,0,0.2600458906
0.4392395848,0.3846783181,2.305773899,5,1,0
0.3596189561,0.1094623514,1.444182255,1,1,0
0.2944310987,1,2.553252952,5,0,0.2739817448
0.51504154,0.1328925829,3.069533836,5,1,0
0,0.4572058689,2.847161115,1,1,0
0,0.4583623231,3.828161867,5,1,0.1886712917
0.1886712917,1,4.357413431,3,0,0.3274620145
0.4819330032,0.6098105807,1.385072702,1,1,0
0.3945733707,1,4.870431529,1,0,0
0.3230493529,0.1853012737,3.394416242,5,1,0
0.26449044,1,3.923262469,1,0,0
0.2165464571,0.5966814752,4.258070101,1,1,0
0.1772932439,0.004006984742,1.0556968,3,1,0
0.1451554311,0.655856062,1.59457502,3,1,0
0.1188432154,0.0448257077,2.919094203,3,1,0
0.09730059526,1,4.097811541,3,0,0.3291889547
0.4088519443,1,1.555221156,3,0,0
0.3347396602,0.1545153218,2.400567379,5,1,0
0.2740616541,1,4.12953496,3,0,0.2681835802
0.4925662847,1,4.645416784,5,0,0.4624518456
0.8657310108,1,2.45856238,1,0,0
0.7088006024,1,1.596576795,5,0,0.04343070081
0.6237475518,1,4.502202422,1,0,0
0.5106813028,1,1.112347336,1,0,0
0,1,2.342631121,3,0,0.1013946682
0.1013946682,1,3.78062421,5,0,0.6246709352
0.7076858682,1,1.352321506,5,0,0.02574713882
0.6051513226,0.2062468291,2.557199307,5,1,0
0.4954559981,0.8152296646,3.890153941,5,1,0.2738877876
0.6795328501,1,4.895953146,3,0,0.1552320351
0.7115864772,0.4578251549,1.8827425,5,1,0
0.5825977324,1,3.202715556,5,0,0.229854617
0.7068452972,0.06508140524,2.549583511,3,1,0
0.5787159825,0.7228628632,2.121607362,3,1,0
0.4738125721,1,2.895895694,5,0,0.2493991196
0.6373240436,0.153562351,1.191764217,5,1,0
0.5217967942,0.09298584187,3.730438316,5,1,0
0.4272110823,1,3.528694303,1,0,0
0.3497708511,0.4585581525,1.257939995,1,1,0
0.2863681523,1,1.461100251,1,0,0
0.234458413,1,3.215336087,1,0,0
0.1919583131,1,3.557277627,1,0,0
0.1571621742,1,2.345466892,3,0,0.08581777594
0.2144912812,0.3599089561,1.31872541,1,1,0
0,0.06694115354,2.574495912,3,1,0
0,1,2.35957864,1,0,0
0,1,1.086981797,3,0,0
0,1,4.730280223,1,0,0
0,1,2.715862483,5,0,0.4289656207
0.4289656207,1,3.62071335,3,0,0.1673741753
0.518581521,0.8688852735,2.014810804,1,1,0
0.4245786392,1,1.908757611,5,0,0.1307296352
0.4783452243,0.479228723,3.519709802,1,1,0
0.3916359457,0.7289513945,4.59664876,1,1,0
0.3206443927,1,2.123561378,3,0,0.04655909762
0.3090805228,0.4853383669,1.070324699,1,1,0
0.2530537292,1,4.310525507,1,0,0
0.2071828702,0.1191029573,1.681498989,1,1,0
0.1696269874,1,1.051148376,1,0,0
0.1388788311,1,3.902206401,1,0,0
0.11370437,1,3.760266125,1,0,0
0.09309326447,1,3.12395536,1,0,0
0.07621831853,1,2.86037016,3,0,0.1654082131
0.2278104944,0.4203626175,2.49893574,3,1,0
0,0.8106878069,1.596571143,3,1,0
0,1,3.303113781,1,0,0
0,1,2.938058516,1,0,0
0,0.6685392441,2.376003544,3,1,0
0,1,1.865706517,5,0,0.2164266293
0.2164266293,1,2.971624509,5,0,0.3862281156
0.5634232528,0.1546345353,1.403725066,5,1,0
0.4612919441,0.8815062097,1.413549295,1,1,0
0.3776739008,1,1.335290752,5,0,0.05216504639
0.3613782836,0.3714378524,2.86499438,3,1,0
0.2958715143,0.4099634274,4.184088536,3,1,0.005139075779
0.2473781835,1,2.157127894,3,0,0.05536977298
0.2579058994,0.505323264,2.641733816,3,1,0
0.2111554913,1,1.013673158,5,0,0.002696498894
0.1755759933,1,2.832185352,5,0,0.3776243972
0.5213738624,1,3.880491101,3,0,0.1589391358
0.5858039507,0.3112447902,2.227261641,3,1,0
0.4796157097,0.3218928685,2.264612993,5,1,0
0.3926761312,1,3.864966536,3,0,0.2002619972
0.5217580218,1,3.728446907,3,0,0.1479044791
0,1,3.802866448,3,0,0.3204299672
0.3204299672,1,4.61849602,1,0,0
0.2623458684,0.1386149774,1.657569537,1,1,0
0.2147906304,0.4529139529,4.387512688,3,1,0.03774882833
0.2136045229,0.7085357395,2.846837265,5,1,0.199957947
0.3748425389,1,4.51275531,5,0,0.5490062977
0.8559014119,1,2.267319782,5,0,0.0456547478
0.7464075553,0.2075779454,1.912979929,3,1,0
0.6111068199,1,1.513521859,1,0,0
0.5003319468,1,4.282180233,3,0,0.1960332858
0.6056704374,0.2837778085,1.51900551,5,1,0
0.4958810133,1,4.53472252,3,0,0.2168762116
0.6228692471,1,2.52618005,3,0,0.04862233939
0.5585845471,0.3349495558,4.490741748,5,1,0.05563732279
0.5129676697,1,4.496919052,5,0,0.4257781587
0.8457605652,0.3933976949,4.116683305,3,1,0
0.6924501845,1,2.15066013,1,0,0
0.566930261,0.07058546486,4.746696868,5,1,0
0.4641632395,1,3.322307164,5,0,0.3110943869
0.6911191056,1,3.939564653,3,0,0.1053082145
0,0.192559903,3.944589532,1,1,0
0,1,2.96667212,1,0,0
0,1,1.477808834,1,0,0
0,1,2.5021402,5,0,0.37553505
0.37553505,1,3.936326582,5,0,0.458408258
0.7658703523,0.3204036046,4.672411865,5,1,0.02909398042
0.6561355907,1,2.823774279,3,0,0.05968321884
0.5968816051,1,4.213140098,3,0,0.1539795423
0.6426648684,0.3483851739,1.014812694,5,1,0
0.5261694917,1,1.902997861,3,0,0.01679713949
0.4475882836,1,3.689037743,5,0,0.3713639888
0.7378182813,1,1.423320142,1,0,0
0.6040745171,0.5962471921,4.071281549,1,1,0
0.4945743843,0.6529854771,1.256525743,3,1,0
0.4049232581,0.1809757285,4.488489077,5,1,0
0.3315231241,1,4.368996956,1,0,0
0.271428177,1,2.360210093,1,0,0
0.2222265958,0.1477898095,1.547708031,5,1,0
0.1819437481,1,3.748390532,1,0,0
0.1489629419,0.2787759115,3.707229757,3,1,0
0,1,4.792474966,5,0,0.9481187416
0.9481187416,1,3.437809628,3,0,0.01378336884
0.7900373402,0.9488521175,2.317165315,1,1,0
0.6468278665,0.1775968682,2.462703017,5,1,0
0.5295778662,0.05893530673,3.720597285,3,1,0
0.4335816852,0.1969192566,1.683126297,5,1,0
0.3549866597,0.6801493846,2.259283218,1,1,0
0.2906384952,0.1778790326,2.27206841,3,1,0
0.2379546741,1,4.426241068,1,0,0
0.1948208095,0.6137153164,1.324920981,3,1,0
0.1595057881,0.2548173992,2.304534818,5,1,0
0.130592294,1,4.895897306,1,0,0
0.1069199272,1,3.119973392,3,0,0.1946878915
0.282226524,1,1.878979923,1,0,0
0.2310675345,1,4.830331148,3,0,0.3648966495
0.554078746,1,1.871228633,1,0,0
0.453641309,0.725694318,3.214769303,3,1,0.05460361892
0.4260137094,1,2.718340043,3,0,0.09054691504
0.4393374402,1,4.891464729,5,0,0.5454496441
0.9051487173,1,2.093440133,5,0,0.02592854978
0,0.7238398843,1.913846417,1,1,0
0,0.4216906762,2.332607825,5,1,0
0,1,3.090357958,3,0,0.2135536936
0.2135536936,1,1.484758822,5,0,0.09530919616
0.2701521726,0.1478263907,3.993937569,5,1,0
0.2211818917,0.7132362334,2.679422028,1,1,0
0.1810884168,0.4133339998,4.298420033,3,1,0.01351406528
0.1617767211,1,2.630262347,5,0,0.3416309624
0.4740825391,0.6110317346,4.316025176,3,1,0.07656530041
0.4647112547,0.6120975145,3.979856616,5,1,0.1921767348
0.5726501303,0.7882692736,3.899725185,1,1,0
0.4688462724,0.5505181345,2.944307449,3,1,0
0.3838588617,1,3.713670211,3,0,0.1891864641
0.503463519,0.01562864065,4.718992402,1,1,0
0.412201066,0.2343033693,4.515797682,5,1,0.008532873135
0.3460145623,1,2.017485762,1,0,0
0.2832927632,1,4.922744895,5,0,0.7028649137
0.934805411,1,4.453601225,5,0,0.05628902808
0.8216429662,0.05465597365,4.473913103,5,1,0
0.6727043645,1,1.386704939,5,0,0.03164170969
0,1,4.191312975,3,0,0.3786969463
0.3786969463,1,3.439289754,3,0,0.1652004206
0.4752512566,1,4.374212399,1,0,0
0.3891028192,1,4.678072927,3,0,0.2759489392
0.5945193834,1,1.707028477,1,0,0
0.4867513025,0.464890338,3.229230403,5,1,0.06431493938
0.4628331998,0.5107799881,4.408866906,5,1,0.1681279692
0.5470637434,0.4903397407,2.593041886,3,1,0
0.4478979106,0.6457218271,2.180900639,3,1,0
0.3667077936,1,2.282565547,3,0,0.05850659413
0.3587415422,0.1353423592,2.197509839,1,1,0
0.293712733,1,3.842451289,1,0,0
0.2404716471,1,1.018725801,3,0,0
0.1968815327,1,1.022386381,3,0,0
0.1611929655,0.2417796882,4.754046866,1,1,0
0.1319736381,1,2.550925356,1,0,0
0.1080508761,0.6822427938,1.443613265,3,1,0
0.08846457514,0.3979524528,2.597868614,3,1,0
0.07242866823,0.4714620138,4.336535564,3,1,0.05257174562
0.1118713237,0.5063521806,3.217661957,3,1,0
0,1,2.378173046,5,0,0.3445432616
0.3445432616,1,1.393066066,5,0,0.06440945033
0.3464976144,0.7753442214,1.462638484,3,1,0
0.2836882527,0.1179607561,4.893984326,3,1,0
0.2322642968,1,1.54491294,5,0,0.1045872798
0.2947492025,1,3.289963159,5,0,0.403749586
0.6450698225,0.03779613529,1.392440835,1,1,0
0.5281385015,1,2.652669141,5,0,0.1949577344
0.6273609675,1,4.385392734,3,0,0.1519655177
0.665605235,0.2854213144,2.848678838,1,1,0
0.5449514753,1,2.543662519,5,0,0.175610338
0.6217788698,1,4.696950084,5,0,0.3495661597
0.858635642,1,4.723746478,1,0,0
0.7029914058,1,2.902847058,1,0,0
0.5755606831,1,4.512497763,5,0,0.3727105378
0.8439397693,0.6954735429,1.012179025,1,1,0
0.6909594429,0.1691904673,4.221383246,5,1,0
0.565709745,1,3.100418387,5,0,0.2280478092
0.6912117748,0.06504936076,1.422207457,5,1,0
0.5659163369,1,1.371644163,1,0,0
0,0.5507375441,4.700429422,1,1,0
0,0.6835312479,1.492816751,3,1,0
0,0.8132444628,2.505943858,3,1,0.05569174499
0.05569174499,1,1.231559822,1,0,0
0.04559654432,1,2.743977821,5,0,0.4161146147
0.4534459077,1,3.797013927,1,0,0
0.3712501095,0.167059967,2.925662897,1,1,0
0.3039538818,0.2645903222,3.336075383,1,1,0
0.2488563905,0.2397444428,3.487013643,5,1,0
0.20374638,1,1.706093766,3,0,0.004709095619
0.1715225228,1,1.423513287,1,0,0
0.1404307642,0.1809522999,3.544686578,5,1,0
0.1149749854,1,4.238243902,1,0,0
0.09413355634,0.4803037159,4.765587578,3,1,0.08455304238
0.1616230799,0.3304097487,1.89115389,1,1,0
0.1323257859,1,4.438194348,5,0,0.7458081446
0.854147335,0.3252983493,4.484396178,1,1,0
0.6993166908,1,4.710052081,1,0,0
0.5725520809,0.4267679872,2.536934653,3,1,0
0.4687659964,1,4.943228535,5,0,0.5236942705
0,1,4.112155388,1,0,0
0,0.2603825315,4.752373607,5,1,0.05935876765
0.05935876765,0.9161734769,2.848390119,3,1,0.1330470442
0.1816458928,0.357301618,1.337152624,5,1,0
0.1487190786,0.09026307356,3.07993996,5,1,0
0.1217608832,0.7850616421,4.874752277,1,1,0
0.09968937961,1,1.266385329,3,0,0
0.08161876084,1,3.628564423,1,0,0
0.06682378953,1,3.68675943,5,0,0.6268049959
0.6815156875,1,1.968052841,5,0,0.07707741093
0.635055263,1,4.480728714,5,0,0.3175684063
0.83750768,1,4.662588043,3,0,0.07302213224
0.7587154258,1,2.667735809,5,0,0.1005997311
0.721783383,0.7976303927,1.506048354,1,1,0
0.5909462528,1,4.084309387,5,0,0.3154120781
0.7992379487,1,4.949533341,3,0,0.09886125717
0.7532219448,1,3.4573852,5,0,0.1516071851
0.7682931552,1,1.197826637,5,0,0.01145944645
0.64048468,0.3099091192,4.410756023,1,1,0
0.5243845044,1,1.754928844,5,0,0.08976396405
0,1,3.455309895,5,0,0.6138274738
0.6138274738,0.2439632115,2.313557323,1,1,0
0.5025594299,0.2450136422,1.4771849,3,1,0
0.4114608605,0.8648586368,3.70108402,3,1,0.1354447332
0.4723203934,0.6454135505,4.647129846,3,1,0.1054821434
0.4921853747,0.7717365852,1.981487063,3,1,0
0.4029673025,1,1.733900205,3,0,0.006021093144
0.3359428162,0.2180385368,4.033509438,1,1,0
0.2750467149,0.5308907174,2.763839616,5,1,0.08469208693
0.3098812909,1,2.778011084,1,0,0
0.2537093427,1,4.299882161,3,0,0.2947716183
0.5024912595,1,2.49500181,5,0,0.1859441169
0.5973491642,1,2.087024774,5,0,0.1094228584
0.5984909895,1,2.277258372,3,0,0.03677371073
0.5267766893,0.5910373077,2.449722854,3,1,0
0.4312882755,0.2394098036,1.431635208,5,1,0
0.3531089746,1,4.868669664,1,0,0
0.2891011767,1,1.65230936,3,0,0
0.2366960241,0.05809586007,4.391309983,3,1,0
0.1937903141,1,2.610455841,5,0,0.3245912744
0,1,1.50809525,5,0,0.1270238124
0.1270238124,0.9151709005,4.598364204,1,1,0
0.1039983016,1,2.715694297,1,0,0
0.08514660776,0.06132962741,2.638055906,3,1,0
0.06971214629,1,4.860537115,5,0,0.8978526968
0.9549281749,1,4.702643287,3,0,0.0205255511
0.8023546148,1,1.497511951,5,0,0.02458273529
0.6814951333,0.4650127134,3.345823125,1,1,0
0.5579610237,1,2.295865856,3,0,0.04171958485
0.498539434,1,4.269947568,5,0,0.4099374395
0.8181070057,1,4.595610075,3,0,0.07991314299
0.7497225079,1,4.249269675,5,0,0.2033047664
0.8171256399,1,3.530990816,3,0,0.05114056289
0.7201464534,0.1060476184,3.320409319,1,1,0
0.5896060481,1,4.047845831,5,0,0.3127043738
0.7954329776,1,3.8263832,1,0,0
0.6512454408,0.01659250208,2.642479477,1,1,0
0.5331946702,0.1574711338,4.889880528,5,1,0
0.4365428738,0.1348002695,3.528754385,3,1,0
0.3574110759,0.5183701,3.680942073,3,1,0.02327042395
0,1,1.648138783,1,0,0
0,0.4411852961,3.753237289,3,1,0
0,1,1.362697077,5,0,0.09067426926
0.09067426926,0.8577896993,2.286159196,1,1,0
0.07423781275,0.08583990922,1.745206548,3,1,0
0.06078078034,1,4.216261835,5,0,0.7551937327
0.8049568267,1,4.154302094,3,0,0.07277944614
0.7318223551,1,1.181746395,5,0,0.01218508006
0.611350548,1,4.360136315,3,0,0.1570223254
0.6575538199,0.04617771142,2.163992884,1,1,0
0.5383595342,0.5533014722,4.97281333,5,1,0.2021367723
0.6429082791,0.0835637007,2.520867971,3,1,0
0.5263687795,1,4.53646934,1,0,0
0.4309543073,0.01478063247,3.912159768,1,1,0
0.3528355445,0.1543076775,4.476616319,5,1,0
0.2888773111,1,2.882545882,5,0,0.3346802725
0.5711930109,0.3631454898,1.001798519,5,1,0
0.467653284,0.0520779867,2.516701155,5,1,0
0.3828821254,0.666204331,4.619401386,1,1,0
0.3134773709,1,3.329183586,1,0,0
0,0.2406669597,1.553203703,5,1,0
0,0.8542228972,4.158380042,3,1,0.2828275171
0.2828275171,1,3.698017374,5,0,0.4837359548
0.7152955409,0.3343336731,3.141385668,3,1,0
0.5856344569,1,1.084474332,5,0,0.008750813146
0.488227753,1,3.910605449,5,0,0.3723917726
0.7721188486,0.6744377939,1.887197541,1,1,0
0.6321574463,1,4.722589388,1,0,0
0.5175667421,1,4.275595682,3,0,0.1887951187
0.6125429272,1,4.182997027,3,0,0.1462454993
0.6477532314,1,3.014601295,1,0,0
0.530335491,0.1991257033,1.961662566,5,1,0
0.4342019759,1,4.922296042,3,0,0.2763043002
0.6317988109,1,3.770994135,5,0,0.2550708339
0.7723439502,0.2374380438,3.93141713,1,1,0
0.6323417439,0.02033429511,1.108324675,1,1,0
0.5177176322,0.4232126921,1.598274977,5,1,0
0.4238713469,0.5336368784,2.59888246,1,1,0
0.3470365071,1,1.04495112,3,0,0
0.2841294608,0.2762817588,3.350732469,5,1,0
0,1,3.359639905,3,0,0.2539459858
0.2539459858,0.1852643644,3.21696974,1,1,0
0.2079133882,0.9321931586,4.77748956,3,1,0.3311171247
0.5013422096,0.2683652026,3.722178765,5,1,0
0.4104642848,1,3.785373955,3,0,0.1873580425
0.5234177755,1,4.418454321,3,0,0.1967179623
0.6252561918,1,2.814787378,3,0,0.06453766916
0.5764541419,0.4672633123,3.858787745,5,1,0.08503423703
0.5569949708,0.5909443654,2.053289507,5,1,0.02363208829
0.4796610002,1,4.617699903,1,0,0
0.3927132119,1,4.324193821,1,0,0
0.3215263837,1,2.094168139,3,0,0.04350727051
0.3067508088,0.7428068191,3.719517826,1,1,0
0.2511463207,0.1113586169,1.917767338,5,1,0
0.2056212163,0.2108925625,3.072802856,5,1,0
0.1683484132,0.1729853986,2.496679921,1,1,0
0.1378320232,1,4.230321075,1,0,0
0.1128473161,1,2.107575003,5,0,0.2456470342
0.3380386023,1,2.584238811,3,0,0.0911096009
0.3678722003,0.1375300342,1.819463049,5,1,0
0,0.8555514528,1.460365621,3,1,0
0,0.2694633483,3.432941987,3,1,0
0,0.8854303836,2.532701541,3,1,0.08637963457
0.08637963457,1,1.078739033,3,0,0
0.07072166326,0.2740658817,3.654719716,3,1,0
0.05790200062,1,3.681639367,5,0,0.6315917706
0.6789979192,0.2853596156,3.544038814,1,1,0
0.5559164777,1,3.13893644,3,0,0.09807161199
0.5532175284,1,3.878945566,1,0,0
0.4529362037,0.2116115528,1.460442818,1,1,0
0.3708327991,1,4.13244393,3,0,0.2327079268
0.5363201437,1,3.847588507,3,0,0.1516874288
0.590789224,0.2385601742,2.712454489,5,1,0
0.4836973062,1,2.695310023,1,0,0
0.3960178598,1,3.075593461,1,0,0
0.3242320006,0.4886811262,2.166133957,1,1,0
0.26545871,1,1.331196341,5,0,0.06081934697
0.2781585565,0.3125259973,2.131917268,5,1,0
0.2277369645,0.1003640096,1.059839921,5,1,0
0.1864552564,0.04312560075,4.698700734,1,1,0
0,0.5718939741,3.25787357,1,1,0
0,1,1.741233615,5,0,0.1853084037
0.1853084037,1,3.276777129,1,0,0
0.1517176889,1,2.925310564,5,0,0.4083017237
0.5325176614,0.119380382,3.862598234,1,1,0
0.4359885859,1,2.467262146,5,0,0.2068881495
0.5638454128,0.4251537894,4.533746285,5,1,0.1011376425
0.5627752219,0.5076098025,4.19011765,5,1,0.1231820468
0.583943428,1,4.347594841,3,0,0.1673126679
0.6454051105,0.4958686244,3.708556558,3,1,0.009163982195
0.5375769943,0.5290687401,1.77688017,3,1,0
0.4401308174,1,2.033560525,5,0,0.1446646716
0.5050133072,0.1204737454,2.120074327,1,1,0
0.4134699253,0.2725742175,3.752362272,3,1,0
0.3385205433,1,3.969995437,1,0,0
0.2771571794,1,2.47294846,3,0,0.08742225091
0.3143393571,0.2652768919,4.238385694,1,1,0
0.2573592986,0.1733425247,1.470198154,3,1,0
0.2107079723,1,2.614337303,5,0,0.3185458909
0.4910589877,1,4.493361401,5,0,0.444478722
0,1,1.531317698,5,0,0.1328294245
0.1328294245,0.2929134748,1.507176352,1,1,0
0.1087515348,1,1.007920267,3,0,0
0.08903822597,0.9567117825,1.658833573,1,1,0
0.0728983338,0.5150888346,3.095122188,5,1,0.1377355267
0.1974196344,0.02441895372,4.188787686,1,1,0
0.161633526,1,3.465959167,3,0,0.2262699763
0.3586043148,0.2471861185,4.211734278,3,1,0
0.2936003807,1,4.561360568,1,0,0
0.2403796608,0.2721695342,2.493483107,1,1,0
0.1968062207,1,2.77244306,3,0,0.1332229081
0.2943542134,1,2.613149617,3,0,0.1001822559
0.3411791027,1,4.38449277,3,0,0.2685840949
0.5479179185,1,1.103196004,5,0,0.01166326604
0.4602605161,0.2854265789,1.780747809,1,1,0
0.376829439,0.7229598326,1.300354725,3,1,0
0.3085218503,0.00388088696,3.771755103,1,1,0
0.2525963269,0.170230511,1.353490021,5,1,0
0.2068083809,1,3.560769817,3,0,0.2253580116
0.3946783931,1,3.159971445,5,0,0.3268693465
0,1,2.008539998,1,0,0
0,0.07795719475,2.641093264,1,1,0
0,0.8333186663,1.905199071,1,1,0
0,1,4.965753153,3,0,0.494862973
0.494862973,0.01283414742,1.50057308,5,1,0
0.4051595345,1,3.754637703,3,0,0.1863014495
0.5180180203,0.6270609587,4.344161197,3,1,0.07644623772
0.5005635216,0.6232516753,4.041736401,5,1,0.1896633729
0.5994901219,0.4495708381,4.023778277,1,1,0
0.490820999,1,3.205522518,1,0,0
0.4018502461,1,3.023207243,1,0,0
0.3290071546,1,1.697260917,5,0,0.1169642717
0.3863325472,1,4.442817622,3,0,0.2555450228
0.5718473601,1,2.167799288,1,0,0
0.4681890197,1,2.986174509,5,0,0.2640673532
0.6473881019,0.472293445,2.913330787,1,1,0
0.5300365482,1,4.641088679,3,0,0.2096804454
0.6436376677,0.08164713066,1.478983233,5,1,0
0.5269659524,0.07457441001,3.900377909,5,1,0
0.431443231,0.1032305986,2.084966254,5,1,0
0,1,3.472551824,3,0,0.2708827736
0.2708827736,1,2.424533288,5,0,0.25966294
0.4814429973,0.9407477291,4.598780877,1,1,0
0.3941721877,1,4.101107217,3,0,0.221227769
0.543948661,1,4.709084324,3,0,0.2081247969
0.6534722938,1,3.279590062,5,0,0.1974852788
0.732503142,0.5997914848,2.074414415,5,1,0.01633175999
0.6160546091,1,2.354402817,1,0,0
0.504382854,0.116030848,4.918670462,5,1,0
0.4129537539,0.6067300358,3.435781413,3,1,0.03680120534
0.3748991433,1,4.837207791,1,0,0
0.3069414579,0.007045521582,4.269267488,5,1,0
0.251302411,1,1.155551733,5,0,0.0291153019
0.2348643141,1,4.790711171,5,0,0.7251020981
0.9173927348,0.380845603,2.71597427,5,1,0.0007097380507
0.7518073827,0.06545115154,1.319882162,3,1,0
0.6155278246,0.907172598,4.792661312,1,1,0
0.5039515594,0.04248623929,4.840386946,5,1,0
0.4126006397,1,1.039337039,3,0,0
0.3378088325,1,1.261252752,3,0,0
0,0.0360162215,1.807948612,5,1,0
0,0.300602454,2.248268213,3,1,0
0,0.1606411707,2.528283523,3,1,0
0,0.7507591026,3.742271714,1,1,0
0,0.7733170635,4.075050319,1,1,0
0,0.01162417135,2.310868609,1,1,0
0,0.692611548,3.260095552,5,1,0.3144949567
0.3144949567,1,2.780081817,5,0,0.3050637657
0.5625504585,0.1820714334,4.663482924,1,1,0
0.4605773605,0.03560464627,1.346919023,1,1,0
0.3770888493,0.5118532531,1.909801705,1,1,0
0.3087342375,1,1.1276963,1,0,0
0.2527702148,1,3.615934433,5,0,0.4886760311
0.6956267794,1,4.658176225,5,0,0.2783627197
0.8478937567,0.09555733562,1.744226562,5,1,0
0.694196694,1,2.687946615,5,0,0.1290449138
0.6974050959,0.1825721192,2.076781783,5,1,0
0.5709869993,0.2100346001,2.363666867,3,1,0
0.467484616,0.2961954769,3.610011076,5,1,0.009221695657
0.3919657273,0.01671932939,2.946714111,5,1,0
0,0.0002791265892,2.195761388,5,1,0
0,0.2214358965,4.354632044,3,1,0
0,0.7948151424,2.667821198,5,1,0.2801061714
0.2801061714,0.739633658,1.197065675,1,1,0
0.2293315367,1,4.366043577,5,0,0.6485259077
0.8362866894,0.2953800311,3.234733476,3,1,0
0.684693631,1,1.237674524,3,0,0
0.5605797322,1,1.808836772,3,0,0.00937086384
0.4683347301,0.6336549284,1.984422605,5,1,0.03421786564
0.4176579119,1,3.631834222,3,0,0.1716599666
0.5136093434,0.6094841908,1.984555655,3,1,0
0.4205077645,0.5284714867,2.561605749,1,1,0
0.3442826387,1,3.93228781,1,0,0
0.2818747841,0.3358515704,4.618236089,1,1,0
0.2307795542,1,2.670693643,1,0,0
0.1889463182,0.2728451728,1.975761317,1,1,0
0.1546961614,1,3.295679152,3,0,0.2065515761
0.3332060808,1,2.920721911,1,0,0
0.2728060655,1,3.74592837,5,0,0.4992056138
0.7225603292,0.217878184,1.744208712,3,1,0
0,0.57575648,2.17235131,1,1,0
0,1,4.135933419,3,0,0.3703900128
0.3703900128,1,3.072750494,3,0,0.1327926631
0.4360423572,0.5013206915,4.107702143,3,1,0.03321226178
0.3902135493,0.7361453688,2.196470516,3,1,0
0.319479833,0.3485748283,4.461524427,1,1,0
0.2615679643,0.6543802545,4.528339583,3,1,0.1436164661
0.3577702025,0.3445475798,1.120858869,1,1,0
0.2929174673,1,1.682598429,3,0,0.001689760586
0.2415102992,0.001189248119,4.917038513,5,1,0
0.1977319091,1,4.88847922,5,0,0.7799007001
0.9417898949,0.377126328,3.71961478,5,1,0.005861243346
0.7769335933,0.3019134988,1.35051543,1,1,0
0.6360994259,1,4.405700969,3,0,0.1495104232
0.6703045852,0.4396927748,2.959852515,5,1,0.02484467319
0.5736436511,1,3.227536016,1,0,0
0.4696596984,0.480886859,2.609164049,1,1,0
0.3845248386,0.2167648664,3.770477919,5,1,0
0.3148223107,0.05606224003,2.344893931,5,1,0
0.2577547075,1,2.682312728,3,0,0.1130787761
0,0.4846072816,2.328708685,1,1,0
0,0.5623110813,3.131853752,1,1,0
0,1,3.216001446,5,0,0.5540003615
0.5540003615,0.7842399435,1.390674465,3,1,0
0.4535771332,1,2.28578698,5,0,0.1756458519
0.5470033998,0.1884090721,2.670842402,5,1,0
0.4478485054,1,1.529367497,1,0,0
0.3666673441,1,2.07568937,1,0,0
0.3002018308,0.4223354582,3.714352202,5,1,0.0994942664
0.3452787374,1,4.66684365,1,0,0
0.2826903207,1,2.983831077,3,0,0.1417222171
0.3731694762,1,3.836714156,3,0,0.2040378007
0.509563127,0.3724025947,3.564569694,5,1,0.04014900192
0.4573440046,1,4.347452365,5,0,0.4541287737
0.8285703751,0.1503678397,3.708465434,1,1,0
0.6783760471,0.2934199131,1.966686717,1,1,0
0.555407332,1,2.460593218,5,0,0.1623422589
0.617071322,0.7521783887,3.924265591,1,1,0
0.5052152682,1,3.537653134,3,0,0.1388603307
0.5524956077,1,2.121888759,1,0,0
0,1,2.682016838,1,0,0
0,1,3.669960265,1,0,0
0,1,3.524930267,1,0,0
0,0.4246522262,1.880828833,1,1,0
0,1,4.930710378,1,0,0
0,1,1.321103671,5,0,0.08027591775
0.08027591775,0.9261240369,1.806904446,1,1,0
0.06572436259,1,1.797726789,1,0,0
0.05381055688,1,1.499958461,3,0,0
0.04405635776,1,2.438839434,1,0,0
0.03607029496,1,2.98155366,1,0,0
0.02953185976,0.1390241709,1.873115264,3,1,0
0.02417864178,0.3878931004,1.191268761,3,1,0
0.01979579759,1,4.164592513,3,0,0.3672716118
0.3834790401,0.4788551165,2.632395387,1,1,0
0.3139660833,1,4.262168512,5,0,0.5594895604
0.8165432482,0.4490589173,4.896682176,5,1,0.05498651974
0.7235155882,1,4.955069516,5,0,0.2733787671
0.8657432296,0.8807356759,3.134836199,1,1,0
0.7088106063,0.6241638245,1.191128407,3,1,0
0,0.1160459537,2.335899209,3,1,0
0,0.5770933637,1.71690451,1,1,0
0,1,3.72141742,1,0,0
0,1,1.612360761,3,0,0
0,0.3844582569,3.518634912,1,1,0
0,0.3541214425,3.978310628,3,1,0
0,1,2.042552243,3,0,0.05638283642
0.05638283642,0.4489296424,2.785684263,1,1,0
0.04616236212,1,3.997698632,3,0,0.3335139036
0.3713084491,1,2.7648548,5,0,0.2773873254
0.5813889715,1,3.667765233,1,0,0
0.4760010305,0.1364660209,4.437425104,3,1,0
0.3897166821,1,2.081843881,3,0,0.03800635922
0.3570793919,0.2596023302,1.356173725,5,1,0
0.2923518794,0.1957384321,2.607764365,3,1,0
0.2393574744,1,1.018923731,5,0,0.003598548628
0.1995678739,0.2792221078,4.944120267,3,1,0
0.1633923557,1,3.129608284,5,0,0.4454116423
0.5791859888,0.5091755483,3.442686675,1,1,0
0.4741973808,1,2.682135796,5,0,0.2211178519
0,1,1.226815751,3,0,0
0,1,2.669382108,1,0,0
0,1,1.383988491,1,0,0
0,1,4.435032996,1,0,0
0,0.1513767476,4.53895942,3,1,0
0,1,2.715815487,3,0,0.157372323
0.157372323,0.2536470547,1.311865608,5,1,0
0.1288455605,1,4.184542849,3,0,0.3290188522
0.434508675,1,3.76154508,3,0,0.1776953354
0.5334409501,1,1.099172308,3,0,0
0.4367445108,0.6398092857,4.282421005,1,1,0
0.3575761622,0.6120004577,2.066538189,3,1,0
0.2927586006,1,1.795619496,1,0,0
0.2396904695,1,4.325709023,5,0,0.6321420664
0.828384025,1,2.367704101,1,0,0
0.6782234766,1,1.192597023,5,0,0.01549330014
0.5707757179,0.7058611274,2.052049101,3,1,0
0.4673116334,0.08803244275,3.460642456,5,1,0
0.3826024055,0.5377307238,4.447655467,3,1,0.06713961083
0.3803879664,1,3.364457568,5,0,0.3662615905
0,0.8426185182,3.28798285,5,1,0.4426288092
0.4426288092,0.6849440374,4.294722285,3,1,0.1065953804
0.4689891987,1,3.688387917,1,0,0
0.3839758798,1,4.51400325,3,0,0.2631042021
0.5774770633,0.5365390567,2.85522184,3,1,0
0.4727982309,0.2091887799,1.585576474,3,1,0
0.3870944517,1,3.575479936,5,0,0.3946314856
0.7115576176,0.7732826844,2.52183964,1,1,0
0.5825741041,1,2.211910179,3,0,0.03413981427
0.5111111492,0.09594819517,3.775174854,5,1,0
0.4184624161,1,3.625457651,1,0,0
0.3426080491,1,2.661513013,5,0,0.2730663202
0.5535700663,1,4.975264375,5,0,0.4436692529
0.8968940901,0.2927907975,2.505164307,1,1,0
0.7343147739,1,4.933311823,1,0,0
0.6012060878,1,1.783441445,3,0,0.00698536063
0.4992112736,0.007352302682,1.351048981,3,1,0
0.408719622,0.542576533,2.01331068,1,1,0
0.3346313239,0.8256485296,3.121521521,1,1,0
0.2739729558,0.3998178097,1.741853391,3,1,0
0,0.3988219815,4.999430853,1,1,0
0,1,3.651279142,3,0,0.2976918713
0.2976918713,1,4.393053431,3,0,0.287214538
0.530944028,0.2212643098,3.660905867,5,1,0
0.4347002039,0.3225267722,4.665368202,3,1,0
0.3559024253,0.7955634518,1.055801146,3,1,0
0.2913882607,0.1550645241,1.681475909,1,1,0
0.2385685301,1,4.430742637,3,0,0.3156981643
0.5110215566,0.388324202,1.010080956,1,1,0
0.4183890639,1,1.38916324,1,0,0
0.3425479934,0.1565292258,2.454338737,5,1,0
0.2804545766,1,4.511409621,1,0,0
0.2296167867,0.5239924327,1.467166679,5,1,0
0.1879943247,0.3028453104,1.065358343,3,1,0
0.153916735,0.01266618637,4.636892318,1,1,0
0.1260163644,1,3.391382242,1,0,0
0.1031734729,0.2208746959,2.417040403,3,1,0
0.08447129517,0.3561341294,2.043117827,5,1,0
0.06915924711,1,4.048232647,1,0,0
0.05662280247,1,1.067135344,5,0,0.01583348825
0,1,1.296287192,1,0,0
0,1,4.971215249,3,0,0.4956822874
0.4956822874,0.1043418161,4.93793008,1,1,0
0.4058303324,0.2070568294,2.328250056,1,1,0
0.3322657737,0.1828061152,2.74881078,5,1,0
0.2720362071,1,1.50214054,5,0,0.09138503295
0.3141094417,1,4.884243452,3,0,0.3310358306
0.5882068904,0.4864174572,2.030547937,3,1,0
0.4815830703,1,3.898133088,1,0,0
0.3942868698,1,3.11049015,1,0,0
0.3228147859,0.6469012443,4.864866264,1,1,0
0.2642983927,1,2.215389429,3,0,0.06055443278
0.2769436549,0.1451073487,3.395859373,1,1,0
0.2267422871,1,4.923582082,3,0,0.3777652448
0.5634061283,1,1.969318774,3,0,0.01982040833
0.481098332,0.3889713446,4.172097777,1,1,0
0.3938899997,1,2.769262097,1,0,0
0.3224898561,1,3.030635184,5,0,0.3439439839
0.6079763466,0.331465137,1.618851912,5,1,0
0.4977689321,1,2.610307316,5,0,0.2021865907
0,1,3.265672707,1,0,0
0,0.175089637,2.053430531,3,1,0
0,0.3819299712,4.911716057,3,1,0.03138973586
0.03138973586,1,3.083618215,5,0,0.5045534975
0.5302532396,1,1.301769263,5,0,0.03543878343
0.4695734176,0.4155223482,3.037947916,3,1,0
0.3844541978,1,4.930196,1,0,0
0.3147644749,0.213808688,1.438625564,5,1,0
0.2577073556,1,1.904068564,1,0,0
0.2109929373,0.3977281255,4.709593313,1,1,0
0.1727464065,1,3.941732793,1,0,0
0.1414327954,0.3547999489,2.463634439,1,1,0
0.1157953791,1,1.612849899,3,0,0
0.09480523796,0.0472537162,4.693154436,1,1,0
0.07761996387,0.3948692261,1.888951764,5,1,0
0.06354985147,0.3945226935,4.855512533,1,1,0
0.05203021775,1,3.905208486,5,0,0.688512464
0.7311112034,0.5123259912,2.316069448,3,1,0
0.5985832261,0.4037835329,3.883034087,5,1,0.05699167053
0.547070166,0.7862249315,1.84739259,1,1,0
0,1,3.074911353,5,0,0.5187278382
0.5187278382,0.5470861339,1.078207208,3,1,0
0.4246984336,0.06660780904,1.305375899,3,1,0
0.3477136684,0.05818133679,3.372650476,3,1,0
0.2846838735,1,2.541878506,1,0,0
0.2330794422,1,3.655466896,1,0,0
0.1908293072,1,2.896425767,3,0,0.1492627534
0.3055005759,0.02905774203,4.73122473,3,1,0
0.2501227165,1,3.572655056,5,0,0.4822938962
0.6870770563,0.4871033231,3.01399101,3,1,0
0.5625311157,0.1970967808,2.318484723,1,1,0
0.460561524,1,4.789678074,5,0,0.5110745413
0.8881504246,0.6875354234,4.362652804,3,1,0.022361163
0.749517229,0.2022107891,4.469230039,1,1,0
0.6136528053,1,2.009292206,5,0,0.09748430305
0.5999007265,1,3.239058402,5,0,0.22396141
0.7151185836,0.5290581808,1.818068398,3,1,0
0.5854895765,1,3.430819253,5,0,0.2518999795
0.7312583014,1,1.441348499,1,0,0
0.5987036598,0.01292571118,3.022774553,3,1,0
0,1,2.319267146,3,0,0.09789007197
0.09789007197,1,2.709533595,5,0,0.385546807
0.4656924193,1,4.485664435,3,0,0.2259317816
0.6072084868,1,1.720187593,5,0,0.07072089358
0.5678611552,0.5476885901,1.289061052,5,1,0
0.4649253913,1,4.5349545,5,0,0.4728660989
0.8535148147,1,2.982471067,1,0,0
0.698798827,0.005011799027,1.268617121,3,1,0
0.5721280899,0.3950279909,4.925405594,1,1,0
0.4684188619,0.4435170933,4.735000122,1,1,0
0.3835089275,1,2.58141393,3,0,0.08459002818
0.3985805812,1,1.327947379,5,0,0.04930848045
0.3756386599,1,3.515211206,5,0,0.3926001598
0.7001470827,0.6997932796,1.725123728,3,1,0
0.5732319483,1,3.371963041,5,0,0.2530695114
0.7223921362,1,2.333583138,5,0,0.09255329154
0.6839979492,1,2.247103019,5,0,0.09852177786
0.6585319339,1,2.445656758,5,0,0.1234114043
0.6625717505,1,1.577724642,5,0,0.04873515367
0.5912030219,1,4.594616517,3,0,0.1795405576
0,1,2.955797529,3,0,0.1933696294
0.1933696294,0.4298808639,1.288205403,1,1,0
0.1583176623,0.8904492478,1.84314254,1,1,0
0.1296195389,0.8900316119,1.154873063,3,1,0
0.1061235027,1,2.503821442,5,0,0.3360576608
0.4229442361,0.09604405496,2.417868538,1,1,0
0.3462774529,1,3.864826572,5,0,0.4682004309
0.7517084307,0.4577284007,4.659724999,1,1,0
0.6154468095,1,1.118840688,3,0,0
0.5038852298,0.6167658594,2.366070031,5,1,0.05696776959
0.4695141033,1,4.625761413,5,0,0.4808538236
0.8652594589,1,2.847069203,1,0,0
0.7084145284,0.5612215091,2.341808952,1,1,0
0.5800007603,1,1.47045807,1,0,0
0.4748644593,0.3085555563,2.373975636,3,1,0
0.3887861364,1,4.778675663,3,0,0.2853154564
0.6036266226,0.4553287941,1.644295685,3,1,0
0.4942076793,0.01344983315,3.441248898,3,1,0
0.4046230254,1,4.507169388,1,0,0
0.3312773143,1,3.402626343,5,0,0.4016726853
0,0.5616723762,3.502740475,5,1,0.2418481415
0.2418481415,0.2406542882,1.735598908,3,1,0
0.198008511,0.7159790063,4.733387972,5,1,0.4789907033
0.6411063606,0.5879342811,4.334326994,3,1,0.04746185841
0.5723553518,0.7082747703,4.764170589,5,1,0.253843644
0.7224485723,1,4.650603278,1,0,0
0.5914908636,1,2.141412363,5,0,0.1165693447
0.6008411049,0.4050214749,2.497747122,1,1,0
0.4919270903,0.09337369204,4.145776252,3,1,0
0.4027558371,0.5090017073,3.7557523,1,1,0
0.3297485898,0.09083249991,2.496466956,1,1,0
0.2699753113,0.7572936214,2.878049004,3,1,0.05616023196
0.2771973219,1,3.96958565,3,0,0.2496834013
0.4766333733,1,3.739030813,1,0,0
0.3902344007,0.922846738,1.591677886,1,1,0
0.3194969048,0.2431181108,4.616076668,5,1,0.02079818867
0.2823801301,1,3.29100607,5,0,0.4110178695
0.6422111661,1,4.556922118,1,0,0
0.5257980317,1,1.126262015,1,0,0
0.4304870184,0.2183615233,1.42401953,5,1,0
0,1,3.93351539,1,0,0
0,0.3118230496,2.975743028,3,1,0
0,0.600311341,4.784269375,5,1,0.468012791
0.468012791,0.6979185744,2.514330008,1,1,0
0.3831764648,1,1.435316328,5,0,0.06712833905
0.3808466947,0.4158731791,2.619698844,1,1,0
0.3118109011,0.5633514758,1.50332304,5,1,0
0.2552891739,0.03132689611,3.284019473,1,1,0
0.2090130976,0.1655485455,1.649634791,3,1,0
0.1711254508,1,4.126948139,3,0,0.3058897044
0.4459953736,0.2811242773,4.81465128,3,1,0
0.3651501281,1,1.01104922,1,0,0
0.2989596394,0.02439710704,4.349960642,5,1,0
0.2447674507,1,2.652665048,3,0,0.1116987106
0.3120973499,0.8857232834,3.220157252,1,1,0
0.2555236983,0.01975960952,3.484916494,1,1,0
0.2092051099,1,1.583360372,5,0,0.1153296002
0.2866122574,1,4.317568971,5,0,0.5916782597
0.8263365291,0.5939423992,2.628835624,3,1,0
0.6765471287,0.6001628482,2.108060271,1,1,0
0,0.1774461054,1.24050743,3,1,0
0,1,2.700711337,1,0,0
0,1,3.954791906,1,0,0
0,0.8283506339,2.907269624,1,1,0
0,1,3.673212145,3,0,0.3009818218
0.3009818218,1,3.553783455,3,0,0.1978693409
0.4442924145,1,1.540790759,3,0,0
0.3637558631,0.3006104312,2.766345793,3,1,0
0.2978181118,1,4.197017558,3,0,0.2665149851
0.510347832,0.2206919476,4.770028349,5,1,0.006452005406
0.4242894702,0.09530295706,1.812868174,1,1,0
0.3473788375,1,1.865573616,5,0,0.1412229149
0.4256326521,0.5006823985,3.669097163,3,1,0.0146795975
0.3631581393,0.1186950457,3.575359501,5,1,0
0.2973287369,0.5319269897,2.599955485,1,1,0
0.2434321807,0.75493654,4.975337743,1,1,0
0.1993054126,0.4478497743,2.273248049,5,1,0.003617863624
0.1667953342,0.01004842025,4.164240966,1,1,0
0.1365604696,1,1.169211062,5,0,0.03652587994
0.148332136,1,2.59118153,5,0,0.3387895438
0,0.3855939282,4.343062445,1,1,0
0,1,1.829630746,3,0,0.02444461197
0.02444461197,0.2579457136,2.317277249,1,1,0
0.02001355557,1,3.650618985,1,0,0
0.01638571342,0.6670230377,1.600539688,3,1,0
0.01341548749,1,4.899627997,3,0,0.4784384367
0.4894221089,1,3.616209015,1,0,0
0.4007049318,0.4626170212,1.149265071,3,1,0
0.3280694505,0.3536037699,3.532121951,5,1,0.04182291231
0.3104234606,0.7799326702,4.37646127,1,1,0
0.2541532337,0.1846014086,3.887340382,3,1,0
0.2080830684,1,2.751389259,3,0,0.128851528
0.2992155353,0.1150862448,2.527690774,3,1,0
0.2449769606,1,3.580711479,3,0,0.2167721897
0.4173423611,0.1487382423,3.825752976,1,1,0
0.3416910256,0.03445080737,2.510471528,3,1,0
0.2797529507,1,3.600478686,1,0,0
0.229042344,1,3.851211266,1,0,0
0.1875240108,1,4.015393223,3,0,0.2862425898
0.4397742644,0.04567973029,4.241698174,3,1,0
0,1,4.986516164,3,0,0.4979774245
0.4979774245,0.4118064804,3.074974102,1,1,0
0.4077094318,1,4.36066912,3,0,0.2393448366
0.5731490867,1,1.025801038,1,0,0
0.4692547834,1,3.764902059,5,0,0.3668646355
0.7510579577,1,1.597924658,5,0,0.03721214638
0.6521263937,1,2.230822569,3,0,0.02943824223
0.5633541757,0.5566242005,2.524241411,3,1,0
0.4612353885,0.4230611017,4.704212551,3,1,0.02614376919
0.4037713662,0.6595983089,1.150509289,1,1,0
0.3305800347,1,4.692733721,5,0,0.6179974199
0.8886534607,1,3.156578386,1,0,0
0.7275679171,1,4.542502295,5,0,0.2412728198
0.8369550484,0.008471510242,1.82929642,3,1,0
0.6852408371,1,1.180317137,3,0,0
0.5610277466,0.2420846294,3.672591152,5,1,0
0.4593306695,1,2.246445254,5,0,0.1684786802
0.5445468252,0.5043354487,2.652214464,1,1,0
0.4458372322,0.1685685559,1.704831793,3,1,0
0.3650206529,1,4.576197386,1,0,0
0,1,1.945123664,1,0,0
0,1,4.534329559,5,0,0.8835823897
0.8835823897,0.5897321911,2.782702251,1,1,0
0.7234160753,0.01152274551,3.463638423,1,1,0
0.5922829881,0.4450718953,4.354069793,1,1,0
0.4849202969,1,2.170903579,1,0,0
0.3970191599,0.4560602601,4.958820835,1,1,0
0.3250517957,1,2.825629151,1,0,0
0.2661299015,1,4.675776006,3,0,0.3312443051
0.5491330397,1,1.890015648,5,0,0.1003196624
0.5499117696,0.5872614501,2.744457366,1,1,0
0.4502296772,0.2057099417,1.78519638,1,1,0
0.3686168827,0.2245844071,3.950039749,1,1,0
0.301797978,0.3710309029,1.211395898,1,1,0
0.2470912858,1,1.406570172,1,0,0
0.2023012345,1,4.577149921,3,0,0.3482533348
0.5138835769,0.4061920294,2.167714513,1,1,0
0.4207322879,1,1.733427074,3,0,0.005800822266
0.3502672852,1,4.618105084,5,0,0.5877003097
0.8744749079,1,4.684883923,3,0,0.05682929988
0,0.0002360191937,2.793760716,3,1,0
0,1,3.230973961,5,0,0.5577434902
0.5577434902,1,4.586145509,1,0,0
0.4566417477,1,1.850397306,3,0,0.01497473385
0.3888413759,1,2.067004098,3,0,0.03670045109
0.3550568436,1,1.832871842,3,0,0.0160789336
0.3067748905,0.103493783,4.036695512,1,1,0
0.2511660371,1,4.192346263,1,0,0
0.2056373587,1,4.902274699,5,0,0.7749553092
0.9433169388,0.1638381662,3.374086125,5,1,0
0.7723225877,0.232699549,3.490898748,1,1,0
0.6323242538,0.2233892481,3.196235564,1,1,0
0.5177033125,0.1984676741,4.294604254,3,1,0
0.4238596229,1,2.783491273,1,0,0
0.3470269083,0.3104918277,3.755053764,1,1,0
0.284121602,1,4.293790425,5,0,0.5894883532
0.8221074464,1,3.676631984,1,0,0
0.6730846487,0.2547062878,2.679172062,5,1,0
0.5510751013,0.8899856687,1.986727817,1,1,0
0.4511821327,0.290118763,2.484651575,3,1,0
0,1,1.788893254,5,0,0.1972233135
0.1972233135,0.4754268749,1.478889314,1,1,0
0.161472792,1,4.726669163,5,0,0.7812283721
0.9134311127,1,4.22332228,3,0,0.03319902474
0.7810531675,0.806604213,2.513962502,1,1,0
0.6394722481,0.4027816331,1.78672598,1,1,0
0.5235555952,0.2206068758,4.681349739,5,1,0.003899452119
0.4325505189,0.2064505876,4.528770582,1,1,0
0.3541424121,0.557663659,1.016458015,5,1,0
0.2899472837,1,3.203375168,5,0,0.3911281308
0.6285168887,1,4.225703174,1,0,0
0.5145861056,1,2.814504836,3,0,0.08357648938
0.5048839592,0.4864821762,2.801259932,1,1,0
0.4133640241,0.06095293232,1.586612231,3,1,0
0.3384338388,0.316642911,3.720194353,3,1,0
0.2770861917,1,1.513176178,5,0,0.09274553624
0.3196045226,0.1854092042,3.705105293,5,1,0
0.2616700515,1,2.270337911,5,0,0.234482131
0.4487194494,0.2570868578,2.074699159,3,1,0
0.3673804127,1,4.686428655,5,0,0.5830267436
0,0.8677729268,3.161979298,5,1,0.4359700075
0.4359700075,1,2.202737984,1,0,0
0.3569420525,0.4680014381,4.96075448,5,1,0.2124728135
0.504712249,1,4.334680825,5,0,0.4129066416
0.8261300813,1,4.182268389,1,0,0
0.6763781036,1,3.446356424,1,0,0
0.5537715541,0.6354238842,4.201262269,5,1,0.1862537888
0.6396435903,0.92890994,4.61343269,1,1,0
0.5236958784,1,3.798076891,3,0,0.1522799212
0.5810458421,1,1.179187599,3,0,0
0.4757200999,1,1.339203519,3,0,0
0.3894866756,0.7563213979,2.193881035,3,1,0
0.3188847192,1,2.848648048,5,0,0.3147856086
0.5758663349,1,2.070134893,3,0,0.02566866862
0.4971481467,1,1.610573772,5,0,0.07675703819
0.4837875147,0.7077194965,4.400594371,3,1,0.1120996527
0.508191369,0.2180064021,4.571389375,1,1,0
0.4160719022,1,2.363749497,3,0,0.0610569377
0.4017077996,1,1.022777822,5,0,0.003406948339
0.3322974776,1,3.538452463,3,0,0.1874694146
0,1,2.796333711,5,0,0.4490834277
0.4490834277,1,4.941965711,5,0,0.5429235593
0.9106019723,1,4.588280418,3,0,0.03917797606
0.7847158146,1,1.997680164,3,0,0.01068929568
0.6531602655,0.7505526029,1.933681022,5,1,0.03913473574
0.5738971318,0.3429848631,1.455266562,3,1,0
0.4698672309,1,2.497184733,1,0,0
0.3846947518,0.2939963432,4.182138985,1,1,0
0.3149614239,1,4.356756489,3,0,0.2764222952
0.534290899,1,3.221445052,3,0,0.1086111666
0.5460515567,0.02015711598,4.469157622,3,1,0
0.4470692022,1,1.595317214,1,0,0
0.3660293046,1,2.807286731,5,0,0.2864417063
0.5861211546,0.06853903946,3.687628065,5,1,0
0.4798754143,1,3.416471216,1,0,0
0.3928887593,1,1.28973779,3,0,0
0.3216701098,0.156506039,2.099294279,3,1,0
0.2633612112,0.3241716293,3.319649594,3,1,0
0.2156219228,1,2.606854142,1,0,0
0.1765362992,0.2030276061,3.834435353,5,1,0
0,1,4.941685289,3,0,0.4912527934
0.4912527934,1,3.376747166,5,0,0.3022908704
0.7044946399,1,2.308953507,3,0,0.02846988061
0.6052613077,1,3.45095741,5,0,0.2418719307
0.737417977,0.1457530252,1.668342325,1,1,0
0.6037467756,1,1.23809885,3,0,0
0.4943060523,1,4.188257425,3,0,0.1912729777
0.5959765442,1,2.180580579,5,0,0.1192455614
0.6071898862,1,2.110745107,5,0,0.109077978
0.6062030108,0.5795505456,2.061889245,5,1,0.01919455495
0.5155116025,1,2.052749452,3,0,0.02805789451
0.450123097,0.5981339011,3.080677575,1,1,0
0.3685296222,1,4.283978481,3,0,0.247913232
0.5496397671,0.1010693335,2.270297535,5,1,0
0.4500069805,1,4.742357494,5,0,0.5145676245
0.8830021785,0.4427060337,4.893625457,5,1,0.03411766208
0.7570587007,1,1.263145401,3,0,0
0.6198272401,0.539162785,2.981456604,3,1,0
0.5074716231,1,2.398573915,1,0,0
0.4154826241,1,3.59271725,1,0,0
0,1,1.318381259,5,0,0.07959531478
0.07959531478,1,2.4713211,1,0,0
0.06516713201,1,4.934055416,3,0,0.4581693592
0.5115236943,0.3693582196,1.762286046,1,1,0
0.4188001795,1,4.620642462,1,0,0
0.3428845863,0.685208871,3.787215081,5,1,0.2620302532
0.5427604088,0.7561672419,2.059174448,1,1,0
0.4443746382,1,3.153024056,1,0,0
0.3638231822,0.4144073063,2.76284692,5,1,0.02305249518
0.3209257231,0.3021251843,3.768860021,3,1,0
0.262751759,1,4.28326721,3,0,0.2893626222
0.5044855677,0.133810185,2.267018009,3,1,0
0.4130378488,0.1180413033,2.579181601,1,1,0
0.338166789,0.3957419192,2.718316015,1,1,0
0.2768675498,1,2.369776766,5,0,0.2476325073
0.4743124849,1,2.111540849,3,0,0.03507972052
0.4234139385,1,4.740676323,1,0,0
0.3466620127,1,4.018446765,1,0,0
0.2838228507,0.8109578236,2.879839968,1,1,0
0.2323744963,1,1.588597751,1,0,0
0,1,1.450070063,5,0,0.1125175158
0.1125175158,0.2893547743,3.778480575,5,1,0.02070527562
0.1128268261,1,3.19429844,3,0,0.2032910894
0.2956658817,1,3.040977928,3,0,0.1451961466
0.3872668966,1,2.225871166,1,0,0
0.3170673179,1,2.52630444,3,0,0.08806120952
0.3476539735,0.7922767335,4.36495816,1,1,0
0.2846349995,1,2.994229295,1,0,0
0.2330394275,1,3.956497246,1,0,0
0.190796546,1,4.219360825,3,0,0.3098473395
0.4660583393,0.7282718982,2.203192643,1,1,0
0.3815762951,1,1.652437728,1,0,0
0.3124082474,0.01946704858,4.628560539,5,1,0
0.2557782397,0.583763806,1.705478613,3,1,0
0.2094135108,1,2.426608995,3,0,0.09012002061
0.261573302,1,1.327844548,3,0,0
0.2141581065,1,2.095010829,3,0,0.05049161819
0.225829446,0.6647836839,4.387108804,1,1,0
0.1848935124,0.3500537864,3.610804784,3,1,0
0.1513780047,0.3941241381,4.015134376,3,1,0
0,0.2704545491,1.912379462,1,1,0
0,1,1.745540202,5,0,0.1863850504
0.1863850504,1,2.476557936,5,0,0.3003374026
0.4529365753,0.3889013478,4.081907498,3,1,0
0.3708331034,1,1.561747526,1,0,0
0.303612466,0.1080900909,3.928895071,5,1,0
0.2485768629,1,4.438661885,5,0,0.6459725253
0.8494900475,1,4.087434398,5,0,0.1161724012
0.8116760275,1,3.795926052,3,0,0.06014858788
0.7246927131,1,1.715463208,5,0,0.04924305866
0.6425712694,1,1.838956168,3,0,0.009237182648
0.535330042,0.05813514318,1.471340243,5,1,0
0.4382911684,1,3.843715558,5,0,0.3993350358
0.7581774942,0.2897252006,3.258307624,5,1,0
0.6207432308,0.3593475041,3.464044048,5,1,0.02321009546
0.5314316683,1,2.014090866,1,0,0
0.43509945,1,2.792966863,5,0,0.2532119917
0.6094412921,1,2.193592254,5,0,0.1165419621
0.6155102901,0.678916953,4.340133406,3,1,0.07381761116
0.5777548145,1,2.914362172,1,0,0
0,0.6131446183,4.065670889,1,1,0
0,0.7190942614,2.734079787,3,1,0.04490916278
0.04490916278,0.7403721682,2.795988233,5,1,0.2555039597
0.2922724724,0.2792185112,2.645544803,5,1,0
0.2392924614,1,1.807136286,1,0,0
0.1959160971,0.1461545302,2.695136095,1,1,0
0.1604025337,0.5262504901,2.848169129,1,1,0
0.1313264872,1,2.894943509,1,0,0
0.1075210338,0.5734606933,4.300130619,5,1,0.3270836984
0.4151144753,1,3.10785736,1,0,0
0.339866987,0.5547084203,3.206948335,1,1,0
0.2782595542,1,3.637292263,5,0,0.4758601234
0.7036797778,1,2.527656829,5,0,0.1131689028
0.6892931772,0.07642449334,2.836327718,5,1,0
0.564345522,1,1.399070013,1,0,0
0.4620470343,1,1.606474442,5,0,0.0815636812
0.4598557975,0.2993641974,3.669569441,3,1,0
0.3764980834,1,4.149404235,5,0,0.4909148942
0.7991654536,1,3.199084363,3,0,0.04616436195
0.7004656956,0.2402810962,2.869959114,1,1,0
0,1,1.306990222,1,0,0
0,0.7875386859,2.393501039,3,1,0.03274619948
0.03274619948,0.4548208638,2.811212455,3,1,0
0.02681032056,0.7040870724,3.897899762,1,1,0
0.02195043394,1,2.672783391,3,0,0.1476048038
0.1655762992,1,1.344072513,5,0,0.07177556501
0.2073379731,0.309669356,3.181708406,5,1,0
0.1697539749,0.5419453838,4.421236513,3,1,0.09083747315
0.2298202728,0.01994618654,3.916712838,5,1,0
0.188160925,1,4.090441991,1,0,0
0.1540531359,0.524283312,1.650632196,3,1,0
0.1261280399,0.2225880493,2.343144394,5,1,0
0.1032649051,1,4.721676915,5,0,0.8343395753
0.9188857289,0.6389805863,1.501028842,1,1,0
0.7523200048,1,3.53923581,1,0,0
0.6159475241,0.04586338429,2.7366263,1,1,0
0.5042951802,0.2008772683,3.322332818,1,1,0
0.4128819727,1,2.248576862,5,0,0.1832654961
0.5213046645,1,2.284550577,5,0,0.1537270924
0.5805352529,1,1.536867824,1,0,0
0,1,4.345384425,3,0,0.4018076637
0.4018076637,1,2.817628098,1,0,0
0.3289722911,1,4.003936873,1,0,0
0.2693397316,0.6039516609,3.396208483,3,1,0.04213853894
0.2626552602,0.425281676,3.168098393,5,1,0.06402626024
0.2790701993,1,1.560611151,1,0,0
0.2284833544,1,1.244542538,1,0,0
0.1870663488,1,1.215048822,1,0,0
0.1531569726,1,2.8494097,1,0,0
0.1253943236,0.5474906878,1.015988541,5,1,0
0.102664189,0.5576115436,2.812722046,5,1,0.127512828
0.2115671568,0.1964321777,3.762450586,1,1,0
0.1732165376,0.6475692078,4.040751539,3,1,0.1178165946
0.2596343009,0.4026233935,2.420707779,5,1,0
0.2125705867,0.8501713621,4.968769334,1,1,0
0.1740380765,0.8480509119,3.141053672,1,1,0
0.1424903255,0.2041243046,2.307556035,1,1,0
0.1166612115,1,2.83581257,5,0,0.4054111129
0.5009252345,1,4.03247773,5,0,0.378358278
0.7884811724,1,2.150033709,5,0,0.06081344543
0,1,1.391847096,5,0,0.09796177403
0.09796177403,1,4.470441798,3,0,0.3793668519
0.4595711689,1,1.358520538,5,0,0.04843870883
0.424703758,0.4760346544,3.696116259,1,1,0
0.3477180276,1,3.215383363,5,0,0.3612636574
0.6459511,0.335041495,3.154346764,5,1,0.005030774258
0.5338908048,0.7386553453,3.354325284,1,1,0
0.4371128207,1,4.682078035,3,0,0.2546004599
0.6124781688,0.6348459612,4.454199628,3,1,0.0674906458
0.5689453582,0.2813030265,4.090920464,5,1,0.01624949998
0.4820625615,0.1175507123,1.715566721,3,1,0
0.394679444,0.6743445004,4.732649006,3,1,0.1384461176
0.4615823161,0.6311171636,4.028040543,3,1,0.07070760991
0.4486192471,1,1.588120254,1,0,0
0.3672983741,0.03984505272,3.67663122,5,1,0
0.3007184744,1,2.647756204,5,0,0.2880613681
0.5342688311,1,2.115464078,1,0,0
0.4374223224,1,3.299566617,5,0,0.3234212117
0.6815523192,1,3.774090546,1,0,0
0.5580078435,1,2.556029196,1,0,0
0,1,3.854657348,3,0,0.3281986022
0.3281986022,1,1.838821696,1,0,0
0.2687062888,0.9310976427,1.814133772,3,1,0.002464717049
0.2224628192,1,3.622489963,3,0,0.2281087998
0.4102459513,1,1.717562561,3,0,0.00450240899
0.3403833856,0.6096454941,3.453126494,5,1,0.1822492684
0.4609316141,0.5376086187,2.917392839,5,1,0.07660371117
0.4539825987,1,2.613151472,3,0,0.07751957608
0.449209091,0.4686315353,3.405147998,1,1,0
0.3677812973,0.6645243782,4.226911966,3,1,0.1083198682
0.4094337267,0.3940166668,3.964278283,1,1,0
0.3352159834,1,3.743257316,3,0,0.2070726409
0.4815242755,1,2.145253545,1,0,0
0.3942387327,1,4.221018171,1,0,0
0.3227753745,0.1153794105,3.268218851,5,1,0
0.2642661254,1,1.845181485,5,0,0.1554571621
0.371819966,1,4.554786268,5,0,0.5582614396
0.8626818804,1,4.770865179,5,0,0.1294520289
0.8357562145,1,1.671065475,3,0,0.0001083715322
0.6843676864,0.1594622645,1.015617448,3,1,0
0,0.9214028105,2.821517979,1,1,0
0,1,2.90840699,1,0,0
0,1,3.660072848,5,0,0.6650182121
0.6650182121,1,2.839668408,5,0,0.1540638532
0.6985347148,1,4.444962401,1,0,0
0.5719118531,1,1.170528038,3,0,0
0.4682418222,0.3078905264,3.059238714,3,1,0
0.3833639797,1,2.20036978,1,0,0
0.3138718798,1,2.616905177,3,0,0.09779780443
0.3547743649,0.8814163979,1.570226572,1,1,0
0.290464683,1,3.366223664,5,0,0.4197298144
0.657542183,1,3.658337036,1,0,0
0.5383500067,1,2.219223794,5,0,0.140713664
0.5814773704,1,3.434834182,3,0,0.1110027177
0.5870761231,1,3.929422236,5,0,0.3024070967
0.7830643731,1,2.975987346,5,0,0.1071655134
0.7482843973,0.4872889519,4.324495238,3,1,0.01663634049
0.6292797886,0.3802634141,2.926259668,1,1,0
0.5152107152,1,2.638538367,1,0,0
0.4218188569,1,3.144745157,5,0,0.3100128016
0,1,3.044410088,3,0,0.2066615132
0.2066615132,1,4.225695028,5,0,0.6397670031
0.8089671395,1,1.22850017,1,0,0
0.6623262753,0.4911159624,3.619606868,3,1,0.005621256714
0.5478881469,1,2.982816362,1,0,0
0.4485728751,0.8662234872,3.341072976,1,1,0
0.3672604079,1,1.337726046,3,0,0
0.3006873903,0.03937235739,2.28693508,1,1,0
0.2461820135,1,2.174733339,3,0,0.05744846935
0.2590052547,0.6402058446,2.700337535,3,1,0.00690294462
0.2189585118,1,3.643593422,5,0,0.5161890352
0.6954571025,0.06936144406,1.35670812,3,1,0
0.5693921172,1,4.812457671,1,0,0
0.4661788369,0.2148201149,4.876609836,5,1,0.006351655775
0.388026606,1,4.03750067,3,0,0.2176330997
0.5353224151,0.1312571325,1.418801702,5,1,0
0.438284924,1,1.162003823,3,0,0
0.3588373459,1,4.952798419,1,0,0
0.2937911704,1,3.928598917,5,0,0.5170506033
0.7575864695,1,1.705864843,3,0,0.001425325235
0,1,2.744999557,3,0,0.1617499335
0.1617499335,1,4.157557298,5,0,0.6617056537
0.7941352986,0.1023207112,3.687565258,3,1,0
0.650182991,1,1.259834251,3,0,0
0.5323248099,1,2.702968815,1,0,0
0.4358306925,1,4.489605012,3,0,0.2388922757
0.5957202668,0.4389212693,3.864714932,1,1,0
0.4877345026,0.1724708539,2.395616907,3,1,0
0.3993232366,0.6532528194,2.774622805,3,1,0.01314252255
0.3400807368,1,4.602164343,5,0,0.5942844098
0.8727189675,1,1.175478294,1,0,0
0.7145218575,1,3.897475076,3,0,0.09552705614
0.6805280746,1,3.531086261,5,0,0.2021527503
0.7593220133,0.1348993917,3.721691896,5,1,0
0.6216802838,1,3.073757223,1,0,0
0.5089887669,1,1.475615381,1,0,0
0.4167247564,0.06860984928,4.363885604,3,1,0
0.3411853737,0.368145688,2.734186139,5,1,0.001083558593
0.2804225165,0.1091265906,3.6932342,1,1,0
0.2295905381,1,3.183382699,1,0,0
0,0.1755917824,4.930764802,3,1,0
0,1,4.503738613,3,0,0.4255607919
0.4255607919,1,1.17469953,1,0,0
0.3484197076,1,3.85808451,3,0,0.2141827019
0.4994446315,1,1.294263931,1,0,0
0.4089106793,1,3.890395851,3,0,0.197163386
0.5319511343,0.2795879544,1.921569547,5,1,0
0.4355247528,1,4.186365094,5,0,0.449656056
0.8062335648,0.3412404357,1.44339692,1,1,0
0.6600882137,1,1.105361014,1,0,0
0.5404345203,1,2.581872546,1,0,0
0.4424703618,0.787582259,2.512905527,3,1,0.02613028332
0.3883943758,0.7694535,4.173541987,1,1,0
0.3179904198,1,4.546008799,1,0,0
0.2603485359,1,1.014367175,5,0,0.00265667558
0.2158120284,1,1.19579632,5,0,0.03838527974
0.2150772243,1,2.079068264,1,0,0
0.1760903378,1,2.009795823,5,0,0.2079951339
0.3521657088,1,1.267419276,5,0,0.04331084431
0.3316397403,1,1.811410603,5,0,0.1355786503
0,0.4417111868,2.687472312,5,1,0.04677164616
0.04677164616,1,4.499772475,3,0,0.4050895179
0.443382903,1,3.591812704,3,0,0.1607353798
0.5237465979,1,3.823695012,5,0,0.336198589
0.7650060355,1,1.948824534,3,0,0.009945809382
0.6362797769,1,4.389616043,5,0,0.3082179758
0.8291597968,1,4.38798029,3,0,0.06973646588
0.7485950907,0.3847852615,2.138907717,1,1,0
0.6128978224,0.7783222553,4.275901237,3,1,0.09646755204
0.5982658477,1,2.496117588,3,0,0.04998281443
0.5398014625,0.1818900401,4.973341786,3,1,0
0.4419520579,0.4576788361,2.392816346,1,1,0
0.3618397412,0.07086982379,1.399627004,3,1,0
0.2962493238,0.7022169383,4.155248312,1,1,0
0.242548432,1,2.045398879,1,0,0
0.1985818604,0.08470554001,2.049786131,5,1,0
0.1625850761,0.4061466658,1.743748761,1,1,0
0.1331134018,1,4.379877156,3,0,0.3528068717
0.4617909074,0.3785048259,1.701483012,5,1,0
0.3780824174,0.1625217298,2.845983066,3,1,0
0,1,4.208325148,5,0,0.8020812871
0.8020812871,0.7130354363,2.457014832,3,1,0.002531537958
0.6592201542,0.3980371189,3.59020973,5,1,0.03655176831
0.5762755816,0.7831985145,2.006397222,1,1,0
0.4718145409,0.5723961956,2.476893312,1,1,0
0.3862890744,1,4.120135198,1,0,0
0.3162667448,0.1109268238,1.961048805,1,1,0
0.2589373101,0.38164826,2.088255513,5,1,0
0.2119999389,0.5613265827,3.511115497,5,1,0.1912638601
0.3648347297,0.5825019643,1.38708167,3,1,0
0.298701413,1,4.581394655,5,0,0.6279067528
0.8724627856,0.3558748306,4.137410366,5,1,0.01506215181
0.7293742653,0.5327375113,2.231391728,5,1,0.01276988638
0.6099310279,0.3536278142,2.832879711,1,1,0
0.4993692898,1,4.50654432,1,0,0
0.4088489947,0.727019247,3.629576003,1,1,0
0.3347372453,0.2547229851,3.592565885,5,1,0
0.2740596769,1,3.53316977,5,0,0.4597325202
0.6841136059,1,1.330583162,5,0,0.02610668077
0.5862115285,1,3.223951935,3,0,0.0966580036
0,0.638339949,2.90056139,5,1,0.2128860525
0.2128860525,1,3.855297247,3,0,0.2584052484
0.4327016065,1,1.706567063,1,0,0
0.3542661121,0.4596178143,2.672388923,1,1,0
0.2900485608,1,2.912249399,1,0,0
0.2374716766,1,4.430900163,1,0,0
0.1944253646,1,2.226650181,1,0,0
0.1591820252,0.4540079144,1.082721791,3,1,0
0.1303272194,1,2.671290874,5,0,0.3633690454
0.4700719479,0.6131772896,2.513345625,5,1,0.07168952251
0.4565518824,1,1.731950816,3,0,0.00532178223
0.3791148487,0.2463946141,2.774103655,5,1,0
0.3103929856,1,3.481472405,5,0,0.4278101941
0.6819384769,0.05903599964,4.964137394,5,1,0
0.5583240028,0.1364136449,1.056772474,5,1,0
0.4571170313,1,2.84756453,1,0,0
0.3742557712,0.7842471603,4.94295986,1,1,0
0.3064147094,1,4.198931214,5,0,0.5546829089
0.8055540547,1,4.156537782,5,0,0.1534439932
0.8129758711,1,4.432092402,3,0,0.07758020087
0,0.4362209621,1.859051885,1,1,0
0,0.7360696317,3.10534618,3,1,0.09286265282
0.09286265282,1,3.756255726,3,0,0.2843316414
0.3603611511,0.7753131176,2.875691553,5,1,0.196618807
0.4916575636,0.01514013763,4.104986042,3,1,0
0.4025351673,0.6699953129,1.889386321,5,1,0.03971348435
0.369281405,1,1.348903976,1,0,0
0.3023420428,1,4.549686049,1,0,0
0.2475367284,1,1.544502171,5,0,0.1024294712
0.3050954033,1,3.559135904,1,0,0
0.2497909893,0.5417131301,2.037121286,1,1,0
0.2045115648,0.7285741509,1.426033676,1,1,0
0.1674399074,0.6313378549,2.283191536,1,1,0
0.1370882015,1,4.888437677,3,0,0.4170156325
0.5292539589,1,1.441109482,3,0,0
0.4333164924,0.4172293426,1.260127594,5,1,0
0.3547695381,0.2605364147,1.066903685,1,1,0
0.2904607311,1,1.236691224,1,0,0
0.2378091331,0.3239823659,3.638334232,5,1,0.03406157285
0.2287632235,0.6529493118,4.394979291,1,1,0
0,1,3.78374781,3,0,0.3175621715
0.3175621715,1,4.429012779,3,0,0.2827694224
0.5427673382,0.5267816304,4.530993673,1,1,0
0.4443803116,1,1.411688598,3,0,0
0.3638278271,0.4868367073,4.162544344,5,1,0.1632544048
0.4611314357,0.7486457345,4.952059511,3,1,0.1649480633
0.5424905509,1,3.934542522,1,0,0
0.4441536973,1,1.104859854,5,0,0.01457149053
0.3782137816,1,1.986875699,3,0,0.0298652345
0.3395204887,0.5247768274,1.43067777,5,1,0
0.2779758654,1,3.574151072,1,0,0
0.2275873896,0.603308587,1.237315543,3,1,0
0.1863327949,0.1061432735,2.504308008,1,1,0
0.1525563895,0.04788682788,2.708708416,1,1,0
0.1249026077,0.5422440571,1.368274962,1,1,0
0.102261606,0.06507064477,2.563936268,5,1,0
0.08372472172,1,2.016854996,1,0,0
0.06854800446,0.4488969841,3.124561756,3,1,0
0.05612235932,0.1396912843,2.356217973,5,1,0
0.04594910151,1,1.905383632,5,0,0.2159455169
0,1,4.189051626,3,0,0.3783577439
0.3783577439,0.1085263673,1.504712987,3,1,0
0.3097731206,1,4.325783467,1,0,0
0.2536207803,0.4674356902,1.177803605,3,1,0
0.2076471325,1,4.010987991,1,0,0
0.1700070931,1,3.36792387,3,0,0.2118047118
0.3509947472,1,3.93783163,1,0,0
0.2873701937,0.02168904685,4.889685048,3,1,0
0.2352788151,0.7916752394,1.616673857,3,1,0
0.1926300014,0.4923580306,1.384308338,5,1,0
0.1577121061,0.4245795997,2.615751469,5,1,0.02328814663
0.1524118981,1,4.79492062,5,0,0.8041323913
0.9289166994,1,3.527957366,1,0,0
0.7605326688,0.8148271386,4.879717102,1,1,0
0.6226714847,1,2.01435257,1,0,0
0.5098002936,1,4.306548805,5,0,0.4052173134
0.8226064917,0.5501518265,1.556270219,1,1,0
0.6734932324,0.4201886135,3.362332005,5,1,0.03369661044
0.5851062318,0.06798227452,4.363364247,5,1,0
0.4790444658,1,2.664093917,3,0,0.07794228694
0,0.2392154864,2.488501208,1,1,0
0,1,3.458841298,1,0,0
0,0.08174304452,3.116263196,5,1,0
0,0.664813988,3.925592226,3,1,0.1414682935
0.1414682935,1,2.939680166,5,0,0.4163192307
0.5321436732,0.1005772887,1.991791184,3,1,0
0.4356823903,0.4876100787,4.84708546,3,1,0.05898425892
0.4156908304,1,4.09332662,3,0,0.2126879494
0.553026816,0.2921797412,4.486623442,1,1,0
0.4527800615,1,2.986663114,5,0,0.2717854167
0.6424903775,0.48256613,2.427206553,3,1,0
0.5260266306,0.3594445415,2.196186913,1,1,0
0.4306741794,1,3.984379241,5,0,0.4247710401
0.7773772354,1,4.338225272,3,0,0.08921246438
0.7256751137,1,3.539620524,3,0,0.0770696781
0.6712022104,1,1.475245944,1,0,0
0.5495338912,0.52302643,2.043526244,3,1,0
0.4499202966,0.1589953151,3.458484514,3,1,0
0.3683635833,1,1.38535926,5,0,0.06085173557
0.3624423295,0.33795283,4.577436818,1,1,0
0,0.1878780805,2.749502632,1,1,0
0,1,2.321450532,1,0,0
0,0.04881006558,3.361793782,1,1,0
0,1,2.802448379,1,0,0
0,1,1.118960316,3,0,0
0,1,2.919204037,1,0,0
0,1,4.785719838,3,0,0.4678579757
0.4678579757,0.8586139427,2.419109607,3,1,0.03275982606
0.4158095389,0.5295844391,1.545188827,1,1,0
0.3404360569,1,2.564535788,3,0,0.08883031473
0.367555784,1,4.652645514,1,0,0
0.3009292238,1,4.241332694,5,0,0.5664802405
0.8128602505,0.4962218598,1.616225539,5,1,0
0.6655136851,1,3.916146097,5,0,0.2438527405
0.788729261,1,2.963280663,3,0,0.04109048958
0.6868473914,0.3909199168,1.639919902,5,1,0
0.562343082,1,4.901983489,3,0,0.2123938184
0.6728013934,1,4.412866053,1,0,0
0.5508431915,1,4.038180252,3,0,0.159777221
0.610769482,1,4.010158094,1,0,0
0,1,1.391705083,3,0,0
0,1,3.193214634,1,0,0
0,0.07119797732,1.72671306,5,1,0
0,0.6371739125,1.30420911,5,1,0
0,1,2.19879926,3,0,0.07981988897
0.07981988897,1,3.338621641,1,0,0
0.06535099781,0.866930337,1.782331366,3,1,0
0.05350487165,0.9147667711,3.611524089,1,1,0
0.04380608386,1,2.758557424,1,0,0
0.03586538803,1,2.42287647,3,0,0.1093632067
0.1387273029,0.7186315488,3.958160563,3,1,0.1521600642
0.2657403733,1,3.178713023,1,0,0
0.217569816,0.4847631224,1.338561991,5,1,0
0.1781310993,0.3101589244,3.591869845,3,1,0
0.1458414091,1,2.744284825,5,0,0.3724739671
0.4918788138,0.1746223271,1.259111911,3,1,0
0.4027163116,0.171978354,1.627799393,5,1,0
0.3297162291,0.7049847049,3.376042436,3,1,0.07172622317
0.3416750397,1,2.747847938,5,0,0.2876629811
0.5674028437,0.3345659016,1.834196801,5,1,0
0,1,1.026636174,1,0,0
0,0.06452071449,2.687620268,1,1,0
0,1,4.916493859,1,0,0
0,1,1.928063848,5,0,0.2320159621
0.2320159621,0.7900183082,2.862948917,5,1,0.2422571202
0.4322157236,1,2.389844531,5,0,0.1972829679
0.5511512728,0.2395290343,3.346675828,5,1,0
0.4512444966,1,4.644222595,3,0,0.2450925303
0.6145402769,0.8017005409,3.706790769,3,1,0.07545775911
0.5786007828,0.3187878996,4.450427046,5,1,0.04411441834
0.5178326729,1,2.211948312,3,0,0.03943754898
0.4634030833,1,2.669977487,3,0,0.0807560239
0.4601583792,0.5483216876,1.468493621,1,1,0
0.3767458164,0.3947941188,2.719099509,5,1,0.01144987966
0.3199032656,1,4.174332061,3,0,0.2558182569
0.5177328985,0.8294206698,2.603040367,1,1,0
0.4238838458,0.3453668494,3.315621787,5,1,0.02089945611
0.3679461964,0.2688614922,4.515995959,3,1,0
0.3012488665,1,4.175719217,3,0,0.262980497
0.5096222083,0.4770264209,4.604661804,3,1,0.03897611004
0,1,1.930637187,3,0,0.03959557806
0.03959557806,0.6073404976,2.237718783,3,1,0
0.03241811745,0.1384390303,3.262517456,1,1,0
0.02654170971,1,2.455816701,1,0,0
0.02173051398,0.9095139769,4.420555129,1,1,0
0.01779144008,1,4.168436096,5,0,0.7780162637
0.7925826628,0.1691671919,4.438533215,5,1,0
0.6489118004,1,1.037983095,1,0,0
0.531284047,1,1.001767058,5,0,0.0002070620249
0.4351856499,0.5731612996,1.041093727,1,1,0
0.3562998749,0.7608955443,3.52481579,1,1,0
0.2917136649,0.2135492677,4.73108248,1,1,0
0.2388349485,1,4.215933322,1,0,0
0.1955415173,1,2.570232653,1,0,0
0.1600958537,1,1.460369643,3,0,0
0.1310753989,0.1537003052,1.984942823,1,1,0
0.10731546,0.3082325478,1.722968689,3,1,0
0.0878624674,0.2110643244,2.265923014,5,1,0
0.0719357041,0.1677760782,4.896842489,5,1,0
0.05889597319,1,4.954707322,3,0,0.4641582451
0,0.05021148388,1.755133345,5,1,0
0,0.4790990909,4.062105748,1,1,0
0,0.3955866227,3.57434405,5,1,0.1034906728
0.1034906728,0.408760847,3.003117583,5,1,0.05100171791
0.1357327144,0.1939868523,4.16558684,1,1,0
0.1111285474,1,4.708525652,5,0,0.8241006457
0.9150850051,1,1.747970817,1,0,0
0.7492082353,1,1.122655833,1,0,0
0.6133998227,1,3.469727181,3,0,0.1045595272
0.606768826,0.2635916975,1.325528127,3,1,0
0.4967802978,0.2979325291,1.864377351,5,1,0
0.4067293074,0.8040829141,3.696901635,1,1,0
0.3330017921,1,2.236618882,5,0,0.2062056445
0.4788444525,1,1.061058126,1,0,0
0.3920446792,1,4.456019697,1,0,0
0.3209790355,1,1.988880013,1,0,0
0.2627954074,1,1.155331535,1,0,0
0.2151586818,0.1902974742,3.556596503,5,1,0
0.1761570296,1,1.696830589,1,0,0
0.1442251775,1,1.393076751,5,0,0.08409629675
0,1,1.828703804,1,0,0
0,1,3.102874994,3,0,0.2154312491
0.2154312491,1,1.175752414,3,0,0
0.1763801889,0.1844682536,4.666512531,5,1,0
0.1444078848,1,3.077498342,1,0,0
0.1182311763,0.4303361341,4.731762151,1,1,0
0.09679950002,0.00292619949,2.08829175,3,1,0
0.07925272755,0.5497938656,3.041068087,5,1,0.1546764676
0.2195631129,1,2.833653013,1,0,0
0.1797630727,0.0305034249,1.044757995,3,1,0
0.1471775559,0.4419970042,3.596540096,5,1,0.1257188095
0.2462176007,0.6663836778,2.94546654,1,1,0
0.2015859216,0.1934830055,1.433266561,5,1,0
0.1650445934,0.240482416,4.978872082,3,1,0
0.1351270843,1,1.615477969,5,0,0.1330775565
0.243710256,1,3.914664823,5,0,0.5510827783
0.7506158597,0.4830211504,4.303912954,3,1,0.01541995705
0.6299722452,0.0858438287,1.662004052,5,1,0
0.5157776507,1,1.966277246,3,0,0.02176172081
0.4440447452,1,4.659566178,5,0,0.5086387618
0,1,4.735166017,5,0,0.9337915043
0.9337915043,1,4.702775183,5,0,0.06128879372
0.8258126152,0.3876371811,2.71173075,1,1,0
0.6761181844,1,1.905196594,3,0,0.01158832591
0.5651470762,1,2.303611339,1,0,0
0.4627032913,0.05089212005,3.284668917,5,1,0
0.3788294141,0.1679855493,2.542701794,3,1,0
0.3101592915,1,1.998301373,3,0,0.03431626811
0.2882532184,0.5811758239,1.159198079,3,1,0
0.2360017746,1,2.50011761,3,0,0.09551325627
0.2887351669,1,1.91260253,1,0,0
0.2363963606,0.5943880175,4.383472536,3,1,0.1075325983
0.3010775687,1,3.70994551,1,0,0
0.2465014646,1,3.445778896,5,0,0.4607227041
0.6625410338,1,4.986960653,1,0,0
0.5424427196,1,3.706433105,5,0,0.3095870428
0.7537015791,0.8033128406,3.75921844,1,1,0
0.6170786615,1,2.571355608,5,0,0.1504263982
0.6556476754,1,4.013610898,1,0,0
0.536798915,1,4.140450285,3,0,0.1718788884
0,1,3.653272761,5,0,0.6633181903
0.6633181903,1,3.609599065,3,0,0.09812249941
0.6412015009,0.8075497926,2.287375919,5,1,0.07599082653
0.6009622142,0.3305783741,3.331233472,1,1,0
0.4920262462,0.3964146388,2.160293964,5,1,0
0.4028370191,1,4.527935496,1,0,0
0.329815056,1,4.491012064,3,0,0.2839250643
0.5539547935,1,2.828502728,3,0,0.07773471086
0.5312745361,0.7175151739,3.387500879,1,1,0
0.4349708011,0.2781271921,2.649961892,1,1,0
0.3561239715,1,4.991088162,1,0,0
0.2915696474,1,1.382751167,1,0,0
0.238717037,1,3.883186901,5,0,0.5487302668
0.7441752462,0.07297565097,3.074839732,1,1,0
0.6092791598,1,2.070103436,1,0,0
0.4988355853,0.1006290493,3.457854168,3,1,0
0.4084120344,0.002002283529,2.894697184,5,1,0
0.3343794925,1,1.379421075,3,0,0
0.2737667737,0.5014807368,4.585479305,3,1,0.06894090702
0.2930821838,0.3948010333,3.039474545,1,1,0
0,1,2.338359015,5,0,0.3345897538
0.3345897538,0.5892256474,2.669046629,5,1,0.09526524252
0.3692041636,1,3.695690068,1,0,0
0.3022788029,1,4.902225084,1,0,0
0.247484952,0.08706361089,2.502837537,3,1,0
0.2026235411,1,3.43904507,1,0,0
0.1658941244,0.4615065018,2.113295811,5,1,0
0.1358226214,0.2408838033,4.950295205,5,1,0.04157685624
0.1527790133,0.08151943191,4.247393527,1,1,0
0.1250848766,1,2.380387824,5,0,0.3019305458
0.4043413811,1,1.99132001,1,0,0
0.3310467234,1,4.201627176,3,0,0.2543655209
0.525403654,0.5292210997,4.248529717,5,1,0.1481228922
0.5782870216,0.5682830053,1.259244166,3,1,0
0.4734613687,1,3.785089143,1,0,0
0.3876373829,1,2.25844579,1,0,0
0.3173706464,1,4.914492613,3,0,0.3325591989
0.5924003073,0.2333216108,1.929976713,5,1,0
0.4850163497,0.2372257838,4.663362044,5,1,0.01368179157
0.4107795928,0.3683921634,2.9794667,3,1,0
0,0.3874829141,1.842458582,1,1,0
0,1,4.305666439,5,0,0.8264166097
0.8264166097,1,2.783840165,5,0,0.0774112559
0.7540239491,1,1.788895103,1,0,0
0.6173425957,1,4.4904452,5,0,0.333911175
0.8393485433,0.2157814442,3.276902085,3,1,0
0.6872004649,0.6603236902,3.408508416,5,1,0.0978060691
0.6604382233,0.3822507927,2.391250254,1,1,0
0.5407210839,1,4.015287536,3,0,0.161800807
0.6045057873,0.3452948448,3.655441694,5,1,0.02592515707
0.5208526355,0.8289668967,2.660890633,1,1,0
0.4264380705,1,3.036567451,5,0,0.2920243892
0.6411623519,0.8965975062,3.730719557,1,1,0
0.5249393352,0.2470925905,2.646752718,1,1,0
0.4297839772,0.3222457259,3.830834261,3,1,0
0.3518773593,1,1.293171187,3,0,0
0.2880928154,1,3.468105941,1,0,0
0.2358704477,0.03197568789,2.082919873,1,1,0
0.1931143893,0.3132037852,1.52668432,3,1,0
0.1581086894,1,3.545799219,5,0,0.5358215602
0,1,3.64512864,5,0,0.66128216
0.66128216,0.6289566353,2.582401925,1,1,0
0.5414120409,1,2.619445129,3,0,0.06553990958
0.5088105975,1,1.504293591,3,0,0
0.4165788837,0.9800568153,1.946075382,1,1,0
0.3410659432,1,1.764923899,5,0,0.1260086019
0.4052497784,0.7860784138,3.692035202,3,1,0.1102276614
0.4420181176,0.7584935684,1.429561714,1,1,0
0.3618938263,0.8121229947,3.493692891,1,1,0
0.296293605,1,2.31546117,5,0,0.2314246095
0.4740092958,0.04626421342,1.435435737,1,1,0
0.3880859877,1,2.341239736,1,0,0
0.317737933,1,3.490776697,5,0,0.4248406145
0.6849824316,1,1.706674585,3,0,0.00189047956
0.5627066616,0.4636303354,3.531154619,5,1,0.06965540639
0.5303606552,1,2.157977596,5,0,0.1359579599
0.5701805385,1,3.9941012,5,0,0.3217307414
0.7885550831,0.5732632183,4.85522155,3,1,0.03541659852
0.6810308955,0.01980629459,2.243747338,5,1,0
0.557580938,1,4.827582612,1,0,0
0,1,2.780091455,3,0,0.1670137183
0.1670137183,0.9379020416,1.020823917,1,1,0
0.1367392674,0.01884156256,3.904026927,3,1,0
0.1119526433,1,4.265382141,5,0,0.7249534946
0.8166125666,0.7604589095,2.108264651,1,1,0
0.6685858216,0.8093466263,1.13981348,1,1,0
0.5473917732,0.3749334565,4.766729334,5,1,0.08907401248
0.5372404912,1,1.270331094,5,0,0.03127457111
0.4711298831,1,4.809641793,1,0,0
0.385728524,1,4.783680956,5,0,0.5810518214
0.8968596263,1,4.399270515,1,0,0
0.7342865573,0.4236271392,2.303641775,3,1,0
0.601182986,0.639968493,3.686062901,1,1,0
0.4922069989,1,4.301475389,5,0,0.419116524
0.8221015308,1,4.622065254,1,0,0
0.6730798054,1,1.80043738,5,0,0.06541978597
0.616490922,0.2830849725,4.964356917,5,1,0.03886239783
0.5436024746,1,2.088161357,5,0,0.1241585377
0.5692226011,0.6010315522,1.278299946,3,1,0
0.4660400489,1,4.217331672,3,0,0.2042929443
0,1,2.448720506,3,0,0.1173080759
0.1173080759,1,3.462747486,5,0,0.5434618291
0.6395055585,1,4.639581095,1,0,0
0.5235828675,0.07834745702,3.006267542,5,1,0
0.4286733954,1,4.343091982,5,0,0.4774993477
0.8284674395,1,2.652744436,5,0,0.07087487121
0.7491666419,0.7704519022,2.786785313,3,1,0.01807570567
0.6314414746,1,4.377492093,1,0,0
0.516980554,0.09732919895,1.539713469,5,1,0
0.4232678783,0.8282662937,3.105295156,1,1,0
0.3465424288,0.5446032747,2.414523155,1,1,0
0.2837249437,1,2.835388227,3,0,0.1255689152
0.357863252,1,1.504400661,3,0,0
0.2929936498,1,4.777697581,5,0,0.6677140446
0.9075969562,0.6437791737,4.380903902,3,1,0.01599036559
0.759067905,0.409812765,4.153939442,5,1,0.04230390579
0.6637761433,0.1313866074,4.954111046,5,1,0
0.5434539417,0.6910286978,2.304932798,1,1,0
0.4449424549,0.6266955547,3.386477519,1,1,0
0.3642880712,0.4865357015,4.70561794,3,1,0.05938672644
0,0.6005192255,3.338577943,1,1,0
0,0.5304446047,2.076852997,3,1,0
0,1,1.41655672,5,0,0.1041391799
0.1041391799,1,1.586381725,1,0,0
0.08526194919,0.131052377,2.495131803,3,1,0
0.06980657987,0.2021583341,2.458454437,3,1,0
0.0571527937,1,4.520639086,1,0,0
0.04679274983,1,1.80834206,1,0,0
0.03831066331,0.1837434585,2.077213911,5,1,0
0.03136611822,1,3.381435346,1,0,0
0.02568040559,1,1.293402447,5,0,0.07146693826
0.09249227607,1,2.2662816,1,0,0
0.07572627084,1,4.932836448,5,0,0.9087543524
0.9707537792,1,1.186030665,1,0,0
0.7947859727,1,1.350088074,1,0,0
0.650715718,1,3.037690051,5,0,0.1779332766
0.7106942464,1,4.37731612,1,0,0
0.5818672356,0.4083052145,4.368637748,1,1,0
0.4763926,0.3554314492,2.145559386,3,1,0
0.3900372721,1,1.707703995,1,0,0
0,0.1514239728,2.466947331,3,1,0
0,0.6036593458,1.293876697,5,1,0
0,1,2.394688986,3,0,0.1092033479
0.1092033479,1,2.814156657,1,0,0
0.08940813928,0.3121293566,2.13622146,1,1,0
0.07320119321,0.01766204571,2.524938804,1,1,0
0.05993206804,0.1875719682,2.466297702,5,1,0
0.0490682272,0.751905613,4.625593486,3,1,0.2583695471
0.2985432137,1,2.940044454,3,0,0.1339829236
0.3784094338,0.3414487993,3.954173765,5,1,0.05441215542
0.3642275961,1,3.713113931,3,0,0.1951612045
0.4933655385,0.2051265672,3.884132298,3,1,0
0.4039335389,1,2.050821334,1,0,0
0.3307128105,1,2.006141713,5,0,0.1683494398
0.4391141882,1,2.623763421,3,0,0.08052329849
0.4400395885,1,2.229487258,1,0,0
0.3602739437,1,2.575877126,3,0,0.08724684324
0.3822142004,0.1049934142,4.521613088,1,1,0
0.3129305202,1,1.936448191,5,0,0.1608512429
0.4170570834,0.3625311422,2.903270966,5,1,0.00765493522
0,0.9016328103,3.053296226,3,1,0.1629428085
0.1629428085,0.8327678824,4.566135276,1,1,0
0.1334062884,0.02480798944,4.552883588,3,1,0
0.1092238309,1,2.308443844,1,0,0
0.08942490935,0.6540192267,1.562768991,1,1,0
0.07321492338,1,4.948824641,1,0,0
0.05994330935,1,2.931722299,5,0,0.453982118
0.5030595488,1,4.047975042,1,0,0
0.4118703233,1,4.119202233,5,0,0.4586238503
0.7958347502,0.6262360133,4.161658569,5,1,0.08198155927
0.7335559436,1,1.837924089,1,0,0
0.6005848102,1,3.191419794,3,0,0.09135143396
0.5830686879,1,2.017862845,1,0,0
0.4773762659,1,2.484401051,3,0,0.06410510962
0.4549477393,0.2926300296,2.324343231,5,1,0
0.3724797052,1,4.658545296,3,0,0.2816196839
0.5865802735,0.2333558097,3.652465689,5,1,0
0.4802513091,1,1.641109035,3,0,0
0.3931965159,1,4.729994601,1,0,0
0.3219220796,1,3.815519689,5,0,0.4772854339
0,1,3.985992714,3,0,0.3478989072
0.3478989072,0.08491803366,1.667966374,5,1,0
0.2848355343,0.1723024317,1.925147804,1,1,0
0.2332036115,0.6764218495,3.411907485,3,1,0.0737530191
0.2646839875,1,4.063212318,1,0,0
0.2167049204,1,3.510133513,1,0,0
0.1774229827,1,3.910449925,3,0,0.276852681
0.4221143332,0.6467565815,3.921804599,3,1,0.07539555271
0.4209935386,0.4394191061,4.28939618,1,1,0
0.3446803569,0.3074300297,1.507553448,5,1,0
0.2822004082,0.2614262155,4.857201788,5,1,0.04841556117
0.2794617139,1,2.373009807,5,0,0.2473265334
0.4761304328,1,3.507800212,3,0,0.144677075
0.5344997028,0.0554905132,2.94563719,1,1,0
0.4376113442,0.4454379354,1.026385974,3,1,0
0.3582858654,0.4123203402,4.82491512,5,1,0.1587296988
0.4520693552,0.0353644639,2.953365535,5,1,0
0.3701230836,0.02566387868,2.469307825,5,1,0
0.303031151,1,2.46585839,3,0,0.08355176038
0.3316526828,1,3.349655735,1,0,0
0,1,3.962372375,3,0,0.3443558563
0.3443558563,0.5072914951,1.574837579,3,1,0
0.2819347295,1,4.793308011,5,0,0.6809606858
0.9117893192,0.680669631,4.65265723,5,1,0.04778642678
0.7942963828,1,2.642030407,1,0,0
0.6503148756,0.02672430636,4.211946185,5,1,0
0.5324327879,0.8344635779,2.244658347,1,1,0
0.4359190974,1,2.775043944,1,0,0
0.3569003709,0.3545748828,2.118175321,5,1,0
0.2922053094,1,4.659284074,5,0,0.6475054597
0.8867429327,0.02509443825,4.96450584,5,1,0
0.7260037091,1,3.216774821,5,0,0.1518470197
0.7462485832,1,1.648205444,3,0,0
0.6109766645,1,2.272537623,1,0,0
0.5002253846,1,3.716350671,1,0,0
0.4095499059,1,1.012191879,3,0,0
0.3353111029,1,3.616395889,3,0,0.1943945049
0.4689240167,1,4.178768926,5,0,0.4220419582
0.8059644715,1,4.667609384,5,0,0.1779116313
0.83777953,1,4.487536083,5,0,0.1414374356
0,1,1.619192377,1,0,0
0,1,4.090907075,1,0,0
0,1,3.587085178,1,0,0
0,1,2.060356632,3,0,0.05905349476
0.05905349476,0.06144967168,4.306287272,1,1,0
0.04834891224,0.675501361,3.125810449,5,1,0.2644374795
0.3040222209,1,3.146608773,5,0,0.3734980017
0.6224103435,1,3.584356804,5,0,0.2439565995
0.7535430888,0.06606544915,2.594832113,1,1,0
0.6169489005,1,2.296628768,5,0,0.1241687688
0.6292838067,1,1.545795682,3,0,0
0.515214005,1,1.330607181,5,0,0.04006843279
0.4618899831,1,2.030063861,5,0,0.1385719204
0.5167354541,0.1406879635,3.353327059,5,1,0
0.4230672075,1,3.649223403,5,0,0.382105964
0.7284840974,0.2283533811,2.101347398,1,1,0
0.5964323337,1,2.795797459,3,0,0.0683521018
0.5566695955,0.02082296472,2.158453312,1,1,0
0.4557625171,1,2.5714738,5,0,0.2138137364
0.5869605252,1,1.285003132,5,0,0.02942938595
0,1,4.541381087,5,0,0.8853452717
0.8853452717,0.3635194156,4.888249419,3,1,0.00189708124
0.7267564822,0.7705127013,2.376620111,5,1,0.05678109473
0.6517989767,1,1.401538812,1,0,0
0.5336478671,0.8004686021,2.14529879,5,1,0.08362210498
0.5205360251,1,1.025399693,1,0,0
0.4261788518,0.1420872227,2.993776268,3,1,0
0.3489257323,0.1331823964,3.262631638,5,1,0
0.2856762276,1,4.162578942,3,0,0.2674334208
0.5013253337,1,1.432133512,5,0,0.05387350867
0.4643239767,0.6542974487,4.268711446,1,1,0
0.3801563191,0.121444292,1.071672944,3,1,0
0.3112456694,1,1.457742338,5,0,0.07881800438
0.3336444057,1,2.709930694,1,0,0
0.2731649355,0.4464605546,4.734099927,5,1,0.2023488612
0.4259973946,0.6549647374,3.808717184,1,1,0
0.3487771677,0.7020272695,1.255759528,1,1,0
0.2855545932,1,4.938392364,5,0,0.7034415837
0.9372339108,0.3570830838,1.801568116,5,1,0
0.7673422256,0.1704221233,3.266681498,1,1,0
0,0.4968484447,2.775126725,3,1,0
0,1,2.378144221,5,0,0.3445360554
0.3445360554,1,4.933344571,1,0,0
0.2820822641,1,4.517328076,5,0,0.6312880522
0.8622374767,0.179517373,3.388773605,1,1,0
0.7059403386,0.4563024383,1.169439215,1,1,0
0.5779750651,0.2382536811,3.934581814,5,1,0
0.4732059603,0.4747072309,2.843635309,5,1,0.04608055046
0.4335088227,1,1.881168597,5,0,0.124793559
0.4797205639,1,1.288543102,1,0,0
0.3927619786,0.7151616592,3.297387084,3,1,0.0629855954
0.3845519059,0.1598862601,3.52862226,5,1,0
0.3148444715,0.6762111591,1.725900379,1,1,0
0.2577728513,0.4362107879,2.217424716,5,1,0
0.2110465606,1,1.728218724,1,0,0
0.1727903095,0.2170053805,1.895770779,3,1,0
0.1414687402,1,3.802414689,5,0,0.6014901533
0.7173149615,0.4284917886,2.754371946,3,1,0
0.5872878186,0.5358664992,2.110114369,1,1,0
0.480830598,0.4141490701,4.235684877,1,1,0
0,0.5440321503,3.050976985,5,1,0.1649573924
0.1649573924,0.1289763257,2.880262721,5,1,0
0.1350556901,1,2.335081279,5,0,0.2886927388
0.3992669857,1,1.597632698,3,0,0
0.3268921599,0.4438347758,3.316279372,1,1,0
0.2676366642,0.1853245048,1.036341287,5,1,0
0.2191223677,1,2.695921279,1,0,0
0.1794022211,0.3385633399,3.351879074,5,1,0.02765894035
0.1745410559,1,4.674569474,1,0,0
0.1429021302,0.7895789677,4.935777185,3,1,0.2867659867
0.4037643553,1,4.529372039,5,0,0.5260843532
0.8566586479,0.4956469681,1.767177825,3,1,0
0.7013727799,1,1.721930961,3,0,0.002475513368
0.5767109777,0.6624809648,3.718826963,1,1,0
0.472171013,0.4736050166,1.491748043,3,1,0
0.3865809291,0.396323079,1.341942875,5,1,0
0.3165056952,1,4.575803299,1,0,0
0.2591329462,1,4.93433173,1,0,0
0.2121601122,0.06194940299,4.958915851,5,1,0
0.1737020084,1,3.843646085,1,0,0
0,0.8906572481,1.849851735,3,1,0
0,1,4.027430562,1,0,0
0,1,3.593772923,5,0,0.6484432307
0.6484432307,1,3.285271284,5,0,0.2008506474
0.731751062,1,3.505487595,5,0,0.1680235966
0.7671306947,0.8292000866,4.209888764,3,1,0.06371910102
0.6917925924,1,1.307328176,5,0,0.02368020509
0.5900720752,1,2.674318448,1,0,0
0.4831101545,0.4028859571,3.869740968,5,1,0.07224366407
0.4677808047,1,1.086166847,1,0,0
0.3829865305,0.05576722059,1.725049963,3,1,0
0.3135628505,0.4907158747,1.242193576,5,1,0
0.2567235488,1,1.645293253,5,0,0.1199078198
0.3300952842,0.3900367674,2.630297348,3,1,0
0.2702591607,1,4.489374095,5,0,0.6365846951
0.8578541813,0.7492298765,2.007492139,1,1,0
0.7023515999,1,4.415755719,5,0,0.2541735562
0.8292104105,0.2542487831,2.385870235,3,1,0
0.6789000639,0.3419790688,1.139909669,5,1,0
0.5558363605,1,4.682561269,5,0,0.4089149539
0,0.08506844049,1.493010171,3,1,0
0,1,1.668611125,3,0,0.0002916687692
0.0002916687692,1,1.585093659,5,0,0.1462307514
0.1464695496,0.2030058039,1.78978604,3,1,0
0.1199191246,0.4092917115,1.990825722,1,1,0
0.09818147521,0.1105610389,1.092141045,3,1,0
0.08038419313,0.6600629693,3.916499226,3,1,0.1266958525
0.1925088634,1,1.428491941,3,0,0
0.1576129267,1,2.21805683,5,0,0.2565188319
0.3855613821,0.1531680899,4.654124029,1,1,0
0.3156709607,1,2.963596878,1,0,0
0.2584495234,0.4925564653,4.912478423,5,1,0.2631897989
0.4747903718,0.93356894,1.005989866,1,1,0
0.3887254787,1,4.112452921,3,0,0.2242570233
0.5425185272,0.1254942804,3.016562108,5,1,0
0.4441766023,0.6965539149,4.096512431,1,1,0
0.3636610441,1,3.088960423,1,0,0
0.2977404805,0.04758595354,3.406892306,3,1,0
0.2437692878,1,4.325520418,5,0,0.6287151685
0.8282965811,1,2.74521392,1,0,0
0,1,3.893145528,1,0,0
0,1,3.2739533,3,0,0.241092995
0.241092995,0.03694670298,4.662445275,1,1,0
0.1973902494,1,4.924537964,3,0,0.3922198905
0.553829358,0.2031725126,2.68826795,3,1,0
0.4534371274,0.437105396,1.784207209,1,1,0
0.3712429208,1,3.892508614,5,0,0.454671317
0.7586193131,0.07492019291,3.497035921,1,1,0
0.6211049615,0.6083074717,1.487169467,1,1,0
0.5085177329,1,4.505100787,1,0,0
0.4163391064,0.5166643327,3.792698635,5,1,0.1400132604
0.4808828905,1,1.326438483,1,0,0
0.3937136111,1,3.223957181,3,0,0.1416246064
0.4639700477,1,3.31831928,1,0,0
0.3798665466,1,3.512683123,3,0,0.171716484
0.4827249077,0.3661219001,3.937063272,5,1,0.05708713687
0.4523088641,1,2.981635676,5,0,0.2713310736
0.6416502505,1,2.462802143,5,0,0.1310486954
0.6563874882,1,1.86356472,5,0,0.07418291061
0.6115875331,1,4.528152124,1,0,0
0,1,3.644425702,5,0,0.6611064256
0.6611064256,1,4.494636886,5,0,0.2960774964
0.8373456581,0.568965572,4.16079335,3,1,0.01709533329
0.7026559745,0.060405287,3.152641308,5,1,0
0.5752860552,0.8383387403,1.145983284,3,1,0
0.4710043852,0.0393572163,1.467033339,1,1,0
0.385625775,0.2815867682,1.508877483,5,1,0
0.3157236812,0.661309217,4.733432383,1,1,0
0.2584926872,0.2131405306,2.74414756,1,1,0
0.2116359125,0.5452352629,3.991070599,5,1,0.2317933165
0.4050661465,1,2.087579387,5,0,0.1617594489
0.4933995601,0.09802140503,1.12989327,1,1,0
0.4039613934,0.2993391829,4.877941937,5,1,0.06856815522
0.3993037711,1,2.106309253,5,0,0.1661389491
0.4930612263,1,1.857510447,1,0,0
0.4036843891,0.1587688134,1.788215118,5,1,0
0.3305088239,0.3579355248,1.829815129,3,1,0
0.2705977383,0.4819691248,2.74087316,1,1,0
0.22154669,1,4.915217605,1,0,0
0.1813870884,1,1.951599346,3,0,0.0349874355
0,1,4.845477556,3,0,0.4768216333
0.4768216333,0.281086185,3.081395394,1,1,0
0.3903885349,1,4.752916833,1,0,0
0.3196230992,0.5098023023,2.576241842,5,1,0.05330311157
0.3149883723,1,1.140878393,3,0,0
0.2578906673,0.286341954,3.135370553,1,1,0
0.2111430202,0.6679629496,4.323642508,5,1,0.3723470031
0.545216287,1,2.057771701,3,0,0.02668022997
0.4730655712,0.3814333824,2.801562572,5,1,0.009038175301
0.3963515067,0.5992478218,2.146491695,5,1,0.04320319398
0.3677083615,0.2560176444,4.782327111,3,1,0
0.3010541438,1,3.520855524,3,0,0.1943966428
0.4408789286,1,2.093999474,5,0,0.1529195395
0.5138806768,0.3068438306,2.299545542,5,1,0
0.4207299135,1,3.694548168,5,0,0.3902177875
0.7346823064,1,1.077001787,1,0,0
0.601506998,0.1503243828,3.50731578,5,1,0
0.4924722775,1,3.876214822,3,0,0.1682110415
0.5714132401,1,1.846967514,5,0,0.09074976568
0.5585833581,1,3.596602356,1,0,0
0,1,1.000881332,1,0,0
0,1,4.208764214,5,0,0.8021910536
0.8021910536,0.2157716496,1.014016961,1,1,0
0.6567784854,1,1.554281489,1,0,0
0.537724744,0.4744508226,2.192292731,3,1,0
0.4402517846,1,3.383190402,3,0,0.1441231646
0.5045708398,0.7033207697,4.889337759,3,1,0.1316929577
0.5448006214,1,4.327376847,1,0,0
0.446045023,1,1.551915335,5,0,0.07643406174
0.4416248393,0.2160490422,3.192759521,1,1,0
0.3615718373,1,4.907056095,5,0,0.6235936611
0.9196236437,1,3.803783204,5,0,0.05633946942
0.8092636278,1,2.327156882,5,0,0.06328427223
0.7258532917,0.4778000855,1.637428889,5,1,0
0.5942784121,1,2.137984935,1,0,0
0.4865540119,0.6100968076,1.990112537,3,1,0
0.3983567326,1,1.830097251,1,0,0
0.3261469076,0.0861012976,3.228146854,5,1,0
0.2670265033,0.6121122336,2.514581559,3,1,0
0.2186228101,1,2.231350634,5,0,0.2405373246
0,1,4.761727781,5,0,0.9404319453
0.9404319453,0.5252617254,1.37038466,5,1,0
0.7699605548,0.2840601909,3.337904276,1,1,0
0.6303903848,0.8753977435,3.709053221,3,1,0.08761023885
0.6037302334,1,3.679666186,1,0,0
0.4942925086,0.4736374079,3.813979137,1,1,0
0.4046924778,0.9331514617,4.909980559,1,1,0
0.3313341771,0.6220789852,1.926806506,3,1,0
0.2712734804,0.5661188482,2.944638241,5,1,0.121517918
0.3436178589,0.1237376482,1.777368892,3,1,0
0.2813305084,1,4.927317559,5,0,0.7056108284
0.9359447674,0.07898458579,1.016192425,5,1,0
0.7662867643,0.0949121509,4.288470933,3,1,0
0.6273825396,1,4.922798696,1,0,0
0.5136573791,1,4.891677956,5,0,0.4731722142
0.893719307,0.719205099,2.645489656,1,1,0
0.7317154813,1,4.704851721,1,0,0
0.599077967,1,1.055793584,3,0,0
0.4904835551,0.275415097,1.587786582,5,1,0
0.4015739704,0.5068560933,4.241696365,1,1,0
0,0.2123942489,2.422630586,3,1,0
0,1,4.588416888,5,0,0.897104222
0.897104222,0.8627193347,4.087501102,3,1,0.02870328504
0.7631901003,0.08571206897,1.66109621,5,1,0
0.6248472056,0.7988529833,2.493564265,1,1,0
0.5115816232,1,4.0050147,3,0,0.1713138226
0.5901614302,1,1.999144225,3,0,0.02043931907
0.5036226313,0.6313339668,2.496958116,5,1,0.07152977474
0.4838611109,1,1.379560077,5,0,0.0489764291
0.4451284008,0.009555911915,3.334950309,1,1,0
0.3644403108,0.7128098645,1.528959113,1,1,0
0.2983784901,1,4.054524959,5,0,0.5357801035
0.7800717494,0.6128011121,1.724291021,3,1,0
0.6386687308,0.1212993272,1.17856463,1,1,0
0.522897731,1,4.742658129,3,0,0.220134376
0.648246829,0.6043211824,3.807641853,1,1,0
0.5307396145,1,4.4432171,1,0,0
0.4345328443,1,2.346698548,1,0,0
0.3557654028,0.3722183919,2.884963384,3,1,0
0.2912760762,0.2873283821,3.904271006,5,1,0.02158203817
0,1,3.462958032,5,0,0.615739508
0.615739508,0.8235390769,4.128989293,3,1,0.09992986312
0.6040547342,1,1.487950975,1,0,0
0.4945581874,0.5858846644,3.363135026,3,1,0.02302862924
0.4279386265,0.2761090697,2.732152206,5,1,0
0.3503665139,1,1.058530852,3,0,0
0.2868558398,0.7053489275,4.709001517,1,1,0
0.2348576977,1,3.647437674,5,0,0.5064166393
0.698701859,0.1173173427,2.736755695,5,1,0
0.5720486992,1,2.385549555,3,0,0.04614703007
0.5145008924,1,4.997687009,5,0,0.4852183688
0.9064560719,1,1.318726222,1,0,0
0.7421434624,1,2.664838959,5,0,0.1073224024
0.7149380782,0.1423850565,2.108692437,5,1,0
0.5853417912,1,3.039850264,5,0,0.2114601641
0.6906974896,1,3.61581444,3,0,0.0904314449
0.6559267208,1,3.303169838,5,0,0.1981147997
0.7351421778,0.2037409151,1.55764335,1,1,0
0.6018835088,0.1097999161,1.435783535,3,1,0
0.4927805384,1,3.150610801,5,0,0.2727079131
0,1,3.915111261,3,0,0.3372666891
0.3372666891,0.8199319898,4.214428121,1,1,0
0.2761306104,0.08426908216,1.75224765,1,1,0
0.2260766226,0.1864755138,1.594649817,5,1,0
0.1850958835,1,1.635566343,1,0,0
0.151543692,1,4.042766229,5,0,0.6454135501
0.7694870312,1,4.97563576,3,0,0.1144140434
0.7444167399,0.7146652263,1.786951221,1,1,0
0.6094768781,1,4.998459866,3,0,0.1951713422
0.6941688056,1,4.042682746,5,0,0.2326368246
0.8009741736,1,2.796135107,1,0,0
0.6557821883,0.7477141812,3.754439692,1,1,0
0.5369090449,1,1.694499158,3,0,0.001933346282
0.4415172929,0.1642778871,4.945312281,3,1,0
0.3614837858,1,2.913183679,1,0,0
0.2959578921,1,3.336534416,5,0,0.4112546538
0.6535644817,0.374242268,4.229800456,5,1,0.05049038856
0.5855837289,1,1.920632468,5,0,0.09538126861
0.5748166759,0.2654348603,3.360185917,5,1,0
0.47062009,1,1.520949187,5,0,0.06894500846
0,0.569309575,4.938551199,5,1,0.452891121
0.452891121,1,4.479696199,5,0,0.4759431717
0.8467390602,1,3.738266703,1,0,0
0.6932513084,0.9241131536,3.001271361,3,1,0.05092861145
0.6185147773,0.03342682873,4.668558099,5,1,0
0.5063970694,0.3781127488,3.605882487,5,1,0.04484754543
0.4594503994,0.7501573945,1.833139051,3,1,0
0.3761661715,1,1.592998858,5,0,0.09248318694
0.4004619998,0.1877587861,2.354719253,3,1,0
0.3278705547,1,4.078001586,3,0,0.2431093802
0.5115470864,1,1.664810789,1,0,0
0.4188193313,0.05047445701,2.493597043,5,1,0
0.3429002665,0.02026059534,3.765906584,1,1,0
0.2807429934,0.09579249585,4.27754353,1,1,0
0.2298529224,1,1.12253421,3,0,0
0.1881876563,0.3681756171,2.51509602,5,1,0
0.1540750215,1,2.339894366,3,0,0.08542501905
0.2115709775,0.6415949476,2.193157418,1,1,0
0.1732196657,1,3.796043325,3,0,0.2640790118
0.4058992791,0.1038898468,1.322485939,3,1,0
0,1,4.159764087,5,0,0.7899410218
0.7899410218,0.7487373982,1.046543119,3,1,0
0.6467490077,0.7120407808,4.314115841,1,1,0
0.5295133021,1,1.111959918,3,0,0
0.4335288246,0.1928503396,2.095597177,5,1,0
0.3549433811,0.5236108538,3.179343337,5,1,0.1071985212
0.3978015829,1,2.369330769,3,0,0.06347148149
0.389163871,0.1613470516,1.734818244,3,1,0
0.3186204292,0.4101893955,4.41597861,5,1,0.1382157331
0.3990800771,1,3.577423637,5,0,0.3872063034
0.7139454354,0.5330565979,3.934512825,3,1,0.01847846783
0.6030075518,0.4675067808,2.08133764,3,1,0
0.493700827,0.445361734,3.491950574,5,1,0.07027194086
0.4744799908,1,3.267672976,3,0,0.1262041276
0.5146754877,0.4284771416,3.06196622,5,1,0.03785319275
0.4592338424,0.3862779617,3.215859083,3,1,0
0.3759888696,1,3.732680815,1,0,0
0.3078336504,1,2.605631873,3,0,0.0974880179
0.3495208943,0.3981667023,2.441221388,5,1,0
0.286163505,0.7756520498,1.236715241,1,1,0
0,0.8854379472,1.338936337,1,1,0
0,1,2.453119687,3,0,0.1179679531
0.1179679531,1,4.038064815,1,0,0
0.09658399104,0.3470732543,2.939665939,5,1,0.004580189083
0.0836564728,1,2.315925094,5,0,0.3014598604
0.3699519874,0.7217603497,4.288836978,3,1,0.1350362195
0.4379272887,0.5869343477,1.634251786,5,1,0
0.3585445389,1,3.951872661,5,0,0.4733737097
0.76692515,0.8928231174,1.887271866,1,1,0
0.6279052056,1,3.926712571,1,0,0
0.5140853018,1,2.793736797,3,0,0.08214899134
0.5030464377,0.2777368178,3.443810843,3,1,0
0.4118595887,0.4879405409,3.893056774,5,1,0.1322698713
0.4694719826,1,3.204318942,3,0,0.122365142
0.5067362918,0.06704528824,1.735125044,3,1,0
0.4148805858,0.007605776316,2.61948531,3,1,0
0.3396754945,1,2.914676635,5,0,0.3160769756
0.594179749,0.003772213677,3.484601059,5,1,0
0.4864732333,0.3103507625,2.401386487,3,1,0
0.3982905967,0.07811039748,4.014212514,5,1,0
0,0.3417950714,4.619029482,5,1,0.1446903779
0.1446903779,1,4.888845439,1,0,0
0.118462462,1,3.807854405,1,0,0
0.09698886075,1,4.28378186,3,0,0.3544926258
0.4339003888,0.4890390121,2.103874114,5,1,0.004086746428
0.3593343385,0.2266645463,4.147965835,1,1,0
0.2941980736,1,3.268018326,1,0,0
0.2408690103,0.2216294036,4.464040321,3,1,0
0.1972068662,0.1099373958,2.220754675,5,1,0
0.1614593261,1,3.210554731,5,0,0.4634100134
0.595601729,0.5576021178,1.391100367,5,1,0
0.4876374521,1,3.529498966,3,0,0.1431668255
0.5424106039,1,1.277681652,5,0,0.03176604486
0.4758542871,0.4157871718,1.222205322,1,1,0
0.3895965388,0.3609657933,2.123196828,3,1,0
0.3189746676,0.3454095355,2.975240576,5,1,0.004712093483
0.2658664633,1,4.825436803,1,0,0
0.2176730497,1,2.134231084,1,0,0
0.1782156199,0.7490255265,1.070970318,1,1,0
0.1459106087,0.2475673444,2.019647249,5,1,0
0,0.1409263856,1.906913092,3,1,0
0,1,4.2180067,5,0,0.8045016749
0.8045016749,0.6807889366,3.717381598,1,1,0
0.6586702622,0.3088998831,1.248491741,1,1,0
0.5392735998,1,4.181426736,1,0,0
0.4415198805,1,4.021511753,3,0,0.1972701248
0.558756029,1,4.834331759,5,0,0.4229689429
0.8804396873,1,2.496793506,5,0,0.04473927492
0.7655823231,1,1.62525345,3,0,0
0.626805792,0.142590402,3.020102053,3,1,0
0.5131851781,0.1257581672,1.792690043,5,1,0
0.4201604873,0.3575551862,3.919758933,5,1,0.05820575952
0.4022040717,0.2572423346,4.692793617,1,1,0
0.3292968425,0.268782245,2.67392225,5,1,0
0.2696054519,1,2.000669732,3,0,0.03659310273
0.2573273774,1,3.15959098,3,0,0.1663131023
0.3769949397,0.2066051454,2.380745711,3,1,0
0.3086573509,1,1.962116069,1,0,0
0.2527072654,0.2608246717,3.451969747,5,1,0
0.2068992097,1,3.268370899,3,0,0.1905469338
0,1,1.595834138,5,0,0.1489585346
0.1489585346,0.05153578399,3.216388777,3,1,0
0.1219569332,0.7103930629,2.458345858,3,1,0.01050032087
0.1103502126,1,1.762083661,3,0,0.01273315633
0.103080269,1,4.666919864,5,0,0.8222331946
0.9066281808,0.2993063031,4.308700977,1,1,0
0.7422843733,1,2.325943764,1,0,0
0.6077310439,1,1.053494538,1,0,0
0.4975680953,1,4.002638014,3,0,0.17604998
0.5834242813,0.6885207647,3.206143342,3,1,0.03379447182
0.511461873,0.1980089087,2.609504877,3,1,0
0.4187495645,1,1.609526952,5,0,0.08857195151
0.4314150978,1,1.932004365,1,0,0
0.3532128079,0.03376066632,1.465408247,5,1,0
0.2891861882,0.02421568303,1.274491466,5,1,0
0.2367656257,1,1.41283094,1,0,0
0.193847299,1,2.360787024,5,0,0.2742505338
0.4329592789,0.5062267247,4.486733583,3,1,0.05142813638
0.4059052128,1,2.795260606,3,0,0.1005737664
0.432900847,0.3644820903,2.560435009,1,1,0
0,0.06030405981,2.163120212,5,1,0
0,1,4.585355264,5,0,0.8963388161
0.8963388161,0.6702833807,1.675793262,1,1,0
0.7338601539,1,2.469049188,5,0,0.0977431312
0.6985770076,0.7450709195,3.591941108,3,1,0.04564678348
0.617593263,0.2935041441,1.637238307,3,1,0
0.5056425973,0.4250978549,4.279967968,3,1,0.01132611387
0.4253112584,0.2621723264,4.37325597,1,1,0
0.3482154069,0.2439821063,1.5884475,3,1,0
0.2850946623,0.2778894989,2.568694409,3,1,0
0.2334157676,1,2.675870332,3,0,0.1160459426
0.3071506097,0.2195513533,4.622213815,5,1,0.002565846181
0.2540394962,1,4.169395769,1,0,0
0.207989948,1,4.245727505,5,0,0.6426622025
0.8129499693,0.2802626126,2.047686811,5,1,0
0.6655871406,0.4496836465,4.28731992,5,1,0.07757857116
0.622515232,1,1.382030514,1,0,0
0.5096723647,0.2561081387,2.551574275,3,1,0
0.417284439,1,1.497355834,3,0,0
0.341643603,0.3546024718,2.250559209,3,1,0
0,1,2.770570183,1,0,0
0,1,3.517808378,3,0,0.2776712566
0.2776712566,1,2.411016035,1,0,0
0.2273379971,1,3.67049909,1,0,0
0.1861286095,1,3.084790091,3,0,0.1731255125
0.3255147292,0.6662963206,3.192184524,3,1,0.04656721886
0.3130761382,1,4.831550342,5,0,0.6579958395
0.9143209019,0.1078470873,2.579588104,5,1,0
0.7485826406,0.1497615836,3.87565756,5,1,0
0.612887629,0.02612564992,1.657176818,3,1,0
0.5017899501,1,1.991774919,3,0,0.02429582976
0.4351266935,1,3.645267865,3,0,0.1676488502
0.5239004556,1,3.231331611,1,0,0
0.4289334146,0.4355367427,4.624254841,3,1,0.02975538653
0.380936364,1,4.005616435,1,0,0
0.3118843162,0.5269320611,2.873723789,3,1,0
0.2553492811,1,4.490852098,1,0,0
0.2090623092,1,1.349889692,5,0,0.06918523621
0.2403509781,0.4445126409,1.782465655,3,1,0
0.1967827373,1,3.04883695,5,0,0.4114153017
0,0.6612540354,3.526492945,5,1,0.3329769227
0.3329769227,1,2.169888032,3,0,0.05034903951
0.3229674862,0.4757290125,2.960129719,3,1,0
0.2644234132,1,1.837713435,3,0,0.01887269975
0.23536428,1,2.277955627,1,0,0
0.1926999742,0.2521752517,3.716752329,5,1,0
0.157769395,1,4.1159517,5,0,0.6560874714
0.785258127,1,4.909323109,1,0,0
0.6429149777,1,4.538441977,5,0,0.3158811581
0.8422554219,1,3.718523339,3,0,0.04855038975
0.7381308056,1,2.533789956,3,0,0.0340609316
0.638391322,1,4.271403494,1,0,0
0.5226706078,1,2.283620264,1,0,0
0.4279265003,1,1.58134355,1,0,0
0.3503565859,0.3990222358,1.47106097,5,1,0
0.2868477114,1,4.174035054,1,0,0
0.2348510428,1,4.425890103,5,0,0.6553290599
0.847608831,0.0283980905,4.405983326,3,1,0
0.6939634166,0.1142211671,2.363536002,5,1,0
0.5681691906,1,4.370541917,5,0,0.3638759609
0,0.6196573142,4.771914086,3,1,0.1935427199
0.1935427199,1,2.868727461,1,0,0
0.1584593768,1,1.103498244,1,0,0
0.1297355649,0.05327884873,4.276546538,1,1,0
0.1062184967,0.09350802345,1.706926691,3,1,0
0.08696434983,1,3.106336848,3,0,0.1971705301
0.2683709177,0.2016380732,1.526104652,1,1,0
0.2197235236,1,2.686638565,3,0,0.1193790118
0.2992734177,0.3724649072,3.599944492,5,1,0.05971118787
0.3047355385,1,2.592772467,1,0,0
0.249496357,0.2640352723,4.406991766,3,1,0
0.2042703402,1,4.012999855,5,0,0.5993833374
0.7666257468,1,3.544509691,3,0,0.06573603201
0.693396107,0.01684360205,3.142443331,3,1,0
0.5677047169,0.2293474648,2.147999997,3,1,0
0.4647973104,0.4761799017,2.90663513,1,1,0
0.380543852,0.5699965776,2.592373113,1,1,0
0.3115629545,1,2.616500441,3,0,0.0980851136
0.353171286,0.03264521453,2.143677882,3,1,0
0.2891521929,1,2.980664515,1,0,0
0,0.3554028705,4.216382518,1,1,0
0,1,2.379950567,3,0,0.106992585
0.106992585,0.009692431097,2.669295583,1,1,0
0.08759811967,1,4.941017135,1,0,0
0.07171927449,0.3236705979,3.81167201,3,1,0
0.05871877561,0.4835364743,2.721156066,5,1,0.07430902511
0.1223838925,1,1.42507231,5,0,0.09326257653
0.193462033,0.4450567445,3.608495999,3,1,0
0.158393316,0.600723349,2.242949016,3,1,0
0.1296814789,1,1.011783844,5,0,0.002563924496
0.1087381393,0.4211878984,2.297823049,3,1,0
0.08902725871,1,3.298625329,1,0,0
0.07288935457,1,4.600455511,5,0,0.8345051581
0.8941819143,1,4.488486836,5,0,0.09228624976
0.8243804818,1,2.798439338,1,0,0
0.6749456527,1,3.956729052,5,0,0.240274408
0.7928731706,1,1.105232316,3,0,0
0.649149648,1,2.441931732,5,0,0.1264755639
0.6579543441,0.02102566479,2.904937233,3,1,0
0.5386874557,1,1.551384209,5,0,0.06359011311
0,0.7008759961,2.071356472,3,1,0
0,0.2073662261,3.72421311,5,1,0
0,1,1.941971887,3,0,0.04129578306
0.04129578306,0.02306649015,2.204161318,3,1,0
0.03381012756,0.5616547908,3.054625889,5,1,0.1728623018
0.200543693,0.2454908457,1.17466072,5,1,0
0.1641912888,0.2184511523,2.312829797,3,1,0
0.1344284575,1,1.295758505,1,0,0
0.1100607122,0.6510254051,3.859356155,5,1,0.3365169488
0.4266270386,0.1285336056,3.838351559,3,1,0
0.3492926766,0.8802815853,2.27816603,1,1,0
0.2859766561,1,2.523812554,5,0,0.2720094338
0.5061473169,1,3.814220873,5,0,0.3474526323
0.7618510062,1,4.37991415,3,0,0.09692357373
0.7206744218,1,1.271242498,1,0,0
0.5900383121,1,1.999593938,5,0,0.1024488045
0.5855313161,1,3.311264332,1,0,0
0.4793924954,0.04452252993,2.704694256,1,1,0
0.3924933788,1,4.080018011,5,0,0.4677828338
0.7891292334,0.03430200878,1.178093215,5,1,0
0,0.4738663598,3.497274967,5,1,0.1643102395
0.1643102395,1,2.732661486,5,0,0.3619918655
0.4965177116,1,1.753147344,3,0,0.006531223396
0.4130455434,1,3.39264749,3,0,0.1519608204
0.4901339092,1,1.074739097,3,0,0
0.4012877046,0.6482741655,4.099891191,5,1,0.2481443246
0.5766909092,1,3.238449617,5,0,0.236889018
0.7090436004,1,4.072208669,1,0,0
0.5805158009,1,3.016587887,5,0,0.2114816886
0.6867678275,1,1.963892699,3,0,0.01396511336
0.576243054,1,4.486807259,5,0,0.3693896989
0.8411776084,1,1.519567517,5,0,0.02062973892
0.7093277157,0.1303001179,1.726704328,3,1,0
0.5807484149,0.3021225874,1.554079921,5,1,0
0.4754765871,1,1.956318833,5,0,0.1254029045
0.5146902087,1,2.175847368,5,0,0.1426625602
0.5640552623,0.4256722439,1.204055854,3,1,0
0.4618093897,0.4224945332,4.419508332,3,1,0.01619023553
0.3942877849,0.0682366577,4.954137764,3,1,0
0.3228155351,1,1.437258977,5,0,0.07402624663
0,1,2.664025911,3,0,0.1496038867
0.1496038867,1,2.030009747,1,0,0
0.1224853028,0.1158015761,1.295958815,5,1,0
0.1002824842,1,1.502481529,3,0,0
0.08210435384,1,2.602454206,5,0,0.3677214346
0.4349427941,1,4.885904918,5,0,0.5489396439
0.9050406853,0.4185951886,1.881288373,3,1,0
0.7409846418,0.02561336461,3.146817013,3,1,0
0.6066669138,0.3832175236,4.596006916,5,1,0.07485820788
0.5715550671,0.09962772966,1.131611223,5,1,0
0.4679497105,1,2.871388965,1,0,0
0.3831248189,0.5474646382,4.561074277,5,1,0.2308696818
0.5445457533,1,3.307614647,5,0,0.2627532227
0.7085895773,1,4.92990804,5,0,0.2863040407
0.866448119,0.3498958033,2.436970562,3,1,0
0.709387721,1,2.996916143,5,0,0.1450820878
0.7258796308,0.6897403554,1.82194321,1,1,0
0.5942999768,0.07800286291,4.109654241,5,1,0
0.4865716676,0.1089023653,3.843337948,1,1,0
0.3983711878,1,4.271138614,1,0,0
0,0.03771100193,1.332259313,1,1,0
0,0.5657762768,1.40225806,1,1,0
0,0.8924050637,1.667134049,5,1,0.1219397167
0.1219397167,1,4.87218965,1,0,0
0.0998357961,1,1.250459223,1,0,0
0.08173863653,0.4271951075,1.739210108,5,1,0
0.06692193544,1,1.10620668,3,0,0
0.0547910466,1,2.814440279,5,0,0.4287562993
0.4736154142,1,4.257031235,5,0,0.4286127594
0.8163762641,1,1.516802314,1,0,0
0.6683923535,0.7212515091,4.622332868,3,1,0.08292833529
0.6301617102,0.1685035858,3.202555056,3,1,0
0.5159327716,0.896827891,2.592062839,1,1,0
0.4224100266,0.7562585466,2.267382536,1,1,0
0.3458400792,0.5984426105,4.957278812,3,1,0.1275592424
0.4107091508,1,4.276076282,1,0,0
0.3362602124,1,2.613642379,3,0,0.09428181876
0.3695883957,0.2005357159,4.513259269,3,1,0
0.3025933855,0.214207832,1.830234159,5,1,0
0.2477425104,0.3298505532,4.01239607,5,1,0.06083714381
0,0.8655863019,4.338975104,3,1,0.3133636121
0.3133636121,1,1.978764323,5,0,0.1680137998
0.4245742259,0.7044097896,2.453733196,3,1,0.005331350081
0.3529433258,1,4.015956702,3,0,0.2280185695
0.5169841245,0.3315756817,1.825216765,5,1,0
0.4232708015,1,1.912701921,5,0,0.1315954619
0.478140284,0.3410542383,2.254308185,3,1,0
0.3914681548,0.3046695658,2.875313548,3,1,0
0.3205070172,1,3.184563568,3,0,0.154710044
0.4171189955,1,1.490719454,1,0,0
0.3415081493,0.7506603623,1.236855719,1,1,0
0.2796032243,1,1.382822486,1,0,0
0.2289197584,1,2.390606243,1,0,0
0.1874236462,1,2.984336521,1,0,0
0.153449503,1,3.809077544,1,0,0
0.1256338271,1,2.258266957,5,0,0.275046516
0.3779067939,0.309240455,2.794746197,5,1,0
0.3094039139,1,3.04221815,3,0,0.1424925706
0.39581107,0.126468306,1.723801175,1,1,0
0.3240626954,1,2.831540363,1,0,0
0,0.08137171874,2.154279831,3,1,0
0,0.6908086654,2.288069343,5,1,0.1451545323
0.1451545323,0.4211689075,3.712237641,1,1,0
0.1188424796,0.08693439445,1.254215099,1,1,0
0.09729999279,0.3353627359,3.408916708,1,1,0
0.07966249637,1,3.908999625,1,0,0
0.06522213565,0.05083883283,3.549849109,3,1,0
0.05339936823,0.690458661,1.320244373,1,1,0
0.04371970497,1,2.672436847,1,0,0
0.03579466697,0.7369452692,3.674423391,3,1,0.1505870244
0.179893219,0.5755281836,3.933156537,3,1,0.07343758166
0.2207216923,1,2.428829696,1,0,0
0.1807116374,1,1.020611857,1,0,0
0.147954175,0.4530891052,1.136283061,1,1,0
0.1211346331,1,1.561264072,3,0,0
0.09917664938,0.2516048658,1.957348017,3,1,0
0.08119897283,1,3.400851473,3,0,0.2390056171
0.3054857133,1,2.014502831,3,0,0.03623657783
0.286347126,0.2882162387,2.967568927,5,1,0
0.2344411981,0.3056019103,3.349501232,3,1,0
0,1,3.694025618,5,0,0.6735064045
0.6735064045,0.627359839,3.848290314,1,1,0
0.5514204058,1,4.495729495,5,0,0.3920282296
0.8434930737,0.6476583162,4.895678437,1,1,0
0.6905937194,0.4171026434,2.551510169,3,1,0
0.565410316,0.5271081517,2.941109681,3,1,0
0.4629188138,0.8645895334,1.875600611,1,1,0
0.379005869,1,2.388200384,1,0,0
0.3103037606,0.8069012593,4.708618386,1,1,0
0.2540552316,0.08080164405,4.162418294,5,1,0
0.2080028311,1,1.921759269,3,0,0.03030489286
0.2006032074,0.100261694,1.457407873,5,1,0
0.1642400151,0.5959965108,2.802748678,1,1,0
0.1344683512,0.8152949388,2.080028367,1,1,0
0.1100933745,1,2.615545409,1,0,0
0.09013683138,0.6765252668,3.556574692,1,1,0
0.07379779583,0.2149065944,1.150902519,3,1,0
0.06042052496,0.4120597719,4.948006402,1,1,0
0.0494681419,0.7597396205,1.513017675,1,1,0
0.04050108907,0.4383849773,3.02566854,3,1,0
0,1,2.024940059,3,0,0.05374100891
0.05374100891,0.5819513724,2.27667927,5,1,0.07686381957
0.1208632363,0.1601363926,1.081751681,1,1,0
0.09895444844,0.4600558037,4.274308472,1,1,0
0.08101705009,1,4.094836025,5,0,0.711025385
0.7773565354,0.1013309461,1.503041808,1,1,0
0.6364457016,0.1930958526,3.204086596,5,1,0
0.5210776686,1,4.907241988,5,0,0.4678163606
0.8944386726,0.05305239359,4.454535082,3,1,0
0.732304448,0.2601142642,3.363656299,3,1,0
0.5995601722,0.6710891568,4.514766538,1,1,0
0.4908783513,0.2258470489,3.113199825,5,1,0
0.4018972022,1,2.351881437,5,0,0.2021410174
0.5311866164,0.5292654101,3.340530843,3,1,0.007127892136
0.4420267106,1,4.06655349,5,0,0.4277637345
0.7896645961,1,4.50565605,3,0,0.08957099678
0.7360936862,0.09070228228,3.81739931,5,1,0
0.6026625381,0.02781787507,1.925530456,3,1,0
0.4934183536,0.3155260614,1.106175914,3,1,0
0.4039767803,0.3323987738,2.121580927,5,1,0
0,0.6096742174,1.336228644,1,1,0
0,1,1.649524017,5,0,0.1623810041
0.1623810041,0.8850992334,3.627831217,5,1,0.4629919376
0.5959382594,0.7415410499,2.218774159,3,1,0
0.4879129799,0.1256569254,4.209968646,5,1,0
0.3994693615,1,2.045724032,5,0,0.1569973302
0.4840551813,1,2.02022113,3,0,0.02736218904
0.4236730522,0.4091741095,3.226975913,5,1,0.04616306743
0.3930372245,1,4.58459077,5,0,0.5439282908
0.8657199536,0.6343943951,1.35803323,3,1,0
0.7087915495,0.0910445972,4.227748923,3,1,0
0.5803094391,1,4.726827348,5,0,0.391028565
0.8661457491,0.4214452207,3.974099641,1,1,0
0.7091401614,1,2.406511075,3,0,0.03227865379
0.6128735122,1,2.471871633,1,0,0
0.5017783922,0.007617627811,3.711781827,5,1,0
0.4108214009,1,3.412070755,3,0,0.1542532103
0.4906053253,1,4.686637953,5,0,0.4694884352
0.8711621026,0.4134789479,2.447698573,3,1,0
0.7132472043,0.2734323743,4.023173541,1,1,0
0,1,4.747409098,1,0,0
0,1,1.339169879,3,0,0
0,0.843148359,4.900244881,3,1,0.3697450145
0.3697450145,0.2170740987,4.152578117,5,1,0
0.3027216141,1,4.294753206,3,0,0.274876191
0.5227236862,0.8520531502,2.253431081,1,1,0
0.4279699572,1,3.454289078,3,0,0.1533860586
0.503778224,1,1.916078997,1,0,0
0.4124587247,0.6342839608,4.066434363,5,1,0.2319721789
0.5696648212,0.316874344,4.872901743,3,1,0
0.466402108,0.3610636125,3.784617516,3,1,0
0.3818577491,1,2.924312696,3,0,0.1166106221
0.4292493046,0.3488953345,3.379937208,1,1,0
0.3514396064,1,4.238717239,5,0,0.5251259318
0.8128603455,1,2.617349326,3,0,0.02668656367
0.6922003265,0.4673149635,1.317445564,5,1,0
0.5667256946,0.3655765804,4.764158403,5,1,0.0803360685
0.5443318232,0.05434969698,3.939472569,5,1,0
0.4456612035,1,4.988985245,3,0,0.2762535123
0.6411300451,1,4.374963976,3,0,0.14578898
0,1,2.740567272,5,0,0.4351418181
0.4351418181,1,1.365556058,1,0,0
0.3562639884,0.2737879285,1.745054757,5,1,0
0.2916842835,0.06697056314,1.511415878,1,1,0
0.2388108931,0.09792936588,1.597654078,5,1,0
0.1955218224,1,2.951573917,1,0,0
0.1600797289,0.7791228666,4.885388287,1,1,0
0.131062197,1,3.84037212,5,0,0.6170266773
0.7243313286,1,1.479797836,1,0,0
0.5930323341,0.1790921275,2.092370304,5,1,0
0.4855338095,1,1.294454314,3,0,0
0.3975214615,0.4342925137,2.750187095,3,1,0
0.3254630455,1,4.383842569,3,0,0.2749253337
0.5413919381,1,4.91030974,3,0,0.2231341295
0.6663883587,1,1.217844463,3,0,0
0.5455926428,1,4.535219115,3,0,0.1955237005
0.6422171758,0.2185194436,2.042164511,1,1,0
0.525802952,0.231801181,3.473248435,1,1,0
0.4304910469,1,2.664719551,5,0,0.2370181722
0.5894744312,1,3.06225385,1,0,0
0,0.3014839637,4.440760481,5,1,0.08470451794
0.08470451794,0.9282327028,4.370286684,5,1,0.6994328868
0.7687830805,1,4.837267834,3,0,0.1099644952
0.7393908457,0.7409904466,4.567394587,3,1,0.06714838872
0.6725104127,0.3722155852,2.305561403,1,1,0
0.5506049566,1,4.689346966,3,0,0.2037566316
0.6545538424,1,2.856568184,1,0,0
0.5359033603,0.2672826624,4.962677704,3,1,0
0.4387605618,0.1936239587,1.607484921,3,1,0
0.3592267652,1,3.959924643,5,0,0.474160122
0.768270122,0.08183162562,2.559519475,5,1,0
0.6290063755,0.5952114927,4.162064691,1,1,0
0.5149868635,0.218523894,4.771799017,1,1,0
0.4216355826,0.4691393237,4.44871175,5,1,0.1571800187
0.5023860368,1,3.216815757,3,0,0.1157063749
0.5270252731,0.1798683484,4.688522628,5,1,0
0.4314917988,1,4.062932918,1,0,0
0.3532756053,0.2656023922,4.658053796,1,1,0
0.2892376024,1,2.238352194,5,0,0.2200435436
0.4568512636,1,4.350369265,3,0,0.2186474513
0,0.7636608504,1.66206901,5,1,0.06731425847
0.06731425847,1,2.89888103,3,0,0.1723903151
0.2275025686,1,2.088711801,1,0,0
0.1862633493,1,1.349864753,3,0,0
0.1524995322,1,2.647522042,1,0,0
0.1248560569,0.4245651825,4.794483347,1,1,0
0.1022234935,0.1252813393,1.98751744,1,1,0
0.08369351779,1,2.204331062,1,0,0
0.06852245685,1,3.834044444,3,0,0.3028295591
0.3589310018,0.4744355565,1.346485818,5,1,0
0.2938678494,1,4.275590717,1,0,0
0.2405986457,0.5097936019,3.046924858,5,1,0.1050447235
0.3020302339,0.3343419676,1.371087092,1,1,0
0.2472814408,0.4737900497,4.765823851,1,1,0
0.2024569203,0.5116268263,1.19122336,3,1,0
0.1657577068,0.1808604009,4.384345691,5,1,0
0.1357109321,1,4.348748942,5,0,0.7235717754
0.8346824891,1,3.608299944,5,0,0.1077994136
0.7911796365,0.1141455874,4.460143754,5,1,0
0.6477630996,0.3385669178,3.097699423,5,1,0.004295400946
0,1,2.41377338,3,0,0.1120660071
0.1120660071,1,2.98455148,1,0,0
0.09175188635,1,2.761126695,3,0,0.1491061884
0.2242262794,0.4442826766,4.173324983,1,1,0
0.1835809506,0.8586568472,3.013718734,3,1,0.1127985246
0.2631018946,0.3210434934,4.622790042,5,1,0.0891861632
0.3045957755,1,1.243975557,1,0,0
0.2493819286,1,2.727545348,5,0,0.3241816893
0.5283583436,0.1637438077,4.384598788,5,1,0
0.4325832245,0.3156542269,3.150838156,3,1,0
0.3541691892,1,1.496862069,3,0,0
0.289969207,0.04675128627,2.846787913,5,1,0
0.2374067072,0.09044135639,4.040425198,1,1,0
0.1943721722,0.2896171307,3.71437024,1,1,0
0.1591384749,1,2.092291045,3,0,0.05368367462
0.183975238,0.5554269668,3.510040451,3,1,0.03462855602
0.1852547412,1,3.312233785,1,0,0
0.1516737538,1,2.905828729,5,0,0.4041911328
0.5283710995,1,4.573126349,1,0,0
0.4325936682,0.04496091779,2.511080782,1,1,0
0,0.6309762623,1.454641059,3,1,0
0,0.9170935058,1.641634336,5,1,0.1263830471
0.1263830471,1,1.676523927,1,0,0
0.1034736873,0.1717770354,4.646229534,3,1,0
0.08471708996,1,1.178378572,3,0,0
0.06936048686,1,3.64460399,3,0,0.2761119942
0.3328995578,0.2300378313,4.388704206,3,1,0
0.2725551057,0.9003702277,3.519363925,1,1,0
0.2231492469,0.140055907,4.441533239,1,1,0
0.182699151,1,2.20052382,3,0,0.06544828568
0.2150296992,0.0587568203,1.641963694,1,1,0
0.1760514275,1,2.96900796,3,0,0.1609593374
0.3050980552,1,3.510106655,5,0,0.4360694991
0.6858626596,0.2281348069,2.493416075,5,1,0
0.5615368518,1,2.910618629,5,0,0.2094339648
0.6691814543,1,4.167212486,1,0,0
0.5478794361,0.43942915,1.227636089,5,1,0
0.4485657433,1,1.640364827,3,0,0
0.3672545688,0.03499004039,4.244463266,5,1,0
0.3006826097,0.4875561765,3.792288926,3,1,0.01912149369
0,0.1287555771,3.361939351,3,1,0
0,1,4.067267071,1,0,0
0,0.3385243737,1.133491216,5,1,0
0,0.0664128703,1.228647096,3,1,0
0,0.4840514235,3.201077796,1,1,0
0,0.1784357907,2.612905921,1,1,0
0,1,4.832835312,3,0,0.4749252968
0.4749252968,1,1.516168759,5,0,0.06775678947
0.4565927353,1,1.020061886,1,0,0
0.3738265141,0.6991117206,4.288190537,3,1,0.1250397316
0.431102995,1,3.112690341,3,0,0.1233957807
0.4763530604,1,2.466170709,3,0,0.06279867673
0.4528035766,1,1.73331802,5,0,0.1003172494
0.4710414627,1,3.45700439,3,0,0.1420521635
0.527708295,0.2530163816,1.528146554,3,1,0
0.4320510098,1,2.069504519,1,0,0
0.3537334486,0.6052577969,1.759465641,3,1,0
0.2896124527,0.339108347,1.361984017,5,1,0
0.2371146215,0.04331422639,2.948406672,5,1,0
0.1941330327,0.2945922261,4.209671015,3,1,0
0,0.5388486021,1.153610884,1,1,0
0,0.3594778873,1.957727484,1,1,0
0,1,1.133577647,3,0,0
0,1,2.269594655,1,0,0
0,1,1.830350614,1,0,0
0,1,1.270148253,1,0,0
0,0.6585702686,1.040677004,5,1,0
0,1,4.482214163,1,0,0
0,0.6391106814,2.363711081,1,1,0
0,0.1718494937,3.555480762,5,1,0
0,1,3.395346062,5,0,0.5988365156
0.5988365156,0.5239172787,4.424837959,3,1,0.03920865961
0.529494531,1,4.161702442,3,0,0.1760891967
0.6096026528,0.1860924416,2.909664351,3,1,0
0.499100439,1,2.436383982,3,0,0.05783265978
0.466461538,0.5563487425,4.434172214,3,1,0.06404698153
0.4459533879,1,1.754316247,3,0,0.007284292923
0.372400046,0.3899873043,4.404028734,5,1,0.1125781414
0.4174735115,0.7735207134,4.058757286,1,1,0
0.3417984025,0.06343980456,1.814205413,3,1,0
0,0.3342370695,2.585356058,5,1,0
0,1,1.203444563,3,0,0
0,1,1.337390468,1,0,0
0,1,1.947137145,3,0,0.04207057171
0.04207057171,1,3.672306201,5,0,0.6399701879
0.6744146587,0.2931454809,1.609831913,1,1,0
0.5521640214,1,2.292888586,5,0,0.1447505063
0.5968241714,0.2793363257,4.831871287,1,1,0
0.4886383033,1,1.433118152,5,0,0.05537000831
0.4554332144,0.1575379153,4.934239391,3,1,0
0.3728771786,0.6591303983,4.53461591,3,1,0.124380705
0.4296667182,1,2.035041685,3,0,0.03151447994
0.3832958357,1,3.098128963,1,0,0
0.3138160882,0.2385959368,4.813601324,3,1,0
0.2569308822,0.1968156198,1.798558693,3,1,0
0.2103572147,1,4.26109057,5,0,0.6437741603
0.8160000811,1,3.772779998,5,0,0.1275478237
0.7956321846,0.6486793043,4.284645154,3,1,0.03410982541
0.6855183631,1,3.999233933,3,0,0.1100324358
0.6712874015,1,1.083297178,1,0,0
0,0.4259542854,4.817755573,3,1,0.05782154479
0.05782154479,0.01796712232,2.592513411,1,1,0
0.04734027691,0.545968932,2.119308331,5,1,0.0374101152
0.07616905576,0.4409824948,3.992832301,1,1,0
0.06236194838,0.2694230842,3.663363589,5,1,0
0.05105764496,0.3881948963,1.939755113,3,1,0
0.04180246411,0.2598726981,4.513858231,5,1,0.04144887475
0.07567383767,0.7488943788,3.326357451,1,1,0
0.06195649811,0.6312212977,4.451604035,5,1,0.4244523202
0.4751780106,1,1.662724042,5,0,0.08695303757
0.475995888,0.4951697058,1.601587761,5,1,0
0.3897124719,1,1.797706526,3,0,0.0119957988
0.3310653844,0.2336701671,2.620906004,1,1,0
0.2710534115,0.511024167,2.3038098,5,1,0.03231101022
0.2542307739,1,4.936224857,3,0,0.3657503822
0.5738969352,1,2.13210492,5,0,0.120598344
0.5904654139,1,4.758003651,3,0,0.1899014119
0.6733336049,0.4234195337,2.572000344,5,1,0.007271200858
0.5585501302,0.1641857472,2.274795536,5,1,0
0.4573021688,1,1.118157899,5,0,0.01603100888
0,1,3.942533586,5,0,0.7356333965
0.7356333965,0.8296152535,2.536087183,3,1,0.01734152171
0.6196272064,0.2380678383,3.880916734,3,1,0
0.5073078493,1,2.522931943,1,0,0
0.4153485375,1,2.746753987,1,0,0
0.3400586209,0.2519538927,3.540182213,5,1,0
0.2784164508,1,2.229318114,5,0,0.2217639319
0.4497120423,1,2.858568408,3,0,0.0983833762
0.4665764553,0.4661373875,2.611608371,5,1,0.02898734267
0.4109878353,1,2.094833716,1,0,0
0.3364883799,0.4116744517,1.567993202,5,1,0
0.2754933847,0.7899324644,3.767807426,1,1,0
0.2255549063,1,2.40460251,1,0,0
0.1846687383,1,2.253657485,3,0,0.07178879468
0.2229827699,1,2.212810945,5,0,0.2355937504
0.4181566015,0.5353071814,3.150623547,1,1,0
0.3423576692,0.3216392749,4.66657144,5,1,0.0823619178
0.3626606701,1,4.402759426,3,0,0.2615729289
0.5584943725,0.2046832344,1.062992762,1,1,0
0.4572565182,0.4507604649,4.870459055,3,1,0.04304583126
0,0.1718778831,1.04209925,5,1,0
0,0.4152282134,1.937303799,1,1,0
0,1,2.898591117,1,0,0
0,0.6922270729,2.641278746,3,1,0.02425469826
0.02425469826,0.7583791846,2.85171347,3,1,0.07259742184
0.09245548922,1,1.797278561,3,0,0.0177804161
0.09347656841,0.2006724702,3.906264765,5,1,0
0.07653214125,1,2.401990367,5,0,0.3236732604
0.3863324781,0.2854813811,1.036574508,3,1,0
0.3163022807,0.1596938428,2.732919783,5,1,0
0.2589664045,0.3164859259,1.360035722,3,1,0
0.2120237594,1,4.986806711,3,0,0.3924287206
0.5660190928,0.4494858824,3.191340233,5,1,0.04713709452
0.5105543326,1,2.746406839,1,0,0
0.4180065332,0.213360718,4.131961592,3,1,0
0.3422348038,0.0328755322,4.143813739,3,1,0
0.2801981586,1,2.691755765,5,0,0.3044322287
0.5338390781,1,3.36842903,1,0,0
0.4370704704,0.8301157484,4.883419819,1,1,0
0.3578430354,0.3112820992,2.74591634,1,1,0
0,1,2.002023278,3,0,0.05030349174
0.05030349174,1,1.165156248,1,0,0
0.04118501568,0.7188668165,3.03918782,5,1,0.2839941124
0.3177135513,0.286912966,2.935833028,3,1,0
0.2601218551,1,4.279107852,5,0,0.6065350585
0.8195048209,0.1300543876,1.635648299,1,1,0
0.6709537991,0.5439998632,1.099976941,1,1,0
0.5493305092,0.6589854418,3.340797396,5,1,0.1353739998
0.5851277814,0.4692245521,1.640360164,3,1,0
0.4790621091,1,3.791132817,3,0,0.1660072373
0.5582301187,0.04330308578,4.461104613,5,1,0
0.4570401655,0.1786203,3.446024749,1,1,0
0.3741928389,1,1.902485093,3,0,0.02213652903
0.3284997138,0.3767007457,3.331262342,3,1,0
0.268952818,0.4533754181,4.751948308,5,1,0.2109832416
0.4311831849,1,3.821267022,1,0,0
0.3530229337,0.4310990624,2.568123495,3,1,0
0.2890307323,1,3.164980659,3,0,0.1597882803
0.3964266294,1,4.710330792,1,0,0
0.3245666729,1,1.566948786,1,0,0
0,0.1158614533,3.183117361,5,1,0
0,1,1.97750429,5,0,0.2443760725
0.2443760725,1,3.329278932,1,0,0
0.2000782058,1,4.179951145,3,0,0.3015646544
0.4653748345,0.5769831671,1.187167152,1,1,0
0.3810166887,1,4.012960478,3,0,0.2178475069
0.5297975874,1,4.359226097,1,0,0
0.4337615777,1,4.113104669,1,0,0
0.3551339432,1,4.505139565,1,0,0
0.2907590807,0.06076931966,1.517423044,3,1,0
0.2380534011,0.2742399695,3.577916413,1,1,0
0.1949016404,0.4976703647,4.684768834,1,1,0
0.1595719668,1,1.567269103,3,0,0
0.1306464766,0.1869726338,3.910174438,1,1,0
0.1069642881,0.903681565,2.970529731,1,1,0
0.08757495218,0.3198131951,2.06253019,5,1,0
0.07170030655,0.7303949753,2.80959586,1,1,0
0.05870324598,0.1631919194,3.860573008,3,1,0
0.04806215279,1,3.741659731,5,0,0.6524724155
0.691822378,0.6602795695,4.328955444,3,1,0.05508617226
0,1,2.882769568,1,0,0
0,0.843839965,1.271082112,1,1,0
0,1,2.154297177,1,0,0
0,0.3370180059,2.160954237,1,1,0
0,0.3544293003,1.136768407,3,1,0
0,0.2031790462,3.54142901,5,1,0
0,1,3.949950105,1,0,0
0,0.2766969732,2.045850427,3,1,0
0,1,4.78383012,1,0,0
0,1,3.755179308,3,0,0.3132768961
0.3132768961,0.06997018629,1.675762742,5,1,0
0.2564894291,0.6247225797,1.101408609,3,1,0
0.2099957834,1,3.750666686,3,0,0.2469553204
0.4188853263,1,1.327970739,5,0,0.0476471523
0.390601451,1,3.581246012,3,0,0.1750112813
0.4948087014,1,3.969386868,3,0,0.1744971313
0.5796122321,0.2385423883,2.629465423,5,1,0
0.4745463593,1,1.249708064,1,0,0
0.3885256981,0.146838309,2.119976505,3,1,0
0.3180979374,1,4.34082571,3,0,0.2735271851
0,0.863378902,3.465416777,5,1,0.497991933
0.497991933,0.07893290359,1.475211257,5,1,0
0.4077213104,0.2943341145,4.567474506,3,1,0
0.3338139755,1,1.990018107,3,0,0.03231183155
0.3056155991,0.05220853853,1.805991512,3,1,0
0.2502168896,1,2.52663942,3,0,0.0967189569
0.3015792194,1,2.472508778,5,0,0.2571076826
0.504019864,1,2.439419221,5,0,0.1784808353
0.5911373981,1,2.778630244,5,0,0.1818038473
0.6657862144,1,3.269245553,5,0,0.1896032867
0.7347029354,1,1.929923162,5,0,0.06167647129
0.6632003589,0.7151248431,4.499679292,3,1,0.07836481177
0.621347341,1,4.211833408,3,0,0.1445601231
0.6532762996,1,4.529131772,5,0,0.3059084069
0.8407658036,1,1.971158875,3,0,0.007272835819
0.6956336553,1,4.582391264,3,0,0.1331172657
0.7026539322,0.2183594554,2.869506639,5,1,0
0.575284383,0.5153162369,4.325271595,3,1,0.03581728826
0.5068203044,0.07613673471,1.064711737,5,1,0
0.4149493695,0.09968783868,4.123054848,5,1,0
0,1,4.167457239,5,0,0.7918643098
0.7918643098,0.351913903,2.792783914,3,1,0
0.6483236627,1,2.556706756,3,0,0.0469509058
0.5777534264,0.5155839435,1.044910462,1,1,0
0.4730244979,1,4.551250893,5,0,0.4678555556
0.855135259,1,3.324035377,3,0,0.03601414335
0.7361396779,0.1533263242,2.439478305,1,1,0
0.6027001929,1,3.739056748,3,0,0.123504027
0.6169532098,0.7927839144,1.690901843,1,1,0
0.505118566,0.2630200333,1.929931777,5,1,0
0.413556104,1,2.009483048,3,0,0.03015638613
0.3687474866,0.5129839137,1.581899699,5,1,0
0.3019049074,1,4.133100593,1,0,0
0.2471788322,0.01197087439,1.793189499,5,1,0
0.2023729114,1,4.32681101,1,0,0
0.1656889262,1,4.226573286,5,0,0.6729914557
0.808646075,1,4.190540066,1,0,0
0.6620634099,1,4.276922976,5,0,0.2768480441
0.8188997183,1,2.633906713,5,0,0.07397524153
0.7444336246,0.638458186,1.24521364,3,1,0
0,1,4.907424898,1,0,0
0,0.9228790786,2.793044104,1,1,0
0,1,1.441501856,3,0,0
0,0.2771483701,1.312842787,3,1,0
0,1,2.811817349,1,0,0
0,1,4.545836407,3,0,0.4318754611
0.4318754611,1,4.01396063,5,0,0.4280762484
0.7816659698,1,1.649658603,5,0,0.03546064525
0.6754346134,0.07107177982,3.883641428,1,1,0
0.5529990897,1,4.453986166,5,0,0.3859837401
0.8387411013,1,4.431551307,3,0,0.06687933782
0.7535824713,0.3244300963,2.959879472,5,1,0
0.6169811442,0.7482366458,1.221853805,1,1,0
0.5051414369,0.4820992872,3.917863619,1,1,0
0.413574829,0.2889681302,1.177711492,3,1,0
0.3386064312,1,4.232764296,5,0,0.5345323787
0.8117598771,0.6573121656,1.691226341,1,1,0
0.6646127755,0.2589776872,4.849088689,5,1,0.02144849714
0.5655874153,1,2.017446601,1,0,0
0.4630638105,1,2.763559987,1,0,0
0,1,1.908784876,3,0,0.03631773135
0.03631773135,1,2.077053544,3,0,0.05932238356
0.0890568271,0.3060196067,2.772002219,5,1,0
0.07291356312,0.742535612,1.094541315,3,1,0
0.05969657644,0.9790062824,1.961942557,1,1,0
0.04887542299,1,3.941783579,3,0,0.3245879417
0.3646037536,1,3.151307141,1,0,0
0.2985123057,0.6261984672,4.38398358,5,1,0.306066762
0.5504679669,0.8158726137,3.237282809,1,1,0
0.4506850531,0.8301636261,2.852771664,1,1,0
0.3689897129,0.4448241694,1.020601486,3,1,0
0.3021032255,0.7256529806,4.781087706,3,1,0.1887193706
0.4360605719,0.03739281924,1.886051415,1,1,0
0.3570162004,1,3.814272573,3,0,0.2071313708
0.4994315135,1,4.316782389,3,0,0.1989846624
0.6078846016,0.700430171,2.499188188,3,1,0.004931251687
0.5026250693,0.3286763568,3.693562819,3,1,0
0.4115146015,1,2.178605402,3,0,0.04519027058
0.3821099302,0.4029149786,2.800334388,5,1,0.01981830956
0.3326634605,1,1.318624058,3,0,0
0,0.5576036836,3.353810334,5,1,0.2175242491
0.2175242491,0.3155140287,4.927109562,5,1,0.1084848223
0.2865786145,1,1.998510597,1,0,0
0.2346307249,1,1.387629016,3,0,0
0.1920993901,0.2594110019,3.244650267,5,1,0
0.1572776783,0.4469084457,3.369724134,3,1,0
0.128768072,1,1.772805976,5,0,0.1683233101
0.2737496906,0.560466493,2.520626164,5,1,0.07493568824
0.2990629786,1,3.434292498,3,0,0.1858491577
0.4307012154,0.4322233756,4.201585802,5,1,0.1161403106
0.4687686411,0.2539083461,3.328814783,5,1,0
0.3837953025,0.09779473008,4.616429909,5,1,0
0.3142250171,1,3.422079729,5,0,0.4152504212
0.6725161061,1,3.172819264,5,0,0.1778908283
0.7285004463,1,1.802856819,3,0,0.005546334851
0.6019920539,1,2.023005574,5,0,0.1017910868
0.5946604945,1,3.817777064,5,0,0.2855390905
0.7724059249,1,2.826593426,1,0,0
0.6323924846,0.2689936339,1.09905189,3,1,0
0.5177591751,0.5182427949,1.14593486,3,1,0
0,0.0853779829,1.613166533,3,1,0
0,0.7860399625,3.469794598,5,1,0.431849304
0.431849304,0.009674394456,3.152906241,3,1,0
0.3535683059,1,1.991622195,1,0,0
0.2894772453,0.2249497735,1.234046983,5,1,0
0.2370039231,1,1.713828193,1,0,0
0.1940424004,0.1378986572,1.96235959,5,1,0
0.1588684806,1,4.589330479,3,0,0.368751698
0.4988222088,0.8236702569,3.584266523,3,1,0.09664615254
0.5050472352,1,2.540871065,1,0,0
0.4134977032,1,4.368644004,1,0,0
0.338543286,1,1.810238937,1,0,0
0.2771757995,0.7411209007,1.637897479,3,1,0
0.226932351,1,4.28659904,5,0,0.6351908483
0.8209873429,0.4010427012,4.488446115,3,1,0.003581825438
0.675749411,1,2.742812329,5,0,0.141276981
0.6945338052,1,2.604079248,5,0,0.122497996
0.6911341814,0.05650760248,4.217819696,5,1,0
0.5658528088,1,4.037685762,1,0,0
0.4632810963,0.3726076363,2.983485137,5,1,0.01498376212
0,1,4.09594014,1,0,0
0,0.3332985848,4.662207641,3,1,0
0,1,4.026999717,3,0,0.3540499575
0.3540499575,1,3.551363869,3,0,0.1826130357
0.472484624,0.2693857478,2.487858816,5,1,0
0.3868376921,0.0268370763,3.837772262,5,1,0
0.3167159149,1,1.425985789,3,0,0
0.2593050595,1,2.959101167,3,0,0.1435949543
0.355895981,0.001280361957,3.8621723,1,1,0
0.2913829845,0.2152156637,1.14496491,1,1,0
0.2385642103,0.1818337424,1.278662997,1,1,0
0.1953198556,0.1847029163,4.117408423,5,1,0
0.1599143725,1,1.917303766,1,0,0
0.1309268146,0.3618649665,1.096126171,5,1,0
0.1071938095,1,2.03217373,3,0,0.04894904536
0.1367119137,0.2707640658,3.402631973,3,1,0
0.1119302481,1,1.283164186,5,0,0.06286738711
0.1545081234,0.6742620238,3.951988155,1,1,0
0.1265005522,1,4.321281782,3,0,0.3478207256
0.451390618,1,1.234150348,5,0,0.0321142694
0,0.2426951153,4.412160814,3,1,0
0,1,3.692224983,3,0,0.3038337474
0.3038337474,1,4.02262081,1,0,0
0.2487580328,1,3.283188639,5,0,0.4288067812
0.6324726328,0.04178037695,1.787633774,1,1,0
0.5178247949,0.5494141328,3.921865934,3,1,0.03529970236
0.4592587867,1,4.543559143,3,0,0.2333481492
0.6093574415,0.03058109306,3.696214073,5,1,0
0.498899677,0.4016413828,2.557735948,5,1,0.003419083035
0.4118835913,1,4.529865798,1,0,0
0.3372217629,1,2.944583792,5,0,0.3222069544
0.5983007822,1,3.004262967,1,0,0
0.48984725,0.1684350265,4.524775759,1,1,0
0.4010530079,1,3.781394096,1,0,0
0.3283544312,1,2.594117306,3,0,0.09343771682
0.3622715875,1,4.985572979,1,0,0
0.2966028897,1,4.340073751,5,0,0.5873495562
0.8301874634,1,2.4144839,1,0,0
0.6797000071,1,4.374644939,5,0,0.2702246875
0.8267159862,0.06113291842,3.953946614,1,1,0
0,0.8059618057,3.765973005,5,1,0.5088076009
0.5088076009,0.6992970967,1.980448466,5,1,0.04726767331
0.4638441035,1,2.304294284,5,0,0.1748262678
0.5545897,1,4.265912793,5,0,0.3636677992
0.817727442,1,4.461771568,1,0,0
0.6694986044,1,3.253950496,5,0,0.1862334461
0.7343725427,1,3.106501908,1,0,0
0.6012533849,1,3.364399245,5,0,0.2356990489
0.7279636856,1,3.806148996,3,0,0.08730253316
0.6833087896,1,1.696756052,3,0,0.001429356558
0.5608752765,0.2195134993,3.17370925,3,1,0
0.4592058375,1,3.227553742,3,0,0.1266177928
0.502583734,0.6185951864,3.27451327,3,1,0.02678075348
0.4382615125,1,3.588323029,3,0,0.1619202508
0.520738429,1,2.441692645,5,0,0.1727369705
0.5990815366,1,2.014370384,3,0,0.02091012599
0.5113966036,1,4.396656192,1,0,0
0.4186961264,1,2.059291859,3,0,0.03423518174
0.3770345766,1,2.931963509,3,0,0.1182354275
0.4269252303,1,3.302723352,3,0,0.1406374212
0,1,1.679967241,1,0,0
0,1,3.667452816,5,0,0.6668632041
0.6668632041,0.5837266104,3.664859029,3,1,0.02361652078
0.5695979341,0.1245580173,2.471377355,3,1,0
0.4663473455,1,4.678811943,1,0,0
0.3818129134,1,1.111509662,1,0,0
0.3126019741,0.5737186542,1.93560349,1,1,0
0.2559368497,1,2.10389875,1,0,0
0.2095433697,0.4763490241,2.794636577,1,1,0
0.1715596009,0.5001639754,3.473285379,5,1,0.152684097
0.2931452182,1,1.914689219,1,0,0
0.2400070053,1,4.308189477,5,0,0.6285502069
0.8250513231,0.2987332503,2.028876386,5,1,0
0.6754948911,0.6309387665,4.286798742,3,1,0.05052743355
0.6035758744,0.0883418247,4.01508572,3,1,0
0.4941661302,0.4073937717,3.236103726,1,1,0
0.4045890079,0.04936595742,4.953685732,1,1,0
0.3312494631,1,3.962155201,5,0,0.4952357203
0.7664398427,1,2.053331258,1,0,0
0.6275078696,0.4080189304,3.29082745,3,1,0
0,1,3.888790824,5,0,0.722197706
0.722197706,0.05303515422,4.510461773,5,1,0
0.5912854717,1,4.140637922,1,0,0
0.4841035996,1,4.392890158,1,0,0
0.3963505046,1,2.184120845,5,0,0.1786984876
0.5032028348,0.8152014242,4.44614186,3,1,0.1458969952
0.5578846311,0.2333830929,4.160397049,5,1,0
0.4567573041,0.3966244704,4.628963241,5,1,0.1135323038
0.4874935554,0.5979966496,3.37556327,5,1,0.1305066304
0.5296325961,0.2665852161,3.160370156,3,1,0
0.4336264942,1,3.422026582,3,0,0.1491284023
0.5041517485,1,2.625489992,3,0,0.07131463037
0.4840791711,1,4.059625768,3,0,0.1851866165
0.5815171208,1,3.893173883,3,0,0.1397632726
0.6158692228,1,2.443467357,1,0,0
0.5042310726,1,3.495114959,3,0,0.1359731773
0.548802663,0.2900401464,1.021766754,5,1,0
0.4493216176,0.4942894048,1.173242241,1,1,0
0.3678734264,0.3673829038,4.382992609,3,1,0
0.3011892874,1,3.962152048,5,0,0.5174958958
0,0.1795314032,2.920902994,5,1,0
0,1,2.700259654,3,0,0.155038948
0.155038948,1,4.362934506,5,0,0.7103871695
0.8373223242,0.6269379875,1.311040827,3,1,0
0.6855415371,0.4512986871,4.342182565,1,1,0
0.5612739389,1,3.679946736,5,0,0.2939406189
0.7534728536,0.4638932846,4.858891306,1,1,0
0.6168913968,1,4.279835543,5,0,0.3141333034
0.8192012612,1,2.143275816,1,0,0
0.6707052655,1,4.815694364,1,0,0
0.5491270272,1,1.659981445,1,0,0
0.4495871845,0.1963571672,4.125363587,1,1,0
0.3680908541,1,4.513026948,5,0,0.5549784646
0.8563457667,1,4.553311829,1,0,0
0.7011166145,1,1.430685751,5,0,0.03218120386
0.6062069377,1,1.431452799,5,0,0.04247577978
0.5387960424,0.4710356702,2.345019956,3,1,0
0.4411288895,0.6289471236,4.197552272,1,1,0
0.3611657879,1,1.808644839,3,0,0.01360507704
0.3093026146,1,4.024446612,3,0,0.2442768666
0,0.7750685969,4.578664887,1,1,0
0,1,4.694725436,1,0,0
0,0.7852977704,1.618604417,1,1,0
0,1,1.282540958,5,0,0.07063523955
0.07063523955,1,4.080950642,3,0,0.3365625672
0.3943938101,1,4.478637268,1,0,0
0.3229023411,0.2578985764,3.802139018,5,1,0
0.2643700769,0.2052710948,3.806082313,3,1,0
0.2164479122,1,4.17927184,5,0,0.622781272
0.7999938341,1,1.972362607,1,0,0
0.6549795543,0.1725100057,4.962035683,1,1,0
0.5362519037,1,3.082566491,5,0,0.2414465614
0.6804924864,0.6473791534,3.263994612,1,1,0
0.5571401258,1,4.686688074,1,0,0
0.4561477548,0.3125616631,4.165238131,3,1,0
0.3734621948,0.2234964868,2.864158567,3,1,0
0.305764984,0.171173504,3.960117468,3,1,0
0.2503391956,1,3.509671318,5,0,0.4703505548
0.6753109529,1,3.872993717,5,0,0.2332073981
0.7861052431,1,1.338679486,1,0,0
0,0.04822115177,1.204634082,1,1,0
0,1,4.592833676,1,0,0
0,1,1.463755543,5,0,0.1159388857
0.1159388857,1,2.069954449,3,0,0.05347965689
0.1484023881,0.8962319154,4.204474759,1,1,0
0.1215015989,0.2909687148,1.393252967,1,1,0
0.09947709561,0.05518214205,1.334833422,5,1,0
0.0814449574,0.0215499451,4.881227183,1,1,0
0.06668149131,1,1.530176503,3,0,0
0.05459418759,0.6272990741,4.989385818,3,1,0.2074934755
0.2521914158,1,4.291527323,3,0,0.2944339997
0.5009108675,0.679367607,2.674187752,1,1,0
0.4101111318,0.2791635089,3.364053969,1,1,0
0.3357705958,1,2.354749394,3,0,0.068556717
0.3434624297,0.6312997394,4.884250584,1,1,0
0.2812032537,0.8257539788,1.211663005,1,1,0
0.2302297517,0.08669780011,2.534405765,1,1,0
0.188496178,0.5125669211,1.184629671,3,1,0
0.1543276178,0.2505172278,3.210307835,3,1,0
0.1263527667,0.394922345,3.170520327,1,1,0
0,0.5372975403,4.209816086,3,1,0.08928857415
0.08928857415,1,1.295072507,1,0,0
0.07310330156,1,1.382908429,5,0,0.0887291396
0.1485810607,0.9374675252,4.969217641,1,1,0
0.1216478838,1,2.196191574,3,0,0.06976639847
0.1693632619,1,3.546502459,1,0,0
0.138662911,0.6753345282,2.96358815,3,1,0.04324946718
0.1567770567,0.7978043169,3.665058559,1,1,0
0.1283581977,1,4.097254901,3,0,0.3177903464
0.4228811503,0.05128651756,2.059696165,1,1,0
0.3462258026,1,1.564441011,3,0,0
0.2834657121,1,2.392727711,5,0,0.2494842897
0.4815663857,1,2.408933443,5,0,0.1826096143
0.5768828239,1,2.806780927,3,0,0.07236028894
0.5446719978,0.1198074465,3.16536736,5,1,0
0.4459397149,1,4.813127555,3,0,0.2614993525
0.6266039111,1,4.663562689,5,0,0.3419899949
0.8550098869,1,1.529875089,3,0,0
0.7000228886,0.02520174865,3.961376323,5,1,0
0.5731302668,0.01732523379,2.078618614,3,1,0
0,1,3.910347458,5,0,0.7275868646
0.7275868646,0.3355764496,4.978566912,3,1,0.0001643934908
0.5958621351,0.1957729964,4.43625004,5,1,0
0.4878506546,0.4939012817,4.3606981,5,1,0.1477236377
0.5471419715,1,3.38881799,1,0,0
0.4479619584,0.6689815154,4.772897659,1,1,0
0.3667602316,1,3.374543182,5,0,0.3759137937
0.6761916743,0.6521356981,2.459133911,5,1,0.04886988186
0.6024888006,1,3.03661072,3,0,0.08168521555
0.574961325,0.4059891109,1.637776506,3,1,0
0.4707385186,1,4.380052168,1,0,0
0.3854081018,1,4.883814465,1,0,0
0.3155454654,0.4762652457,1.883701187,1,1,0
0.2583467766,1,2.794346434,3,0,0.1254521002
0.3369685511,0.1900613622,1.019146374,5,1,0
0.2758865156,0.2319903333,3.339950693,5,1,0
0.2258767747,1,4.159593983,5,0,0.6114787713
0.7964110331,1,4.470702981,5,0,0.1766492086
0.8286954135,1,1.95133558,5,0,0.04074203705
0.719220457,0.1604376061,2.905324859,3,1,0
0,0.3263674151,1.378255312,5,1,0
0,0.07491407419,3.259272883,3,1,0
0,1,4.53917985,1,0,0
0,1,3.423469362,1,0,0
0,1,3.705360476,5,0,0.676340119
0.676340119,1,1.110677752,3,0,0
0.553740455,1,1.33993071,3,0,0
0.4533643397,0.4820119209,4.673949116,3,1,0.0480683405
0.4192516678,1,1.36112168,3,0,0
0.3432542337,0.006559329034,3.334253621,3,1,0
0.2810327972,0.1269180137,1.165214827,5,1,0
0.2300901937,0.1562445383,2.715735707,1,1,0
0.1883819176,1,2.314809775,1,0,0
0.1542340693,0.4385910714,3.367108663,5,1,0.1008118727
0.2270880484,0.388724244,4.180250028,5,1,0.120760639
0.3066846078,0.5606358122,1.694516736,3,1,0
0.2510921199,1,1.009476847,3,0,0
0.2055768404,0.6258274857,1.026771137,3,1,0
0.1683120814,1,3.655529195,3,0,0.2481169404
0.3859192176,1,1.214798039,5,0,0.032975837
0,1,3.508821235,1,0,0
0,0.1097686651,3.28163833,5,1,0
0,0.49791946,3.496359564,3,1,0.01113581987
0.01113581987,0.3719952624,3.875720296,3,1,0
0.009117238188,1,4.000602906,1,0,0
0.007464563287,1,4.961010399,5,0,0.9828607965
0.988972264,0.2940174116,3.804486176,1,1,0
0.8097020065,1,2.136584376,5,0,0.05407243156
0.7170003651,1,4.307181619,3,0,0.1120897151
0.699119964,1,4.738309804,3,0,0.1386294147
0.7110204293,0.692691385,4.2633841,3,1,0.05576768662
0.6379019781,1,2.92733314,3,0,0.06847272544
0.5907426924,0.2757012418,2.149457023,5,1,0
0.4836592094,0.2026116966,4.978699558,5,1,0.001128561466
0.3971152302,1,4.165889673,3,0,0.226011523
0.5511419745,1,3.094041439,5,0,0.2349818264
0.6862187103,1,2.627479757,3,0,0.04522277562
0.607051137,1,2.280953401,5,0,0.1258372956
0.6228487302,1,2.130110191,3,0,0.02621824706
0.536163657,1,4.89609582,3,0,0.2246889913
0,0.05061179256,4.666193347,3,1,0
0,0.5290640675,2.273001745,1,1,0
0,1,4.982755847,5,0,0.9956889617
0.9956889617,1,2.704557553,1,0,0
0.8152011734,1,2.759141769,1,0,0
0.6674302706,1,4.45719882,3,0,0.1392069784
0.6856526666,1,2.826941556,5,0,0.1435735516
0.7049384757,0.4389941968,1.666892302,5,1,0
0.577154809,0.3386785756,2.373491227,5,1,0
0.4725343915,0.5066761794,2.636991493,1,1,0
0.3868784382,1,1.004000797,1,0,0
0.316749275,1,3.743588567,1,0,0
0.2593323725,0.2701262113,1.351184565,3,1,0
0.2123233886,1,3.908584263,5,0,0.572755949
0.7465916369,0.1834939582,1.512417995,5,1,0
0.6112575331,1,1.163136816,5,0,0.0158545521
0.5163098925,0.2216971527,1.014298286,5,1,0
0.4227187871,0.4295124643,2.458118082,1,1,0
0.3460928709,0.3504542066,4.875937764,5,1,0.1158711827
0.3992280596,1,4.676745815,5,0,0.5522214295
0,1,1.866071681,1,0,0
0,1,1.944092404,3,0,0.04161386056
0.04161386056,0.1211674489,4.177726233,5,1,0
0.03407054739,1,4.392860969,5,0,0.8193160847
0.8472106896,1,1.973187397,3,0,0.007024963643
0.7006624095,1,1.068586811,5,0,0.005132652721
0.5787865149,0.3626374808,1.993193812,5,1,0
0.4738703192,1,2.284207586,1,0,0
0.3879722033,0.4288614864,3.186593898,5,1,0.05609347918
0.3737382534,1,1.41992465,1,0,0
0.3059910017,1,3.985446818,3,0,0.2413881436
0.4919123868,0.3478137829,2.874230393,1,1,0
0.4027437989,0.1153348739,3.508318999,5,1,0
0.3297387337,0.1049399405,4.95374002,3,1,0
0.2699672418,0.1863029025,2.42357873,3,1,0
0.2210304832,0.2456567463,4.375120749,5,1,0.01456243159
0.1955268855,0.4289038071,3.623187799,3,1,0
0.1600838742,1,3.937561867,1,0,0
0.1310655909,1,1.579962515,5,0,0.1259873464
0.2332947763,0.8656217898,2.591414297,1,1,0
0,1,1.111850439,3,0,0
0,0.8356342358,1.721098001,5,1,0.1095521033
0.1095521033,0.5299917661,4.669294137,1,1,0
0.08969367603,0.6740936461,4.631262327,3,1,0.1987068314
0.2721418024,0.6652842765,1.762544579,5,1,0.03140584292
0.2542167057,0.1883514998,3.441849879,5,1,0
0.2081350349,1,1.225449708,3,0,0
0.1704065539,1,2.030830623,3,0,0.04531620475
0.1848332909,0.194096503,1.925877912,1,1,0
0.1513286995,1,1.050338654,1,0,0
0.1238974601,1,3.533112089,3,0,0.2452796363
0.3467182971,0.417675241,3.771718968,3,1,0
0.2838689325,0.3607594741,2.898539226,5,1,0.008177408809
0.2405896337,0.3013754681,3.020077933,1,1,0
0.1969781319,1,2.110500794,1,0,0
0.1612720543,1,3.437811169,3,0,0.2228262585
0.354864649,0.4153455066,1.097754142,5,1,0
0.2905386013,0.2734761031,3.150633135,5,1,0
0.2378728878,0.1913680907,2.790011431,1,1,0
0.1947538486,1,1.376448697,1,0,0
0,0.9763771832,2.123994243,3,1,0.06107292749
0.06107292749,1,3.665671562,3,0,0.2815379721
0.331540256,0.9033493897,2.168360804,5,1,0.1602276964
0.4316698999,1,1.382363162,3,0,0
0.3534214223,1,2.243147086,3,0,0.05591098344
0.3452679706,1,1.594317263,5,0,0.09727963687
0.3799611425,0.3625526914,2.079525143,1,1,0
0.3110858723,0.5219249852,3.568598219,5,1,0.1485540966
0.4032496671,0.9042183703,4.211330605,1,1,0
0.3301529036,1,1.366102182,3,0,0
0.2703063354,0.5670090822,3.951680497,3,1,0.06282356691
0.2841316765,1,2.300232261,3,0,0.06803243097
0.3006597724,0.2050200237,3.617671798,5,1,0
0.2461594019,1,3.00076731,1,0,0
0.2015382725,1,4.796254943,3,0,0.3748284692
0.5398340509,1,4.496033444,1,0,0
0.441978739,1,1.302693582,1,0,0
0.3618615858,1,4.359611089,5,0,0.5359742231
0.8322414317,1,2.706785639,3,0,0.02617333043
0.7075549846,1,2.644187333,1,0,0
0,0.6161172569,3.193950803,1,1,0
0,1,2.99542861,5,0,0.4988571525
0.4988571525,1,2.546592297,1,0,0
0.4084296921,1,1.045795799,1,0,0
0.3343939494,1,4.648973401,3,0,0.2977562111
0.5715348211,0.8073558606,1.566673073,1,1,0
0.4679331345,1,4.92267777,1,0,0
0.3831112476,0.6907512575,1.903496218,5,1,0.0485556848
0.3622206451,0.5628260597,3.959380019,1,1,0
0.2965611815,1,4.006041004,1,0,0
0.2428037595,1,1.282339207,3,0,0
0.1987909048,0.1598243002,2.564202843,5,1,0
0.1627562272,1,1.080136598,5,0,0.01677346693
0.1500269954,0.2849995567,4.66348361,1,1,0
0.1228317149,1,1.961603561,5,0,0.2108720366
0.311438139,0.9099772585,3.224933129,1,1,0
0.2549839821,0.5874547426,1.991803609,3,1,0
0.2087632277,1,3.433346874,1,0,0
0.1709208746,0.1076213434,1.787282648,5,1,0
0.1399381764,1,4.993568299,3,0,0.4292011627
0,0.9262709725,4.264521239,1,1,0
0,1,2.871234299,3,0,0.1806851449
0.1806851449,1,2.405525693,5,0,0.28789202
0.4358245047,0.5818702827,3.710077103,3,1,0.04164604828
0.3984689732,0.7547631007,3.084501262,5,1,0.1997184873
0.5259572898,0.6017758604,1.9549739,5,1,0.02091193208
0.4515293401,0.2047129746,3.144010526,3,1,0
0.3696809566,0.02412928136,4.449015016,3,1,0
0.302669168,0.3361582311,4.05711861,5,1,0.06342813429
0.3112326902,1,2.506731872,5,0,0.2594469146
0.5142626894,0.1775727389,2.4144986,5,1,0
0.4210426789,1,3.827732701,5,0,0.4092841374
0.754004727,1,4.641281057,5,0,0.2239344819
0.8412613399,0.2547692053,3.238128773,5,1,0
0.6887665303,1,4.864201067,1,0,0
0.5639143401,1,1.280952665,1,0,0
0.4616940123,0.2349979916,1.897963259,5,1,0
0.3780030864,1,4.755786209,5,0,0.5840218575
0.8935046091,0.345789026,4.258112826,3,1,0
0.7315397015,1,4.130686472,5,0,0.2101162562
0,1,1.852918881,3,0,0.02793783216
0.02793783216,1,4.053423505,1,0,0
0.02287356237,0.8586709571,3.834744489,3,1,0.2383382947
0.2570655836,1,3.711306669,1,0,0
0.2104674989,0.02375977602,4.556910199,5,1,0
0.1723162139,0.01562656005,1.022212853,5,1,0
0.1410805835,0.08455647186,2.308802807,5,1,0
0.1155070124,1,1.61156797,3,0,0
0.09456914325,1,2.507904516,1,0,0
0.07742666587,1,2.113034434,3,0,0.06177104994
0.1251626424,0.117352015,3.77518296,1,1,0
0.1024745045,0.02816161409,1.642675565,3,1,0
0.08389902821,0.2603438319,3.125106978,1,1,0
0.06869071455,0.6851299454,2.688424015,3,1,0.02448223038
0.08072143084,0.6990560655,1.091376171,3,1,0
0.06608911786,0.1510073646,1.148952931,5,1,0
0.05410919324,1,4.128237816,5,0,0.7397428479
0.7840437084,1,2.082215058,3,0,0.01346104344
0.6553817393,0.6488606402,1.5934172,1,1,0
0.536581185,1,3.807025962,1,0,0
0,0.740141921,4.292249031,3,1,0.2265310164
0.2265310164,1,4.109593477,1,0,0
0.1854679097,1,2.340706088,3,0,0.08235401083
0.2342022922,1,3.100354415,5,0,0.4021116492
0.5938602683,1,4.627098206,1,0,0
0.4862116647,0.6002375861,2.480878127,1,1,0
0.3980764424,1,2.454810263,1,0,0
0.3259174255,1,1.153818044,1,0,0
0.2668386192,1,3.105985462,5,0,0.3860068023
0.6044757859,1,4.09548926,3,0,0.1440987221
0.6390016375,1,3.310162843,3,0,0.08899491425
0.6121652062,0.1135020934,1.403505061,5,1,0
0.5011984802,0.1052432051,3.28001529,3,1,0
0.4103466092,1,2.518206737,5,0,0.2238039377
0.559767326,1,3.01070099,3,0,0.0887531736
0.547051898,0.003314884999,2.269919738,3,1,0
0.4478882124,0.4647601032,3.609715435,1,1,0
0.3666998534,1,4.682189531,5,0,0.5829827924
0.8832112395,1,2.604598689,5,0,0.04684977298
0.7699619762,1,1.062825394,3,0,0
0,1,4.824911788,3,0,0.4737367682
0.4737367682,1,4.480017425,5,0,0.4578513042
0.8457141652,1,2.77367051,3,0,0.02561925182
0.7180314471,1,3.727815728,5,0,0.1922895633
0.7801639908,1,4.910986,1,0,0
0.6387442517,1,3.779782955,1,0,0
0.5229595622,1,3.663750786,3,0,0.1429034824
0.5710665586,1,2.917221572,1,0,0
0.4675497536,0.2944985296,2.303480969,5,1,0
0.3827973618,0.237248828,3.72785012,3,1,0
0.3134079723,1,1.742759927,5,0,0.127493261
0.3840900062,0.4675655234,4.562014754,5,1,0.1744627905
0.4889290905,1,1.586021439,5,0,0.07487462747
0.47517591,0.05154186186,3.971211139,1,1,0
0.3890411306,1,2.018306098,5,0,0.1555357857
0.4740557235,0.6742367671,3.779962002,1,1,0
0.3881239995,1,1.504536932,5,0,0.07717850999
0.3949475644,0.3000590658,1.077626231,1,1,0
0.3233557168,0.3179316826,1.707247024,5,1,0
0.2647412695,0.254523801,1.504536986,1,1,0
0,0.3894315957,2.925031931,5,1,0.03477496307
0.03477496307,0.1669907892,4.334635909,3,1,0
0.0284713317,1,2.069479779,5,0,0.2597575665
0.2830679213,1,1.528686668,3,0,0
0.2317564124,1,1.614556901,1,0,0
0.189746102,1,4.273597103,5,0,0.6631112032
0.8184621723,0.169598204,1.992141138,1,1,0
0.6701001507,1,4.936301023,3,0,0.1617977822
0.7104293832,1,2.55333361,5,0,0.1124499429
0.6941003268,1,4.223584833,3,0,0.1173240647
0.685605348,1,2.450649348,1,0,0
0.5613261829,1,1.162185141,1,0,0
0.4595750084,0.7975339539,2.155960634,1,1,0
0.3762681928,0.3417697514,3.991134264,3,1,0
0.3080623408,0.02199241726,3.616240541,5,1,0
0.2522201123,0.5623889072,3.807388032,3,1,0.05323065085
0.2597310133,1,3.861038868,5,0,0.529484586
0.7421343541,1,3.552057086,1,0,0
0.6076082186,0.6926154685,1.439365966,1,1,0
0.4974675344,0.1674665709,1.617594865,3,1,0
0,1,3.300952597,1,0,0
0,1,4.970520493,5,0,0.9926301233
0.9926301233,1,4.185967884,1,0,0
0.8126968084,0.7203729161,2.967916718,1,1,0
0.66537987,0.4094059379,4.934726442,5,1,0.08535375727
0.6301207193,0.3687266413,1.496433846,1,1,0
0.515899211,0.7960860203,2.45560495,1,1,0
0.4223825496,0.848718849,3.109359881,3,1,0.08424310852
0.4300606914,1,1.00963626,5,0,0.001373020826
0.3534769346,0.8360343683,1.895492327,1,1,0
0.2894024368,1,2.514270984,5,0,0.2690093178
0.5059519928,1,1.139542396,5,0,0.01723516066
0.4314736168,1,1.547990917,5,0,0.07788682352
0.4311475427,0.224866024,2.312870134,5,1,0
0.3529937523,1,2.547568732,5,0,0.2503216596
0.5393285003,1,4.667444907,3,0,0.2073559519
0.6489207811,1,4.640302603,1,0,0
0.5312913998,0.1869474912,3.201006449,1,1,0
0.4349846078,1,3.675629684,5,0,0.3779429888
0.7340782643,1,1.61036762,5,0,0.04057750423
0,0.7330665121,1.506275221,5,1,0.02604998055
0.02604998055,1,4.272175866,5,0,0.7967339371
0.8180618573,1,4.774613624,1,0,0
0.6697724005,1,3.618350756,1,0,0
0.5483632618,0.4525778207,4.924052504,1,1,0
0.4489618663,0.3059955229,4.34813669,1,1,0
0.3675788869,1,4.264027509,5,0,0.5160599776
0.8170081165,1,1.298614364,1,0,0
0.6689096705,0.2813399907,1.293283729,1,1,0
0.5476569182,1,2.861912534,5,0,0.2105558134
0.6589393745,1,1.641324692,3,0,0
0.5394939303,1,4.507539248,1,0,0
0.4417002718,1,3.895353788,3,0,0.1866413121
0.5482749083,1,4.798288946,1,0,0
0.4488895286,0.6310564109,3.750164408,1,1,0
0.3675196618,1,2.356090881,5,0,0.2144252048
0.5153248543,1,1.08757722,3,0,0
0.421912306,0.2597202473,1.842299878,5,1,0
0.34543258,1,4.80922973,5,0,0.6233494191
0.9061656955,0.1283335227,4.262515426,5,1,0
0,0.3316506952,4.890812122,3,1,0
0,1,1.987939094,3,0,0.04819086408
0.04819086408,0.1977685008,3.393824174,1,1,0
0.03945534244,1,1.543698102,5,0,0.1305615767
0.162864879,1,2.403799221,3,0,0.09256193248
0.2259044175,0.4284947736,1.318858505,3,1,0
0.1849548938,1,4.956457729,5,0,0.8061728775
0.957601137,0.6234105034,1.716027705,1,1,0
0.7840175001,0.1384586917,4.886755534,5,1,0
0.6418992382,0.4450620677,1.840104476,3,1,0
0.5255426467,1,1.421076513,3,0,0
0.4302779269,0.6068486764,3.612698042,3,1,0.04492495193
0.3972067231,0.64592605,2.11948419,3,1,0
0.3252053595,0.470985772,2.348634216,5,1,0.01791129334
0.2841669222,1,1.24751782,3,0,0
0.2326561982,1,4.875233556,1,0,0
0.1904827844,1,1.049870649,1,0,0
0.1559541135,0.7392933872,2.540585923,1,1,0
0.1276844288,0.2966790741,4.331600404,3,1,0
0.1045391686,0.5512772382,2.002599643,3,1,0
0,1,1.075796695,1,0,0
0,1,3.004936101,3,0,0.2007404152
0.2007404152,1,1.90455541,1,0,0
0.1643523513,0.1193201442,1.843150705,1,1,0
0.1345603244,1,3.844493751,1,0,0
0.1101686757,1,2.565979804,1,0,0
0.09019848282,0.1413700651,2.948402957,1,1,0
0.07384827177,1,3.910032598,1,0,0
0.06046185116,1,1.231842907,1,0,0
0.04950197693,0.2323913739,3.448552489,5,1,0
0.04052879085,0.3802787988,1.845324744,5,1,0
0.03318216746,0.1629244252,4.461147509,5,1,0
0.02716726095,0.6872083315,1.39439706,3,1,0
0.02224267202,0.1728547032,3.478785768,5,1,0
0.01821075961,1,3.30961357,1,0,0
0.01490970893,1,4.648377708,3,0,0.4405881897
0.4527952269,1,1.520983658,5,0,0.07127118612
0.4419885632,1,2.850828733,5,0,0.2581959001
0.6200655293,1,3.334218195,3,0,0.09503404611
0.6027007639,0.3968397003,2.399564477,1,1,0
